<?xml version="1.0" encoding="UTF-8"?>
<Configs Language="1">
	<MatchAnalysisInfos>
		<MatchAnalysisInfo MOSP="4097" MTSP="4098" Code="4097" CHName="主被叫配对" Name="Voice Match" CHDescription="主被叫配对分析项"/>
		<MatchAnalysisInfo MOSP="4099" MTSP="4100" Code="4098" CHName="VP配对" Name="VP Match" CHDescription="VP配对分析项"/>
		<MatchAnalysisInfo MOSP="1281" MTSP="1282" Code="4100" CHName="短信配对" Name="SMS Match" CHDescription="短信配对分析项"/>
		<MatchAnalysisInfo MOSP="10" MTSP="11" Code="4101" CHName="彩信配对" Name="MMS Match" CHDescription="彩信配对分析项"/>
		<MatchAnalysisInfo MOSP="23" MTSP="24" Code="4106" CHName="微博配对" Name="MicroBlog Match" CHDescription="微博配对分析项"/>
		<MatchAnalysisInfo MOSP="25" MTSP="26" Code="4107" CHName="QQ配对" Name="QQ Match" CHDescription="QQ配对分析项"/>
		<MatchAnalysisInfo MOSP="4352" MTSP="4353" Code="4108" CHName="QChat配对" Name="QChat Match" CHDescription="QChat配对分析项"/>
		<MatchAnalysisInfo MOSP="29" MTSP="30" Code="4110" CHName="VOIP配对" Name="VOIP Match" CHDescription="VOIP配对分析项"/>
	</MatchAnalysisInfos>
	<BSStatInfos>
		<!--SuportType由低到高的三位分别是详情, ByLog, Summary, 为1时支持, 为0时不支持, 第四位为0表示业务统计指标, 否则不是, 第五位为1表示基础统计指标, 否则不是-->
		<BSStatInfo SuportType="6" ENName="Business Count" CHName="业务次数" Name="BusinessCount" CHDescription="业务次数包含：请求次数,成功次数,失败次数,掉线次数等,可以根据不同的类型,返回不同的结果."/>
		<BSStatInfo SuportType="6" ENName="Success Rate" CHName="成功率" Name="SuccessRate" CHDescription="成功次数除以尝试次数"/>
		<BSStatInfo SuportType="6" ENName="Failed Rate" CHName="失败率" Name="FailureRate" CHDescription="失败次数除以尝试次数"/>
		<BSStatInfo SuportType="6" ENName="Droped Rate" CHName="掉线率" Name="DroppedRate" CHDescription="分子是掉线次数,分母是成功次数加掉线次数"/>
		<BSStatInfo SuportType="7" ENName="Delay" CHName="业务时延" Name="BusinessDelay" CHDescription="通常指业务尝试和业务成功之间的时间差,也可以是其它两事件之间的时间差,具体算法要看时延类型定义."/>
		<BSStatInfo SuportType="7" ENName="Transfer Size" CHName="传输大小" Name="TransferSize" CHDescription="数据业务相关指标,比如FTP/HTTP的下载上传大小等,单位是KByte"/>
		<BSStatInfo SuportType="7" ENName="Transfer Time" CHName="传输时长" Name="TransferTime" CHDescription="数据业务相关指标,比如FTP/HTTP的下载上传时长等,单位是秒"/>
		<BSStatInfo SuportType="7" ENName="Transfer Speed" CHName="传输速率" Name="TransferRate" CHDescription="数据业务相关指标, 是传输大小与传输时长的比值, 单位是KBps"/>
		<BSStatInfo SuportType="6" ENName="Transfer Dropped Rate" CHName="传输掉线比" Name="TransferDroppedRate" CHDescription="传输大小与掉线次数的比值"/>
		<BSStatInfo SuportType="1" ENName="Source IP Address" CHName="源IP地址" Name="SourceIPAddress"/>
		<BSStatInfo SuportType="1" ENName="Dest IP Address" CHName="目标IP地址" Name="DestIPAddress"/>
		<BSStatInfo SuportType="1" ENName="Result" CHName="结果" Name="BusinessResult" CHDescription="业务的判定结果，如：成功、失败、掉线、抛掉等"/>
		<BSStatInfo SuportType="1" ENName="Reason" CHName="原因" Name="BusinessReason" CHDescription="输出判定业务异常的原因"/>
		<BSStatInfo SuportType="1" ENName="Business Name" CHName="业务名称" Name="BusinessName"/>
		<BSStatInfo SuportType="23" ENName="Empty" CHName="空格" Name="Empty" CHDescription="占位符，用来控制其它指标输出位置，本身不输出内容."/>
		<BSStatInfo SuportType="19" ENName="Index" CHName="序号" Name="Index" CHDescription="Bylog或Detail模式输出时的记录序号"/>
		<BSStatInfo SuportType="23" ENName="File Name" CHName="文件名" Name="Log"/>
		<BSStatInfo SuportType="30" ENName="Test Time" CHName="测试总时长" Name="TestTotalTime" CHDescription="测试Log的总时长，单位：秒"/>
		<BSStatInfo SuportType="30" ENName="Test Mileage" CHName="测试总里程" Name="TestTotalMileage" CHDescription="测试Log的总里程，单位：米"/>
		<BSStatInfo SuportType="30" ENName="Out Of Service Time" CHName="脱网时长" Name="OutOfServiceTime" CHDescription="脱网状态所持续的时长。"/>
		<BSStatInfo SuportType="30" ENName="Out Of Service Mileage" CHName="脱网里程" Name="OutOfServiceMileage" CHDescription="脱网状态所持续的里程。"/>
		<BSStatInfo SuportType="30" ENName="Start Time" CHName="开始时间" Name="StartTime" CHDescription="数据第一个采样点的时间值。"/>
		<BSStatInfo SuportType="30" ENName="End Time" CHName="结束时间" Name="EndTime" CHDescription="数据最后一个采样点的时间值。"/>
	</BSStatInfos>
	<DelayTypes>
		<DelayItem Code="1" CHName="总时长" Name="DuringTime" CHDescription="业务最后一个事件的时间减去第一个事件的时间差，单位：秒"/>
		<DelayItem Code="2" CHName="统计时长" Name="StatisticsDuringTime" CHDescription="统计规则(A/B算法)下的最后一个事件的时间减去第一个事件的时间"/>
		<DelayItem Code="3" CHName="呼叫建立时延" Name="Voice Setup Time" CHDescription="如果有Alerting，则为Attempt到Altering的时间；否则，为Attempt到Connect的时间"/>
		<DelayItem Code="4" CHName="PDP时延" Name="PDP Delay" CHDescription="在Dial start和Dial success之间找离Dial Success最近的PDPActive，找到则返回PDPActive的时延"/>
		<DelayItem Code="5" CHName="HSPA接入时延" Name="HSPA Access Delay" CHDescription="在Dial start和Dial success之间找离Dial Start最近的PDPActiveMsg业务，找到则返回PDPActiveMsg的业务时延"/>
		<DelayItem Code="6" CHName="呼叫接入时延" Name="Voice Access Delay" CHDescription="如果是CDMA网络，则为Attempt到Connect的时延；如果非CDMA网络，则为Attempt到Alerting的时延"/>
		<DelayItem Code="7" CHName="视频流接入时延" Name="VS Access Delay" CHDescription="如果是新版本的事件，则为该事件的AccessDelay(也就是NewVideoStream_Request-NewVideoStream_FirstData) 如果是旧版本，则为Stream_first_data_packet的STRMAccessTime"/>
		<DelayItem Code="8" CHName="视频电话建立时延" Name="VP Setup Delay" CHDescription="语音起呼事件到Start_video_data的时间"/>
		<DelayItem Code="9" CHName="视频电话第一视频帧时延" Name="VP First Video Frame Delay" CHDescription="Video_H245_Setup到Start_video_data的时间"/>
		<DelayItem Code="10" CHName="视频电话接入时延" Name="VP Video Access Delay" CHDescription="Alerting或Connect到Start_video_data的时间"/>
		<DelayItem Code="11" CHName="短信发送时延" Name="SMS Send Delay" CHDescription="SMS_Send_Success的Delay"/>
		<DelayItem Code="12" CHName="短信接收时延" Name="SMS Receive Delay" CHDescription="SMS_Recv_Success的Delay"/>
		<DelayItem Code="13" CHName="短信端到端总体时延" Name="SMS EndToEnd Total Delay" CHDescription="短信发送第一个事件到短信接收最后一个事件的时间"/>
		<DelayItem Code="14" CHName="彩信发送时延" Name="MMS Send Delay" CHDescription="如果发送成功，则为成功事件中的时延；否则为失败时间的时延"/>
		<DelayItem Code="15" CHName="彩信Push时延" Name="MMS Push Delay" CHDescription="MMS_MNotification_Ind的delay"/>
		<DelayItem Code="16" CHName="彩信接收时延" Name="MMS Receive Delay" CHDescription="如果接收成功，则为成功事件中的时延；否则为失败时间的时延"/>
		<DelayItem Code="17" CHName="彩信端到端总体时延" Name="MMS EndToEnd Total Delay" CHDescription="彩信发送时延+彩信PUSH时延+彩信接收时延"/>
		<DelayItem Code="22" CHName="虚拟软切换时延" Name="VirtualSoftHandOver Delay"/>
		<DelayItem Code="23" CHName="视频流播放时长" Name="VS Play Delay" CHDescription="Stream_End或Stream_Drop的的时间"/>
		<DelayItem Code="24" CHName="Wap登录时延" Name="Wap Login Delay" CHDescription="PDP激活时间+网关连接时间+页面响应时间"/>
		<DelayItem Code="25" CHName="视频流复制开始时延" Name="VS Reproduction Start Delay" CHDescription="NewVideoStream_ReproductionStart的ReproductionDelay,或 Stream_reproduction_starts的Delay"/>
		<DelayItem Code="26" CHName="视频流复制时延" Name="VS Reproduction Delay" CHDescription="Stream_reproduction_end事件的Delay"/>
		<DelayItem Code="27" CHName="QChat初始呼叫时延" Name="QChat Init Delay" CHDescription="QChatInitAttempt到QChatInitSuccess的时间"/>
		<DelayItem Code="28" CHName="视频电话第一音频帧时延" Name="VP First Audio Frame Delay" CHDescription="Video_H245_Setup到Start_audio_data的时间"/>
		<DelayItem Code="30" CHName="QChat主叫连接时延" Name="QChat MO Connect Delay" CHDescription="QChat_MO_ConnectRequest到QChat_MO_AC_Ack的时间"/>
		<DelayItem Code="31" CHName="QChat主叫前向捕获时延" Name="QChat MO Forward Acquire Delay" CHDescription="QChat_MO_AC_Ack到QChat_MO_TrafficChannelAssign的时间"/>
		<DelayItem Code="32" CHName="QChat主叫反向捕获时延" Name="QChat MO Reversed Acquire Delay" CHDescription="QChat_MO_TrafficChannelAssign到QChat_MO_RTC_Ack的时间"/>
		<DelayItem Code="33" CHName="QChat被叫连接时延" Name="QChat MT Connect Delay" CHDescription="QChat_MT_Page到QChat_MT_AC_Ack的时间"/>
		<DelayItem Code="34" CHName="QChat被叫前向捕获时延" Name="QChat MT Forward Acquire Delay" CHDescription="QChat_MT_AC_Ack到QChat_MT_TrafficChannelAssign的时间"/>
		<DelayItem Code="35" CHName="QChat被叫反向捕获时延" Name="QChat MT Reversed Acquire Delay" CHDescription="QChat_MT_TrafficChannelAssign到QChat_MT_RTC_Ack的时间"/>
		<DelayItem Code="36" CHName="voip登录服务器时延" Name="VOIP Login Delay" CHDescription="主叫：Voip_OutgoingLoginSuccess的Delay &#xA;被叫：Voip_IncomingLoginSuccess的Delay"/>
		<DelayItem Code="37" CHName="Voip第一音频帧时延" Name="VOIP First Audio Delay" CHDescription="Voip_ReceiveAudioFirstPackage的Delay"/>
		<DelayItem Code="38" CHName="Voip第一视频帧时延" Name="VOIP First Video Delay" CHDescription="Voip_ReceiveVideoFirstPackage的Delay"/>
		<DelayItem Code="39" CHName="voip接收音频包时延" Name="VOIP Receive Audio Delay" CHDescription="Voip Finish(或Drop) 时间-Voip Receive Audio First Package 时间"/>
		<DelayItem Code="40" CHName="voip接收视频包时延" Name="VOIP Receive Video Delay" CHDescription="Voip Finish(或Drop) 时间-Voip Receive Video First Package 时间"/>
		<DelayItem Code="41" CHName="voip发送音频包时延" Name="VOIP Send Audio Delay" CHDescription="Voip Finish(或Drop) 时间-Voip Send Audio Start 时间"/>
		<DelayItem Code="42" CHName="voip发送视频包时延" Name="VOIP Send Video Delay" CHDescription="Voip Finish(或Drop) 时间-Voip Send Video Start 时间"/>
		<DelayItem Code="43" CHName="SpeedTest中的ping时延" Name="SpeedTest Ping Delay" CHDescription="SpeedTest_Ping_Success的Delay"/>
		<DelayItem Code="44" CHName="Facebook登录时延" Name="Facebook Login Delay" CHDescription="Facebook_LoginStart到Facebook_LoginSuccess的时间"/>
		<DelayItem Code="45" CHName="CSFB建立时延" Name="CSFB Setup Delay" CHDescription="主叫：MO_Alerting-MO_CSFB_Request &#xA;被叫：MT_Alterting-MT_CSFB_Request"/>
		<DelayItem Code="46" CHName="CSFB呼叫时延" Name="CSFB Called Delay" CHDescription="主叫：MO_CSFB_Proceeding-MO_CSFB_RRCRelease &#xA;被叫：MT_CSFB_Proceeding-MT_CSFB_Request"/>
		<DelayItem Code="47" CHName="CSFB注册时延" Name="CSFB Regist Delay" CHDescription="主叫：MO_Attempt-MO_CSFB_RRCRelease &#xA;被叫：MT_CSFB_Proceeding-MT_CSFB_RRCRelease"/>
		<DelayItem Code="48" CHName="CSFB Coverage建立时延" Name="CSFB Coverage Delay" CHDescription="主叫：MO_CSFB_Coverage-MO_CSFB_Request &#xA;被叫：MT_CSFB_Coverage-MT_CSFB_Request"/>
		<DelayItem Code="49" CHName="中国移动规范的呼叫建立时延" Name="ChinaMobile Voice Setup" CHDescription="非CSFB，起呼到Alerting之间时间差;&#xA;CSFB，ExtendServiceRequest到Alerting时间差"/>
		<DelayItem Code="50" Name="Request To RRC Release" CHDescription="LTE ExtendService Request到LTE RRC Release之间的时延"/>
		<DelayItem Code="256" CHName="主被叫呼叫建立时延" Name="MOMT Setup Delay"/>
		<DelayItem Code="257" CHName="主被叫寻呼时延" Name="MOMT Paging Delay" CHDescription="CDMA:MT_Attempt-MO_Connect &#xA;非CDMA:MT_Attempt-MO_Attempt"/>
		<DelayItem Code="258" CHName="视频电话主被叫建立时延（端到端时延）" Name="VP MOMT Setup Delay" CHDescription="主叫的视频建立时延(Common_SP_Delay_Type_VP_Setup)"/>
		<DelayItem Code="259" CHName="QChat主被叫寻呼时延" Name="QChat MOMT Paging Delay" CHDescription="QChat_MO_PageRequest到QChat_MT_Page的时间差"/>
		<DelayItem Code="336" CHName="微博发评时延" Name="MicroBlog SendMsg Delay" CHDescription="MicroBlogCallerSendMsgStart到MicroBlogCallerRcvNormalComment的时间差"/>
		<DelayItem Code="337" CHName="QQ消息发送时延" Name="QQ SendMsg Delay" CHDescription="QQCallerSendMsg到QQCallerRcvReplySuccess的时间差"/>
		<DelayItem Code="338" CHName="HttpPage 登录(刷新)时延" Name="Http Page Delay" CHDescription="成功：1）A算法HttpPageLastDatat的TransmitTime 2）B算法HttpPageLastDatat的ConnectTime &#xA;失败：HttpPageDrop的Timeout &#xA;单位：秒"/>
		<DelayItem Code="340" CHName="微博发评时延，收评论事件中的时延" Name="MicroBlog Send Msg" CHDescription="如果有MicroBlogCallerRcvNormalComment，则用该事件的Delay;如果有MicroBlogCallerRcvUnNormalComment，则用该事件的Delay"/>
		<DelayItem Code="512" CHName="23G切换时延" Name="23GHandover Delay" CHDescription="切换到GSM的请求点为起点，重选回W(TD)的结束点为终点"/>
		<DelayItem Code="592" CHName="LTE时延测试DisconnectToDetach时延" Name="DelayTest DisconnectToDetach Delay" CHDescription="TDDLTE_Disconnect业务的第一个事件到 TDDLTE_Detach业务的最后一个事件"/>
		<DelayItem Code="593" CHName="LTE时延测试DetachToAttach时延" Name="DelayTest DetachToAttach Delay" CHDescription="TDDLTE_Detach业务的第一个事件到TDDLTE_Attach业务的最后一个事件"/>
		<DelayItem Code="594" CHName="LTE时延测试AttachToConnect时延" Name="DelayTest AttachToConnect Delay" CHDescription="TDDLTE_Attach业务的第一个事件到TDDLTE_Connect业务的最后一个事件"/>
		<DelayItem Code="595" CHName="LTE时延测试DisconnectToConnect时延" Name="DelayTest DisconnectToConnect Delay" CHDescription="TDDLTE_Disconnect业务的第一个事件到TDDLTE_Connect业务的最后一个事件"/>
		<DelayItem Code="596" CHName="LTE上行中断时延" Name="LTE UL Interrupt Delay" CHDescription="从由于切换导致UE 在原服务小区上行速率为零到终端在目标服务小区重现恢复业务速率的时间"/>
		<DelayItem Code="597" CHName="LTE下行中断时延" Name="LTE DL Interrupt Delay" CHDescription="从由于切换导致UE 在原服务小区下行速率为零到终端在目标服务小区重现恢复业务速率的时间"/>
		<DelayItem Code="768" CHName="34G重选请求到第一条系统消息的时延" Name="34GReselect To FirstSysInfo Delay" CHDescription="重选请求到第一条系统消息的时延"/>
		<DelayItem Code="769" Name="34GReselect FirstSysInfo To FirstRRC Delay" CHDescription="第一条系统消息到第一条RRC Connection Request的时延"/>
		<DelayItem Code="770" Name="34GReselect FirstRRC To FirstRAUAccept Delay" CHDescription="第一条RRC Connection Request到第一条RAU（或TAU）Accept的时延"/>
		<DelayItem Code="771" Name="34GReselect To RAUAccept Delay" CHDescription="请求到第一条RAU(TAU) Accept的时延"/>
	</DelayTypes>
	<BSResultTypes>
		<BSResultItem SurportConfig="True" Code="-1" CHName="全部" Name="All"/>
		<BSResultItem SurportConfig="True" Code="-2" CHName="除去抛掉的业务" Name="Except Abandon" CHDescription="包括成功、失败、掉话(线)"/>
		<BSResultItem SurportConfig="True" Code="1" CHName="成功的业务" Name="Success"/>
		<BSResultItem SurportConfig="True" Code="2" CHName="掉话(线)的业务" Name="Dropped"/>
		<BSResultItem SurportConfig="True" Code="4" CHName="失败的业务" Name="Failure"/>
		<BSResultItem SurportConfig="True" Code="3" CHName="抛掉的业务" Name="Thrown"/>
		<BSResultItem SurportConfig="True" Code="5" CHName="未接通的语音" Name="Block"/>
		<BSResultItem SurportConfig="True" Code="-3" CHName="异常业务" Name="Exception" CHDescription="结果异常，如掉话(线)，未接通等"/>
		<BSResultItem SurportConfig="True" Code="-4" CHName="含掉话(线)的业务" Name="Include Drop"/>
		<BSResultItem SurportConfig="False" Name="Deeling"/>
		<BSResultItem SurportConfig="False" Code="8" Name="Connect Failure"/>
		<BSResultItem SurportConfig="False" Code="10" Name="Video Block"/>
		<BSResultItem SurportConfig="False" Code="11" Name="Video Dropped"/>
		<BSResultItem SurportConfig="False" Code="13" Name="Send Message Error"/>
		<BSResultItem SurportConfig="False" Code="14" Name="Rcv Comment Error"/>
		<BSResultItem SurportConfig="False" Code="15" Name="Rcv Message Error"/>
		<BSResultItem SurportConfig="False" Code="16" Name="Repost Message Error"/>
		<BSResultItem SurportConfig="False" Code="17" Name="Send Comment Error"/>
		<BSResultItem SurportConfig="False" Code="18" Name="Time out"/>
		<BSResultItem SurportConfig="False" Code="19" Name="Rcv Error Reply"/>
	</BSResultTypes>
	<StatModes>
		<Type Name="Coverages">
			<StatMode Name="TotalSample" CHName="总采样点" CHDescription="参与覆盖率计算的总采样点数。"/>
			<StatMode Name="CoverageSample" CHName="覆盖采样点" CHDescription="满足覆盖条件的采样点数。"/>
			<StatMode Name="SampleCoverageRate" CHName="采样点覆盖率" CHDescription="满足覆盖率条件的采样点数与总采样点的比例。"/>
			<StatMode Name="DiscoverageSample" CHName="不满足覆盖条件的采样点数" CHDescription="覆盖率分析结果中不满足覆盖条件的采样点个数。"/>
			<StatMode Name="OutOfServiceSample" CHName="脱网补偿采样点" CHDescription="覆盖率分析结果中脱网补偿的采样点个数。"/>
			<StatMode Name="OtherOperatorSample" CHName="其他运营商网络的采样点" CHDescription="数据中占用其它运营商网络的采样点个数。"/>
			<StatMode Name="TotalMileage" CHName="总里程" CHDescription="覆盖率分析的总里程。"/>
			<StatMode Name="CoverageMileage" CHName="覆盖里程" CHDescription="满足覆盖条件的数据里程。"/>
			<StatMode Name="MileageCoverageRate" CHName="里程覆盖率" CHDescription="覆盖里程与总里程的占比。"/>
			<StatMode Name="TotalTime" CHName="总时长" CHDescription="覆盖率分析的总时长。"/>
			<StatMode Name="CoverageTime" CHName="覆盖时长" CHDescription="满足覆盖条件的时长。"/>
			<StatMode Name="TimeCoverageRate" CHName="时长覆盖率" CHDescription="覆盖时长与总时长的占比。"/>
			<StatMode Name="CoverageOOSMileage" CHName="脱网里程" CHDescription="脱网状态下的里程。"/>
			<StatMode Name="DisCovMainSample" CHName="不满足主字段条件的采样点个数" CHDescription="无覆盖采样点中，不满足主字段条件的采样点个数；"/>
			<StatMode Name="DisCovSub1Sample" CHName="不满足第一个辅字段条件的采样点个数" CHDescription="无覆盖采样点中，不满足第一个辅字段条件的采样点个数；"/>
			<StatMode Name="DisCovSub2Sample" CHName="不满足第二个辅字段条件的采样点个数" CHDescription="无覆盖采样点中，不满足第二个辅字段条件的采样点个数；"/>
			<StatMode Name="DisCovSub3Sample" CHName="不满足第三个辅字段条件的采样点个数" CHDescription="无覆盖采样点中，不满足第三个辅字段条件的采样点个数；"/>
			<StatMode Name="DisCovSub4Sample" CHName="不满足第四个辅字段条件的采样点个数" CHDescription="无覆盖采样点中，不满足第四个辅字段条件的采样点个数；"/>
			<StatMode Name="DisCovSub5Sample" CHName="不满足第五个辅字段条件的采样点个数" CHDescription="无覆盖采样点中，不满足第五个辅字段条件的采样点个数；"/>
		</Type>
		<Type Name="QualityPoors">
			<StatMode Name="QPMileage" CHName="质差里程" CHDescription="满足质差条件的里程。"/>
			<StatMode Name="QPTotalMileage" CHName="总里程" CHDescription="参与质差分析的总里程。"/>
			<StatMode Name="QPMileageRate" CHName="质差里程占比" CHDescription="质差里程与总里程的比例。"/>
			<StatMode Name="QPTime" CHName="质差时长" CHDescription="满足质差条件的时长。"/>
			<StatMode Name="QPTotalTime" CHName="总时长" CHDescription="参与质差分析的数据总时长。"/>
			<StatMode Name="QPTimeRate" CHName="质差时长占比" CHDescription="质差时长与总时长的比例。"/>
			<StatMode Name="QPSample" CHName="质差采样点" CHDescription="满足质差条件的采样点个数。"/>
			<StatMode Name="QPTotalSample" CHName="总采样点" CHDescription="参与质差分析的数据总采样点。"/>
			<StatMode Name="QPSampleRate" CHName="质差采样点占比" CHDescription="质差采样点与总采样点的比例。"/>
			<StatMode Name="QPSection" CHName="质差段数" CHDescription="满足质差定义的段数。"/>
			<StatMode Name="QPTotalSection" CHName="总段数" CHDescription="参与质差分析的数据总段数。"/>
			<StatMode Name="QPSectionRate" CHName="质差段数占比" CHDescription="质差段数与总段数的比例。"/>
		</Type>
		<Type Name="OverlapCovers">
			<StatMode Name="OlSample" CHName="重叠覆盖点数" CHDescription="满足重叠覆盖条件的采样点数。"/>
			<StatMode Name="OlTotalSample" CHName="重叠覆盖总采样点数" CHDescription="参与重叠覆盖分析的总采样点数。"/>
			<StatMode Name="OlMileage" CHName="重叠覆盖里程" CHDescription="满足重叠覆盖的总里程数。"/>
			<StatMode Name="OlTime" CHName="重叠覆盖时长" CHDescription="满足重叠覆盖的总时长。"/>
			<StatMode Name="OlTotalMileage" CHName="测试总里程" CHDescription="参与重叠覆盖分析数据的总里程。"/>
			<StatMode Name="OlTotalTime" CHName="测试总时长" CHDescription="参与重叠覆盖分析数据的总时长。"/>
			<StatMode Name="Cdf" CHName="累计占比" CHDescription="累计占比"/>
			<StatMode Name="Pdf" CHName="占比" CHDescription="占比"/>
		</Type>
		<Type Name="Mod3s">
			<StatMode Name="Mod3Sample" CHName="Mod3采样点个数" CHDescription="满足Mod3条件的采样点个数。"/>
			<StatMode Name="Mod6Sample" CHName="Mod6采样点个数" CHDescription="满足Mod6条件的采样点个数。"/>
			<StatMode Name="Mod30Sample" CHName="Mod30采样点个数" CHDescription="满足Mod30条件的采样点个数。"/>
			<StatMode Name="ModTotalSample" CHName="Mod计算的采样点总个数" CHDescription="参与Mod计算的采样点总个数。"/>
		</Type>
	</StatModes>
	<CommondInfos>
		<CommondInfo Code="6" CHName="CSFB两次切换间参数指标统计主叫" Name="CMCC_1311HZTest_HOParamStatMO" Assembly="DingLi.Report.CommondStatistic.dll" Class="DingLi.Report.CommondStatistic.CMCC_1311HZTest_HOParamStat_MultiData" Method="CMCC_1311HZTest_HOParamStatMO"/>
		<CommondInfo Code="7" CHName="CSFB两次切换间参数指标统计被叫" Name="CMCC_1311HZTest_HOParamStatMT" Assembly="DingLi.Report.CommondStatistic.dll" Class="DingLi.Report.CommondStatistic.CMCC_1311HZTest_HOParamStat_MultiData" Method="CMCC_1311HZTest_HOParamStatMT"/>
	</CommondInfos>
	<BSReasons>
		<Common>
			<Reason Code="2" Value="Timeout"/>
			<Reason Code="3" Value="Event Lost"/>
			<Reason Code="5" Value="User Stop"/>
			<Reason Code="6" Value="Drop Mode"/>
			<Reason Code="17" Value="Event Lost"/>
			<Reason Code="18" Value="Device Lost"/>
			<Reason Code="19" Value="Event Failure"/>
			<Reason Code="20" Value="Dropped"/>
			<Reason Code="21" Value="User Stop"/>
			<Reason Code="22" Value="Message Lost"/>
			<Reason Code="23" Value="Drop Mode"/>
			<Reason Code="25" Value="Stop Log"/>
			<Reason Code="32" Value="Point Index Invalid"/>
			<Reason Code="43" Value="IMSI Detach Indication"/>
			<Reason Code="44" Value="Video setup timeout"/>
			<Reason Code="45" Value="H245 setup timeout"/>
			<Reason Code="48" Value="Attempt Later than Hangup"/>
			<Reason Code="75" Value="MO No Response"/>
			<Reason Code="49" Value="MT No Response"/>
			<Reason Code="50" Value="Connect too late"/>
			<Reason Code="51" Value="MO Blocked"/>
			<Reason Code="52" Value="MT Blocked"/>
			<Reason Code="53" Value="MO Dropped"/>
			<Reason Code="54" Value="MT Dropped"/>
			<Reason Code="55" Value="Receive Message not finded"/>
			<Reason Code="56" Value="Push Message not finded"/>
			<Reason Code="57" Value="MT NO Message"/>
			<Reason Code="58" Value="Disconnect Early"/>
			<Reason Code="47" Value="PPP Drop"/>
			<Reason Code="46" Value="No Data"/>
			<Reason Code="59" Value="DSP Error"/>
			<Reason Code="60" Value="MT Rcv CPData"/>
			<Reason Code="61" Value="Poor Coverage"/>
			<Reason Code="62" Value="Interference"/>
			<Reason Code="63" Value="Uplink Failure"/>
			<Reason Code="64" Value="Pilot Pollution"/>
			<Reason Code="72" Value="Handover Failure"/>
			<Reason Code="9" Value="not find PDP Deactive"/>
			<Reason Code="76" Value="Socket connect failure"/>
			<Reason Code="77" Value="MT Busy"/>
			<Reason Code="78" Value="MO Connect timeout(15 s)"/>
			<Reason Code="79" Value="MT Connect timeout(15 s)"/>
			<Reason Code="80" Value="Unassigned (unallocated) number"/>
			<Reason Code="81" Value="Operator determined barring"/>
			<Reason Code="82" Value="User busy"/>
			<Reason Code="83" Value="User alerting, no answer"/>
			<Reason Code="84" Value="Call rejected"/>
			<Reason Code="85" Value="Invalid number format (incomplete number)"/>
		</Common>
		<Facebook SPId="34">
			<Reason Code="0" Value="Login"/>
			<Reason Code="1" Value="Blog Send"/>
			<Reason Code="2" Value="Blog Receive"/>
			<Reason Code="3" Value="Comment Send"/>
			<Reason Code="4" Value="Comment Receive"/>
			<Reason Code="5" Value="Upload"/>
			<Reason Code="6" Value="Message Login"/>
			<Reason Code="7" Value="Message Send"/>
			<Reason Code="8" Value="Message Receive"/>
		</Facebook>
		<Lookup SPId="33">
			<Reason Code="1000" Value="Unknown error"/>
			<Reason Code="1001" Value="nodata timeout"/>
			<Reason Code="1002" Value="user stop"/>
			<Reason Code="1003" Value="Connect timeout"/>
			<Reason Code="1010" Value="file not exist"/>
			<Reason Code="1011" Value="file size zero"/>
			<Reason Code="1012" Value="file open failed"/>
			<Reason Code="1020" Value="ftp cmd resp failed"/>
			<Reason Code="1030" Value="email stream error"/>
			<Reason Code="1031" Value="email not exist"/>
			<Reason Code="1032" Value="email size zero"/>
			<Reason Code="1033" Value="email select error"/>
			<Reason Code="1040" Value="Host no found"/>
		</Lookup>
	</BSReasons>
</Configs>
