<?xml version="1.0" encoding="utf-8" ?>
<Configs>
  <Elements>
    <Element Name ="ReportElement" Assembly="DingLi.Report.CustomTemplateReport" Class="DingLi.Report.CustomTemplate.ReportElement"/>
    <Element Name ="Parameter" Assembly="DingLi.Report.CustomTemplateReport" Class="DingLi.Report.CustomTemplate.Parameter" Parser="DingLi.Report.CustomTemplate.ParameterParser" Writer ="DingLi.Report.CustomTemplate.ParameterWriter"/>
    <Element Name ="Parameters" Assembly="DingLi.Report.CustomTemplateReport" Class="DingLi.Report.CustomTemplate.Parameters" Parser="DingLi.Report.CustomTemplate.ParametersParser" Writer ="DingLi.Report.CustomTemplate.ParametersWriter"/>
    <Element Name ="AttachParams" Assembly="DingLi.Report.CustomTemplateReport" Class="DingLi.Report.CustomTemplate.AttachParams"/>
    <Element Name ="Thresholds" Assembly="DingLi.Report.CustomTemplateReport" Class="DingLi.Report.CustomTemplate.Thresholds"/>
    <Element Name ="Threshold" Assembly="DingLi.Report.CustomTemplateReport" Class="DingLi.Report.CustomTemplate.Threshold"/>
    <Element Name ="Condition" Assembly="DingLi.Report.CustomTemplateReport" Class="DingLi.Report.CustomTemplate.Public.Condition"/>
    <Element Name ="ParameterFilter" Assembly="DingLi.Report.CustomTemplateReport" Class="DingLi.Report.CustomTemplate.Public.ParameterFilter"/>
    <Element Name ="ParameterFilters" Assembly="DingLi.Report.CustomTemplateReport" Class="DingLi.Report.CustomTemplate.Public.ParameterFilters"/>
    <Element Name ="Commonds" Assembly="DingLi.Report.CustomTemplateReport" Class="DingLi.Report.CustomTemplate.Commond.Commonds" Writer ="DingLi.Report.CustomTemplate.Commond.CommondsWriter"/>
    <Element Name ="Commond" Assembly="DingLi.Report.CustomTemplateReport" Class="DingLi.Report.CustomTemplate.Commond.Commond" Writer ="DingLi.Report.CustomTemplate.Commond.CommondWriter"/>
    <Element Name ="Businesses" Assembly="DingLi.Report.CustomTemplateReport" Class="DingLi.Report.CustomTemplate.Businesses" Parser="DingLi.Report.CustomTemplate.BusinessesParser" Writer ="DingLi.Report.CustomTemplate.BusinessesWriter"/>
    <Element Name ="AttachBusinesses" Assembly="DingLi.Report.CustomTemplateReport" Class="DingLi.Report.CustomTemplate.AttachBusinesses"/>
    <Element Name ="Businesse" Assembly="DingLi.Report.CustomTemplateReport" Class="DingLi.Report.CustomTemplate.Businesse" Parser="DingLi.Report.CustomTemplate.BusinesseParser" Writer ="DingLi.Report.CustomTemplate.BusinesseWriter"/>
    <Element Name ="Business" Assembly="DingLi.Report.CustomTemplateReport" Class="DingLi.Report.CustomTemplate.Businesse" Parser="DingLi.Report.CustomTemplate.BusinesseParser" Writer ="DingLi.Report.CustomTemplate.BusinesseWriter"/>
    <Element Name ="Business" Assembly="DingLi.Report.CustomTemplateReport" Class="DingLi.Report.CustomTemplate.Business" Parser="DingLi.Report.CustomTemplate.BusinesseParser" Writer ="DingLi.Report.CustomTemplate.BusinesseWriter"/>
    <Element Name ="BSComplexStat" Assembly="DingLi.Report.CustomTemplateReport" Class="DingLi.Report.CustomTemplate.BSComplexStat" />
    <Element Name ="BSComplexStats" Assembly="DingLi.Report.CustomTemplateReport" Class="DingLi.Report.CustomTemplate.BSComplexStats" />
    <Element Name ="BSParameter" Assembly="DingLi.Report.CustomTemplateReport" Class="DingLi.Report.CustomTemplate.BSParameter" />
    <Element Name ="BSAttachParams" Assembly="DingLi.Report.CustomTemplateReport" Class="DingLi.Report.CustomTemplate.BSAttachParams" />
    <Element Name ="BSStatProperty" Assembly="DingLi.Report.CustomTemplateReport" Class="DingLi.Report.CustomTemplate.BSStatProperty" />
    <Element Name ="BSStatPropertys" Assembly="DingLi.Report.CustomTemplateReport" Class="DingLi.Report.CustomTemplate.BSStatPropertys" />
    <Element Name ="BSStatMode" Assembly="DingLi.Report.CustomTemplateReport" Class="DingLi.Report.CustomTemplate.BSStatMode" />
    <Element Name ="BSStatModes" Assembly="DingLi.Report.CustomTemplateReport" Class="DingLi.Report.CustomTemplate.BSStatModes" />
    <Element Name ="Bin" Assembly="DingLi.Report.CustomTemplateReport" Class="DingLi.Report.CustomTemplate.Analysis.Bin" Parser="DingLi.Report.CustomTemplate.Analysis.BinParser" Writer ="DingLi.Report.CustomTemplate.Analysis.BinWriter"/>
    <Element Name ="Bins" Assembly="DingLi.Report.CustomTemplateReport" Class="DingLi.Report.CustomTemplate.Analysis.Bins" Parser="DingLi.Report.CustomTemplate.Analysis.BinsParser" Writer ="DingLi.Report.CustomTemplate.Analysis.BinsWriter"/>
    <Element Name ="ParamCondition" Assembly="DingLi.Report.CustomTemplateReport" Class="DingLi.Report.CustomTemplate.Public.ParamCondition" />
    <Element Name ="ParamConditions" Assembly="DingLi.Report.CustomTemplateReport" Class="DingLi.Report.CustomTemplate.Public.ParamConditions" />
    <Element Name ="Edge" Assembly="DingLi.Report.CustomTemplateReport" Class="DingLi.Report.CustomTemplate.Analysis.Edge" Parser="DingLi.Report.CustomTemplate.Analysis.EdgeParser" Writer ="DingLi.Report.CustomTemplate.Analysis.EdgeWriter"/>
    <Element Name ="BusinessEdge" Assembly="DingLi.Report.CustomTemplateReport" Class="DingLi.Report.CustomTemplate.Analysis.BusinessEdge" Parser="DingLi.Report.CustomTemplate.Analysis.EdgeParser" Writer ="DingLi.Report.CustomTemplate.Analysis.EdgeWriter"/>
    <Element Name ="Edges" Assembly="DingLi.Report.CustomTemplateReport" Class="DingLi.Report.CustomTemplate.Analysis.Edges" Parser="DingLi.Report.CustomTemplate.Analysis.EdgesParser" Writer ="DingLi.Report.CustomTemplate.Analysis.EdgesWriter"/>
    <Element Name ="Analysises" Assembly="DingLi.Report.CustomTemplateReport" Class="DingLi.Report.CustomTemplate.Analysis.Analysises" Parser="DingLi.Report.CustomTemplate.Analysis.AnalysisesParser" Writer ="DingLi.Report.CustomTemplate.Analysis.AnalysisesWriter"/>
    <Element Name ="OverlapCover" Assembly="DingLi.Report.CustomTemplateReport" Class="DingLi.Report.CustomTemplate.Analysis.OverlapCover" Writer ="DingLi.Report.CustomTemplate.Analysis.OverlapCoverWriter"/>
    <Element Name ="OverlapCovers" Assembly="DingLi.Report.CustomTemplateReport" Class="DingLi.Report.CustomTemplate.Analysis.OverlapCovers" Writer ="DingLi.Report.CustomTemplate.Analysis.OverlapCoversWriter"/>
    <Element Name ="FilterProperty" Assembly="DingLi.Report.CustomTemplateReport" Class="DingLi.Report.CustomTemplate.FilterProperty" />
    <Element Name ="FilterPropertys" Assembly="DingLi.Report.CustomTemplateReport" Class="DingLi.Report.CustomTemplate.FilterPropertys" />
    <Element Name ="Event" Assembly="DingLi.Report.CustomTemplateReport" Class="DingLi.Report.CustomTemplate.Public.Event" />
    <Element Name ="Events" Assembly="DingLi.Report.CustomTemplateReport" Class="DingLi.Report.CustomTemplate.Public.Events" />
    <Element Name ="BinCondition" Assembly="DingLi.Report.CustomTemplateReport" Class="DingLi.Report.CustomTemplate.Analysis.BinCondition" />
    <Element Name ="BackGroud" Assembly="DingLi.Report.CustomTemplateReport" Class="DingLi.Report.CustomTemplate.Analysis.BackGroud" />
    <Element Name ="Map" Assembly="DingLi.Report.CustomTemplateReport" Class="DingLi.Report.CustomTemplate.Analysis.Map" Writer ="DingLi.Report.CustomTemplate.Analysis.MapWriter"/>
    <Element Name ="Maps" Assembly="DingLi.Report.CustomTemplateReport" Class="DingLi.Report.CustomTemplate.Analysis.Maps" Writer ="DingLi.Report.CustomTemplate.Analysis.MapsWriter"/>
    <Element Name ="MapOptions" Assembly="DingLi.Report.CustomTemplateReport" Class="DingLi.Report.CustomTemplate.Analysis.MapOptions" />
    <Element Name ="ZoomRectangle" Assembly="DingLi.Report.CustomTemplateReport" Class="DingLi.Report.CustomTemplate.Analysis.ZoomRectangle" />
    <Element Name ="Sites" Assembly="DingLi.Report.CustomTemplateReport" Class="DingLi.Report.CustomTemplate.Public.Sites" />
    <Element Name ="Site" Assembly="DingLi.Report.CustomTemplateReport" Class="DingLi.Report.CustomTemplate.Public.Site" />
    <Element Name ="FileNames" Assembly="DingLi.Report.CustomTemplateReport" Class="DingLi.Report.CustomTemplate.Public.FileNames" />
    <Element Name ="FileName" Assembly="DingLi.Report.CustomTemplateReport" Class="DingLi.Report.CustomTemplate.Public.FileName" />
    <Element Name ="Calculates" Assembly="DingLi.Report.CustomTemplateReport" Class="DingLi.Report.CustomTemplate.Calculates" />
    <Element Name ="Calculate" Assembly="DingLi.Report.CustomTemplateReport" Class="DingLi.Report.CustomTemplate.Calculate" />
    <Element Name ="Charts" Assembly="DingLi.Report.CustomTemplateReport" Class="DingLi.Report.CustomTemplate.Charts.Charts" />
    <Element Name ="Chart" Assembly="DingLi.Report.CustomTemplateReport" Class="DingLi.Report.CustomTemplate.Charts.Chart" />
    <Element Name ="ChartDatas" Assembly="DingLi.Report.CustomTemplateReport" Class="DingLi.Report.CustomTemplate.Charts.ChartDatas" />
    <Element Name ="ChartData" Assembly="DingLi.Report.CustomTemplateReport" Class="DingLi.Report.CustomTemplate.Charts.ChartData" />
    <Element Name ="CoverageConditions" Assembly="DingLi.Report.CustomTemplateReport" Class="DingLi.Report.CustomTemplate.Analysis.CoverageConditions" />
    <Element Name ="CoverageCondition" Assembly="DingLi.Report.CustomTemplateReport" Class="DingLi.Report.CustomTemplate.Analysis.CoverageCondition" />
    <Element Name ="QualityPoorCondition" Assembly="DingLi.Report.CustomTemplateReport" Class="DingLi.Report.CustomTemplate.Public.QualityPoorCondition" />
    <Element Name ="QualityPoorConditions" Assembly="DingLi.Report.CustomTemplateReport" Class="DingLi.Report.CustomTemplate.Public.QualityPoorConditions" />
    <Element Name ="DetailExport" Assembly="DingLi.Report.CustomTemplateReport" Class="DingLi.Report.CustomTemplate.DetailExport" Writer ="DingLi.Report.CustomTemplate.DetailExportWriter"/>
    <Element Name ="DetailExports" Assembly="DingLi.Report.CustomTemplateReport" Class="DingLi.Report.CustomTemplate.DetailExports" Writer ="DingLi.Report.CustomTemplate.DetailExportsWriter"/>
    <Element Name ="CommonAnalysis" Assembly="DingLi.Report.CustomTemplateReport" Class="DingLi.Report.CustomTemplate.Analysis.Common.CommonAnalysis" Writer ="DingLi.Report.CustomTemplate.Analysis.Common.CommonAnalysisWriter"/>
    <Element Name ="CommonAnalysises" Assembly="DingLi.Report.CustomTemplateReport" Class="DingLi.Report.CustomTemplate.Analysis.Common.CommonAnalysises" Writer ="DingLi.Report.CustomTemplate.Analysis.Common.CommonAnalysisesWriter"/>
    <Element Name ="BSDelay" Assembly="DingLi.Report.CustomTemplateReport" Class="DingLi.Report.CustomTemplate.BSDelay" />
    <Element Name ="BSDelays" Assembly="DingLi.Report.CustomTemplateReport" Class="DingLi.Report.CustomTemplate.BSDelays" />
    <Element Name ="BaseInfo" Assembly="DingLi.Report.CustomTemplateReport" Class="DingLi.Report.CustomTemplate.BaseInformation.BaseInfo" Writer ="DingLi.Report.CustomTemplate.Analysis.Common.CommonAnalysisWriter"/>
    <Element Name ="BaseInfos" Assembly="DingLi.Report.CustomTemplateReport" Class="DingLi.Report.CustomTemplate.BaseInformation.BaseInfos" Writer ="DingLi.Report.CustomTemplate.Analysis.Common.CommonAnalysisesWriter"/>
    <Element Name ="DetailOutput" Assembly="DingLi.Report.CustomTemplateReport" Class="DingLi.Report.CustomTemplate.Public.DetailOutput"/>
    <Element Name ="QualityPoor" Assembly="DingLi.Report.CustomTemplateReport" Class="DingLi.Report.CustomTemplate.Analysis.QualityPoor" Writer ="DingLi.Report.CustomTemplate.Analysis.Common.CommonAnalysisWriter"/>
    <Element Name ="QualityPoors" Assembly="DingLi.Report.CustomTemplateReport" Class="DingLi.Report.CustomTemplate.Analysis.QualityPoors" Writer ="DingLi.Report.CustomTemplate.Analysis.Common.CommonAnalysisesWriter"/>
    <Element Name ="Coverage" Assembly="DingLi.Report.CustomTemplateReport" Class="DingLi.Report.CustomTemplate.Analysis.Coverage" Writer ="DingLi.Report.CustomTemplate.Analysis.Common.CommonAnalysisWriter"/>
    <Element Name ="Coverages" Assembly="DingLi.Report.CustomTemplateReport" Class="DingLi.Report.CustomTemplate.Analysis.Coverages" Writer ="DingLi.Report.CustomTemplate.Analysis.Common.CommonAnalysisesWriter"/>
    
  </Elements>
  <Methods>
    <!--普通统计对象-->
    <!--平均值-->
    <Average>
      <Assembly>DingLi.Report.CustomTemplateReport, Version=1.0.0.0, Culture=neutral, PublicKeyToken=null</Assembly>
      <Class>DingLi.Report.CustomTemplate.Statistics.Common.Average</Class>
    </Average>
    <!--最大值-->
    <Max>
      <Assembly>DingLi.Report.CustomTemplateReport, Version=1.0.0.0, Culture=neutral, PublicKeyToken=null</Assembly>
      <Class>DingLi.Report.CustomTemplate.Statistics.Common.Max</Class>
    </Max>
    <!--最小值-->
    <Min>
      <Assembly>DingLi.Report.CustomTemplateReport, Version=1.0.0.0, Culture=neutral, PublicKeyToken=null</Assembly>
      <Class>DingLi.Report.CustomTemplate.Statistics.Common.Min</Class>
    </Min>
    <!--中位值-->
    <Median>
      <Assembly>DingLi.Report.CustomTemplateReport, Version=1.0.0.0, Culture=neutral, PublicKeyToken=null</Assembly>
      <Class>DingLi.Report.CustomTemplate.Statistics.Common.Median</Class>
    </Median>
    <!--方差-->
    <Variance>
      <Assembly>DingLi.Report.CustomTemplateReport, Version=1.0.0.0, Culture=neutral, PublicKeyToken=null</Assembly>
      <Class>DingLi.Report.CustomTemplate.Statistics.Common.Variance</Class>
    </Variance>
    <!--标准方差-->
    <StandardVariance>
      <Assembly>DingLi.Report.CustomTemplateReport, Version=1.0.0.0, Culture=neutral, PublicKeyToken=null</Assembly>
      <Class>DingLi.Report.CustomTemplate.Statistics.Common.StandardVariance</Class>
    </StandardVariance>
    <Total>
      <Assembly>DingLi.Report.CustomTemplateReport, Version=1.0.0.0, Culture=neutral, PublicKeyToken=null</Assembly>
      <Class>DingLi.Report.CustomTemplate.Statistics.Common.TotalCount</Class>
    </Total>
    <TotalCount>
      <Assembly>DingLi.Report.CustomTemplateReport, Version=1.0.0.0, Culture=neutral, PublicKeyToken=null</Assembly>
      <Class>DingLi.Report.CustomTemplate.Statistics.Common.TotalCount</Class>
    </TotalCount>
    <TotalValue>
      <Assembly>DingLi.Report.CustomTemplateReport, Version=1.0.0.0, Culture=neutral, PublicKeyToken=null</Assembly>
      <Class>DingLi.Report.CustomTemplate.Statistics.Common.TotalValue</Class>
    </TotalValue>
    <Cdf>
      <Assembly>DingLi.Report.CustomTemplateReport, Version=1.0.0.0, Culture=neutral, PublicKeyToken=null</Assembly>
      <Class>DingLi.Report.CustomTemplate.Statistics.Common.Cdf</Class>
    </Cdf>
    <CdfCount>
      <Assembly>DingLi.Report.CustomTemplateReport, Version=1.0.0.0, Culture=neutral, PublicKeyToken=null</Assembly>
      <Class>DingLi.Report.CustomTemplate.Statistics.Common.CdfCount</Class>
    </CdfCount>
    <Cdf0x28Cal0x29>
      <Assembly>DingLi.Report.CustomTemplateReport, Version=1.0.0.0, Culture=neutral, PublicKeyToken=null</Assembly>
      <Class>DingLi.Report.CustomTemplate.Statistics.Common.CdfCal</Class>
    </Cdf0x28Cal0x29>
    <CdfGraph>
      <Assembly>DingLi.Report.CustomTemplateReport, Version=1.0.0.0, Culture=neutral, PublicKeyToken=null</Assembly>
      <Class>DingLi.Report.CustomTemplate.Statistics.Common.CdfGraph</Class>
    </CdfGraph>
    <Interval>
      <Assembly>DingLi.Report.CustomTemplateReport, Version=1.0.0.0, Culture=neutral, PublicKeyToken=null</Assembly>
      <Class>DingLi.Report.CustomTemplate.Statistics.Common.Interval</Class>
    </Interval>
    <IntervalName>
      <Assembly>DingLi.Report.CustomTemplateReport, Version=1.0.0.0, Culture=neutral, PublicKeyToken=null</Assembly>
      <Class>DingLi.Report.CustomTemplate.Statistics.Common.IntervalName</Class>
    </IntervalName>
    <Pdf>
      <Assembly>DingLi.Report.CustomTemplateReport, Version=1.0.0.0, Culture=neutral, PublicKeyToken=null</Assembly>
      <Class>DingLi.Report.CustomTemplate.Statistics.Common.Pdf</Class>
    </Pdf>
    <Pdf0x28Cal0x29>
      <Assembly>DingLi.Report.CustomTemplateReport, Version=1.0.0.0, Culture=neutral, PublicKeyToken=null</Assembly>
      <Class>DingLi.Report.CustomTemplate.Statistics.Common.PdfCal</Class>
    </Pdf0x28Cal0x29>
    <PdfGraph>
      <Assembly>DingLi.Report.CustomTemplateReport, Version=1.0.0.0, Culture=neutral, PublicKeyToken=null</Assembly>
      <Class>DingLi.Report.CustomTemplate.Statistics.Common.PdfGraph</Class>
    </PdfGraph>
    <Longitude>
      <Assembly>DingLi.Report.CustomTemplateReport, Version=1.0.0.0, Culture=neutral, PublicKeyToken=null</Assembly>
      <Class>DingLi.Report.CustomTemplate.Statistics.Location.Longitude</Class>
    </Longitude>
    <Latitude>
      <Assembly>DingLi.Report.CustomTemplateReport, Version=1.0.0.0, Culture=neutral, PublicKeyToken=null</Assembly>
      <Class>DingLi.Report.CustomTemplate.Statistics.Location.Latitude</Class>
    </Latitude>
    <ComputerTime>
      <Assembly>DingLi.Report.CustomTemplateReport, Version=1.0.0.0, Culture=neutral, PublicKeyToken=null</Assembly>
      <Class>DingLi.Report.CustomTemplate.Statistics.Time.ComputerTime</Class>
    </ComputerTime>
    <EndTime>
      <Assembly>DingLi.Report.CustomTemplateReport, Version=1.0.0.0, Culture=neutral, PublicKeyToken=null</Assembly>
      <Class>DingLi.Report.CustomTemplate.Statistics.Time.EndTime</Class>
    </EndTime>
    <HandsetTime>
      <Assembly>DingLi.Report.CustomTemplateReport, Version=1.0.0.0, Culture=neutral, PublicKeyToken=null</Assembly>
      <Class>DingLi.Report.CustomTemplate.Statistics.Time.HandsetTime</Class>
    </HandsetTime>
    <StartTime>
      <Assembly>DingLi.Report.CustomTemplateReport, Version=1.0.0.0, Culture=neutral, PublicKeyToken=null</Assembly>
      <Class>DingLi.Report.CustomTemplate.Statistics.Time.StartTime</Class>
    </StartTime>
    <Index>
      <Assembly>DingLi.Report.CustomTemplateReport, Version=1.0.0.0, Culture=neutral, PublicKeyToken=null</Assembly>
      <Class>DingLi.Report.CustomTemplate.Statistics.Common.Index</Class>
    </Index>
    <Point0x20Index>
      <Assembly>DingLi.Report.CustomTemplateReport, Version=1.0.0.0, Culture=neutral, PublicKeyToken=null</Assembly>
      <Class>DingLi.Report.CustomTemplate.Statistics.Common.PointIndex</Class>
    </Point0x20Index>
    <Log>
      <Assembly>DingLi.Report.CustomTemplateReport, Version=1.0.0.0, Culture=neutral, PublicKeyToken=null</Assembly>
      <Class>DingLi.Report.CustomTemplate.Statistics.Common.LogName</Class>
    </Log>
    <MaxPDFThresholdName>
      <Assembly>DingLi.Report.CustomTemplateReport, Version=1.0.0.0, Culture=neutral, PublicKeyToken=null</Assembly>
      <Class>DingLi.Report.CustomTemplate.Statistics.Common.MaxPDFThresholdName</Class>
    </MaxPDFThresholdName>
    <Rate>
      <Assembly>DingLi.Report.CustomTemplateReport, Version=1.0.0.0, Culture=neutral, PublicKeyToken=null</Assembly>
      <Class>DingLi.Report.CustomTemplate.Statistics.Common.Rate</Class>
    </Rate>
    <Empty>
      <Assembly>DingLi.Report.CustomTemplateReport, Version=1.0.0.0, Culture=neutral, PublicKeyToken=null</Assembly>
      <Class>DingLi.Report.CustomTemplate.Statistics.Common.Empty</Class>
    </Empty>
    <TestTotalMileage>
      <Assembly>DingLi.Report.CustomTemplateReport, Version=1.0.0.0, Culture=neutral, PublicKeyToken=null</Assembly>
      <Class>DingLi.Report.CustomTemplate.Statistics.Common.TestTotalMileage</Class>
    </TestTotalMileage>
    <TestTotalTime>
      <Assembly>DingLi.Report.CustomTemplateReport, Version=1.0.0.0, Culture=neutral, PublicKeyToken=null</Assembly>
      <Class>DingLi.Report.CustomTemplate.Statistics.Common.TestTotalTime</Class>
    </TestTotalTime>
    <Overlay>
      <Assembly>DingLi.Report.CustomTemplateReport, Version=1.0.0.0, Culture=neutral, PublicKeyToken=null</Assembly>
      <Class>DingLi.Report.CustomTemplate.Statistics.Graph.Overlay</Class>
    </Overlay>
    <!--覆盖率统计对象-->
    <CoverageMileage>
      <Assembly>DingLi.Report.CustomTemplateReport, Version=1.0.0.0, Culture=neutral, PublicKeyToken=null</Assembly>
      <Class>DingLi.Report.CustomTemplate.Statistics.Coverage.CoverageMileage</Class>
    </CoverageMileage>
    <CoveragePointCount>
      <Assembly>DingLi.Report.CustomTemplateReport, Version=1.0.0.0, Culture=neutral, PublicKeyToken=null</Assembly>
      <Class>DingLi.Report.CustomTemplate.Statistics.Coverage.CoveragePointCount</Class>
    </CoveragePointCount>
    <CoverageCount>
      <Assembly>DingLi.Report.CustomTemplateReport, Version=1.0.0.0, Culture=neutral, PublicKeyToken=null</Assembly>
      <Class>DingLi.Report.CustomTemplate.Statistics.Coverage.CoverageCount</Class>
    </CoverageCount>
    <CoverageRate>
      <Assembly>DingLi.Report.CustomTemplateReport, Version=1.0.0.0, Culture=neutral, PublicKeyToken=null</Assembly>
      <Class>DingLi.Report.CustomTemplate.Statistics.Coverage.CoverageRate</Class>
    </CoverageRate>
    <CoverageScale>
      <Assembly>DingLi.Report.CustomTemplateReport, Version=1.0.0.0, Culture=neutral, PublicKeyToken=null</Assembly>
      <Class>DingLi.Report.CustomTemplate.Statistics.Coverage.CoverageScale</Class>
    </CoverageScale>
    <CoverageTime>
      <Assembly>DingLi.Report.CustomTemplateReport, Version=1.0.0.0, Culture=neutral, PublicKeyToken=null</Assembly>
      <Class>DingLi.Report.CustomTemplate.Statistics.Coverage.CoverageTime</Class>
    </CoverageTime>
    <CoverageTimeRate>
      <Assembly>DingLi.Report.CustomTemplateReport, Version=1.0.0.0, Culture=neutral, PublicKeyToken=null</Assembly>
      <Class>DingLi.Report.CustomTemplate.Statistics.Coverage.CoverageTimeRate</Class>
    </CoverageTimeRate>
    <!--新的覆盖率统计对象,增加了七个,有二个和旧的一样-->
    <CoverageSample>
      <Assembly>DingLi.Report.CustomTemplateReport, Version=1.0.0.0, Culture=neutral, PublicKeyToken=null</Assembly>
      <Class>DingLi.Report.CustomTemplate.Statistics.Coverage.CoverageSample</Class>
    </CoverageSample>
    <TotalSample>
      <Assembly>DingLi.Report.CustomTemplateReport, Version=1.0.0.0, Culture=neutral, PublicKeyToken=null</Assembly>
      <Class>DingLi.Report.CustomTemplate.Statistics.Coverage.TotalSample</Class>
    </TotalSample>
    <SampleCoverageRate>
      <Assembly>DingLi.Report.CustomTemplateReport, Version=1.0.0.0, Culture=neutral, PublicKeyToken=null</Assembly>
      <Class>DingLi.Report.CustomTemplate.Statistics.Coverage.SampleCoverageRate</Class>
    </SampleCoverageRate>
    <TotalMileage>
      <Assembly>DingLi.Report.CustomTemplateReport, Version=1.0.0.0, Culture=neutral, PublicKeyToken=null</Assembly>
      <Class>DingLi.Report.CustomTemplate.Statistics.Coverage.TotalMileage</Class>
    </TotalMileage>
    <MileageCoverageRate>
      <Assembly>DingLi.Report.CustomTemplateReport, Version=1.0.0.0, Culture=neutral, PublicKeyToken=null</Assembly>
      <Class>DingLi.Report.CustomTemplate.Statistics.Coverage.MileageCoverageRate</Class>
    </MileageCoverageRate>
    <TotalTime>
      <Assembly>DingLi.Report.CustomTemplateReport, Version=1.0.0.0, Culture=neutral, PublicKeyToken=null</Assembly>
      <Class>DingLi.Report.CustomTemplate.Statistics.Coverage.TotalTime</Class>
    </TotalTime>
    <TimeCoverageRate>
      <Assembly>DingLi.Report.CustomTemplateReport, Version=1.0.0.0, Culture=neutral, PublicKeyToken=null</Assembly>
      <Class>DingLi.Report.CustomTemplate.Statistics.Coverage.TimeCoverageRate</Class>
    </TimeCoverageRate>
    <!--业务的统计对象-->
    <ApplicationLayerAverageRate>
      <Assembly>DingLi.Report.CustomTemplateReport, Version=1.0.0.0, Culture=neutral, PublicKeyToken=null</Assembly>
      <Class>DingLi.Report.CustomTemplate.Statistics.Business.ApplicationLayerAverageRate</Class>
    </ApplicationLayerAverageRate>
    <!--业务尝试次数-->
    <Attempts>
      <Assembly>DingLi.Report.CustomTemplateReport, Version=1.0.0.0, Culture=neutral, PublicKeyToken=null</Assembly>
      <Class>DingLi.Report.CustomTemplate.Statistics.Business.Attempts</Class>
    </Attempts>
    <AverageDelay>
      <Assembly>DingLi.Report.CustomTemplateReport, Version=1.0.0.0, Culture=neutral, PublicKeyToken=null</Assembly>
      <Class>DingLi.Report.CustomTemplate.Statistics.Business.AverageDelay</Class>
    </AverageDelay>
    <BusinessCourse>
      <Assembly>DingLi.Report.CustomTemplateReport, Version=1.0.0.0, Culture=neutral, PublicKeyToken=null</Assembly>
      <Class>DingLi.Report.CustomTemplate.Statistics.Business.BusinessCourse</Class>
    </BusinessCourse>
    <!--业务时延-->
    <BusinessDelay>
      <Assembly>DingLi.Report.CustomTemplateReport, Version=1.0.0.0, Culture=neutral, PublicKeyToken=null</Assembly>
      <Class>DingLi.Report.CustomTemplate.Statistics.Business.BusinessDelay</Class>
    </BusinessDelay>
    <TotalDelay>
      <Assembly>DingLi.Report.CustomTemplateReport, Version=1.0.0.0, Culture=neutral, PublicKeyToken=null</Assembly>
      <Class>DingLi.Report.CustomTemplate.Statistics.Business.TotalDelay</Class>
    </TotalDelay>
    <BusinessReason>
      <Assembly>DingLi.Report.CustomTemplateReport, Version=1.0.0.0, Culture=neutral, PublicKeyToken=null</Assembly>
      <Class>DingLi.Report.CustomTemplate.Statistics.Business.BusinessReason</Class>
    </BusinessReason>
    <BusinessResult>
      <Assembly>DingLi.Report.CustomTemplateReport, Version=1.0.0.0, Culture=neutral, PublicKeyToken=null</Assembly>
      <Class>DingLi.Report.CustomTemplate.Statistics.Business.BusinessResult</Class>
    </BusinessResult>
    <DroppedCount>
      <Assembly>DingLi.Report.CustomTemplateReport, Version=1.0.0.0, Culture=neutral, PublicKeyToken=null</Assembly>
      <Class>DingLi.Report.CustomTemplate.Statistics.Business.DroppedCount</Class>
    </DroppedCount>
    <DroppedRate>
      <Assembly>DingLi.Report.CustomTemplateReport, Version=1.0.0.0, Culture=neutral, PublicKeyToken=null</Assembly>
      <Class>DingLi.Report.CustomTemplate.Statistics.Business.DroppedRate</Class>
    </DroppedRate>
    <!--业务失败次数-->
    <FailureCount>
      <Assembly>DingLi.Report.CustomTemplateReport, Version=1.0.0.0, Culture=neutral, PublicKeyToken=null</Assembly>
      <Class>DingLi.Report.CustomTemplate.Statistics.Business.FailureCount</Class>
    </FailureCount>
    <FailureRate>
      <Assembly>DingLi.Report.CustomTemplateReport, Version=1.0.0.0, Culture=neutral, PublicKeyToken=null</Assembly>
      <Class>DingLi.Report.CustomTemplate.Statistics.Business.FailureRate</Class>
    </FailureRate>
    <MaximumDelay>
      <Assembly>DingLi.Report.CustomTemplateReport, Version=1.0.0.0, Culture=neutral, PublicKeyToken=null</Assembly>
      <Class>DingLi.Report.CustomTemplate.Statistics.Business.MaximumDelay</Class>
    </MaximumDelay>
    <MinimumDelay>
      <Assembly>DingLi.Report.CustomTemplateReport, Version=1.0.0.0, Culture=neutral, PublicKeyToken=null</Assembly>
      <Class>DingLi.Report.CustomTemplate.Statistics.Business.MinimumDelay</Class>
    </MinimumDelay>
    <!--业务成功次数-->
    <SuccessCount>
      <Assembly>DingLi.Report.CustomTemplateReport, Version=1.0.0.0, Culture=neutral, PublicKeyToken=null</Assembly>
      <Class>DingLi.Report.CustomTemplate.Statistics.Business.SuccessCount</Class>
    </SuccessCount>
    <!--业务成功率-->
    <SuccessRate>
      <Assembly>DingLi.Report.CustomTemplateReport, Version=1.0.0.0, Culture=neutral, PublicKeyToken=null</Assembly>
      <Class>DingLi.Report.CustomTemplate.Statistics.Business.SuccessRate</Class>
    </SuccessRate>
    <!--数据传输大小-->
    <TransferSize>
      <Assembly>DingLi.Report.CustomTemplateReport, Version=1.0.0.0, Culture=neutral, PublicKeyToken=null</Assembly>
      <Class>DingLi.Report.CustomTemplate.Statistics.Business.TransferSize</Class>
    </TransferSize>
    <TransferDroppedRate>
      <Assembly>DingLi.Report.CustomTemplateReport, Version=1.0.0.0, Culture=neutral, PublicKeyToken=null</Assembly>
      <Class>DingLi.Report.CustomTemplate.Statistics.Business.TransferDroppedRate</Class>
    </TransferDroppedRate>
    <!--数据传输时长-->
    <TransferTime>
      <Assembly>DingLi.Report.CustomTemplateReport, Version=1.0.0.0, Culture=neutral, PublicKeyToken=null</Assembly>
      <Class>DingLi.Report.CustomTemplate.Statistics.Business.TransferTime</Class>
    </TransferTime>
    <TransferTimeMin>
      <Assembly>DingLi.Report.CustomTemplateReport, Version=1.0.0.0, Culture=neutral, PublicKeyToken=null</Assembly>
      <Class>DingLi.Report.CustomTemplate.Statistics.Business.TransferTimeMin</Class>
    </TransferTimeMin>
    <TransferTimeMax>
      <Assembly>DingLi.Report.CustomTemplateReport, Version=1.0.0.0, Culture=neutral, PublicKeyToken=null</Assembly>
      <Class>DingLi.Report.CustomTemplate.Statistics.Business.TransferTimeMax</Class>
    </TransferTimeMax>
    <TransferTimeAvg>
      <Assembly>DingLi.Report.CustomTemplateReport, Version=1.0.0.0, Culture=neutral, PublicKeyToken=null</Assembly>
      <Class>DingLi.Report.CustomTemplate.Statistics.Business.TransferTimeAvg</Class>
    </TransferTimeAvg>
    <EventCount>
      <Assembly>DingLi.Report.CustomTemplateReport, Version=1.0.0.0, Culture=neutral, PublicKeyToken=null</Assembly>
      <Class>DingLi.Report.CustomTemplate.Statistics.Business.EventCount</Class>
    </EventCount>
    <!--数据传输率-->
    <TransferRate>
      <Assembly>DingLi.Report.CustomTemplateReport, Version=1.0.0.0, Culture=neutral, PublicKeyToken=null</Assembly>
      <Class>DingLi.Report.CustomTemplate.Statistics.Business.TransferRate</Class>
    </TransferRate>
    <!--特殊的业务统计对象-->
    <LookupSuccessDelay>
      <Assembly>DingLi.Report.CustomTemplateReport, Version=1.0.0.0, Culture=neutral, PublicKeyToken=null</Assembly>
      <Class>DingLi.Report.CustomTemplate.Statistics.Business.Special.LookupSuccessDelay</Class>
    </LookupSuccessDelay>
    <FacebookFailureReason>
      <Assembly>DingLi.Report.CustomTemplateReport, Version=1.0.0.0, Culture=neutral, PublicKeyToken=null</Assembly>
      <Class>DingLi.Report.CustomTemplate.Statistics.Business.Special.FacebookFailureReason</Class>
    </FacebookFailureReason>
    <LookupFailureReason>
      <Assembly>DingLi.Report.CustomTemplateReport, Version=1.0.0.0, Culture=neutral, PublicKeyToken=null</Assembly>
      <Class>DingLi.Report.CustomTemplate.Statistics.Business.Special.LookupFailureReason</Class>
    </LookupFailureReason>
    <BusinessName>
      <Assembly>DingLi.Report.CustomTemplateReport, Version=1.0.0.0, Culture=neutral, PublicKeyToken=null</Assembly>
      <Class>DingLi.Report.CustomTemplate.Statistics.Business.BusinessName</Class>
    </BusinessName>
    <EdgeValue>
      <Assembly>DingLi.Report.CustomTemplateReport, Version=1.0.0.0, Culture=neutral, PublicKeyToken=null</Assembly>
      <Class>DingLi.Report.CustomTemplate.Statistics.Common.EdgeValue</Class>
    </EdgeValue>
    <OutOfServiceTime>
      <Assembly>DingLi.Report.CustomTemplateReport, Version=1.0.0.0, Culture=neutral, PublicKeyToken=null</Assembly>
      <Class>DingLi.Report.CustomTemplate.Statistics.Common.OutOfServiceTime</Class>
    </OutOfServiceTime>
    <OutOfServiceMileage>
      <Assembly>DingLi.Report.CustomTemplateReport, Version=1.0.0.0, Culture=neutral, PublicKeyToken=null</Assembly>
      <Class>DingLi.Report.CustomTemplate.Statistics.Common.OutOfServiceMileage</Class>
    </OutOfServiceMileage>
    <BusinessTotalDelay>
      <Assembly>DingLi.Report.CustomTemplateReport, Version=1.0.0.0, Culture=neutral, PublicKeyToken=null</Assembly>
      <Class>DingLi.Report.CustomTemplate.Statistics.Business.BusinessTotalDelay</Class>
    </BusinessTotalDelay>
    <BlockCount>
      <Assembly>DingLi.Report.CustomTemplateReport, Version=1.0.0.0, Culture=neutral, PublicKeyToken=null</Assembly>
      <Class>DingLi.Report.CustomTemplate.Statistics.Business.BlockCount</Class>
    </BlockCount>
    <VoiceConnectCount>
      <Assembly>DingLi.Report.CustomTemplateReport, Version=1.0.0.0, Culture=neutral, PublicKeyToken=null</Assembly>
      <Class>DingLi.Report.CustomTemplate.Statistics.Business.VoiceConnectCount</Class>
    </VoiceConnectCount>
    <NetState>
      <Assembly>DingLi.Report.CustomTemplateReport, Version=1.0.0.0, Culture=neutral, PublicKeyToken=null</Assembly>
      <Class>DingLi.Report.CustomTemplate.Statistics.Business.NetState</Class>
    </NetState>
    <BusinessCount>
      <Assembly>DingLi.Report.CustomTemplateReport, Version=1.0.0.0, Culture=neutral, PublicKeyToken=null</Assembly>
      <Class>DingLi.Report.CustomTemplate.Statistics.Business.BusinessCount</Class>
    </BusinessCount>
    <!--总采样点-->
    <SpecialUnifieldKpiTotalCount>
      <Assembly>DingLi.Report.CustomTemplateReport, Version=1.0.0.0, Culture=neutral, PublicKeyToken=null</Assembly>
      <Class>DingLi.Report.CustomTemplate.Statistics.SpecialUnifieldKpi.SpecialUnifieldKpiTotalCount</Class>
    </SpecialUnifieldKpiTotalCount>
    <CourseRelevance>
      <Assembly>DingLi.Report.CustomTemplateReport, Version=1.0.0.0, Culture=neutral, PublicKeyToken=null</Assembly>
      <Class>DingLi.Report.CustomTemplate.Statistics.Business.CourseRelevance</Class>
    </CourseRelevance>
    <Mark>
      <Assembly>DingLi.Report.CustomTemplateReport, Version=1.0.0.0, Culture=neutral, PublicKeyToken=null</Assembly>
      <Class>DingLi.Report.CustomTemplate.Statistics.Common.Mark</Class>
    </Mark>
    <Detail>
      <Assembly>DingLi.Report.CustomTemplateReport, Version=1.0.0.0, Culture=neutral, PublicKeyToken=null</Assembly>
      <Class>DingLi.Report.CustomTemplate.Statistics.Detail.Detail</Class>
    </Detail>
    <OlSample>
      <Assembly>DingLi.Report.CustomTemplateReport, Version=1.0.0.0, Culture=neutral, PublicKeyToken=null</Assembly>
      <Class>DingLi.Report.CustomTemplate.Statistics.OverlapCoverStatistic</Class>
    </OlSample>
    <OlMileage>
      <Assembly>DingLi.Report.CustomTemplateReport, Version=1.0.0.0, Culture=neutral, PublicKeyToken=null</Assembly>
      <Class>DingLi.Report.CustomTemplate.Statistics.OverlapCoverStatistic</Class>
    </OlMileage>
    <OlTime>
      <Assembly>DingLi.Report.CustomTemplateReport, Version=1.0.0.0, Culture=neutral, PublicKeyToken=null</Assembly>
      <Class>DingLi.Report.CustomTemplate.Statistics.OverlapCoverStatistic</Class>
    </OlTime>
  </Methods>
  <!--使用数据集引擎的配置
	<CommondInfos>
		<CommondInfo Code="1" CHName="通话时长小于1分钟差点次数" Name="VoiceOnLineTime" Assembly="DingLi.Report.CommondStatistic.dll" Class="DingLi.Report.CommondStatistic.VoiceOnLineTime" Method="Statistic"/>
		<CommondInfo Code="2" CHName="HTTP业务建立时延分布" Name="DelayDistributionHTTP" Assembly="DingLi.Report.CommondStatistic.dll" Class="DingLi.Report.CommondStatistic.DelayDistribution" Method="StatisticHTTPSetUpDelay"/>
		<CommondInfo Code="3" CHName="HTTP主页面打开时延分布" Name="DelayDistributionHTTPMainPage" Assembly="DingLi.Report.CommondStatistic.dll" Class="DingLi.Report.CommondStatistic.DelayDistribution" Method="StatisticHTTPMainPageOpenDelay"/>
		<CommondInfo Code="4" CHName="FTP下载建立时延分布" Name="DelayDistributionFTPDown" Assembly="DingLi.Report.CommondStatistic.dll" Class="DingLi.Report.CommondStatistic.DelayDistribution" Method="StatisticFTPDownSetUpDelay"/>
		<CommondInfo Code="5" CHName="FTP上传建立时延分布" Name="DelayDistributionFTPUp" Assembly="DingLi.Report.CommondStatistic.dll" Class="DingLi.Report.CommondStatistic.DelayDistribution" Method="StatisticFTPUpSetUpDelay"/>
		<CommondInfo Code="6" CHName="CSFB两次切换间参数指标统计主叫" Name="CMCC_1311HZTest_HOParamStatMO" Assembly="DingLi.Report.CommondStatistic.dll" Class="DingLi.Report.CommondStatistic.CMCC_1311HZTest_HOParamStat" Method="CMCC_1311HZTest_HOParamStatMO"/>
		<CommondInfo Code="7" CHName="CSFB两次切换间参数指标统计被叫" Name="CMCC_1311HZTest_HOParamStatMT" Assembly="DingLi.Report.CommondStatistic.dll" Class="DingLi.Report.CommondStatistic.CMCC_1311HZTest_HOParamStat" Method="CMCC_1311HZTest_HOParamStatMT"/>
	</CommondInfos>-->
  <!--使用antbus多任务时的配置-->
  <CommondInfos>
    <CommondInfo Code="6" CHName="CSFB两次切换间参数指标统计主叫" Name="CMCC_1311HZTest_HOParamStatMO" Assembly="DingLi.Report.CommondStatistic.dll" Class="DingLi.Report.CommondStatistic.CMCC_1311HZTest_HOParamStat_MultiData" Method="CMCC_1311HZTest_HOParamStatMO"/>
    <CommondInfo Code="7" CHName="CSFB两次切换间参数指标统计被叫" Name="CMCC_1311HZTest_HOParamStatMT" Assembly="DingLi.Report.CommondStatistic.dll" Class="DingLi.Report.CommondStatistic.CMCC_1311HZTest_HOParamStat_MultiData" Method="CMCC_1311HZTest_HOParamStatMT"/>
  </CommondInfos>
  <BSReasons>
    <Common>
      <Reason Code="2" Value="Timeout" />
      <Reason Code="3" Value="Event Lost" />
      <Reason Code="5" Value="User Stop" />
      <Reason Code="6" Value="Drop Mode" />
      <Reason Code="17" Value="Event Lost" />
      <Reason Code="18" Value="Device Lost" />
      <Reason Code="19" Value="Event Failure" />
      <Reason Code="20" Value="Dropped" />
      <Reason Code="21" Value="User Stop" />
      <Reason Code="22" Value="Message Lost" />
      <Reason Code="23" Value="Drop Mode" />
      <Reason Code="25" Value="Stop Log" />
      <Reason Code="32" Value="Point Index Invalid" />
      <Reason Code="43" Value="IMSI Detach Indication" />
      <Reason Code="44" Value="Video setup timeout" />
      <Reason Code="45" Value="H245 setup timeout" />
      <Reason Code="48" Value="Attempt Later than Hangup" />
      <Reason Code="75" Value="MO No Response" />
      <Reason Code="49" Value="MT No Response" />
      <Reason Code="50" Value="Connect too late" />
      <Reason Code="51" Value="MO Blocked" />
      <Reason Code="52" Value="MT Blocked" />
      <Reason Code="53" Value="MO Dropped" />
      <Reason Code="54" Value="MT Dropped" />
      <Reason Code="55" Value="Receive Message not finded" />
      <Reason Code="56" Value="Push Message not finded" />
      <Reason Code="57" Value="MT NO Message" />
      <Reason Code="58" Value="Disconnect Early" />
      <Reason Code="47" Value="PPP Drop" />
      <Reason Code="46" Value="No Data" />
      <Reason Code="59" Value="DSP Error" />
      <Reason Code="60" Value="MT Rcv CPData" />
      <Reason Code="61" Value="Poor Coverage" />
      <Reason Code="62" Value="Interference" />
      <Reason Code="63" Value="Uplink Failure" />
      <Reason Code="64" Value="Pilot Pollution" />
      <Reason Code="72" Value="Handover Failure" />
      <Reason Code="9" Value="not find PDP Deactive" />
      <Reason Code="76" Value="Socket connect failure" />
      <Reason Code="77" Value="MT Busy" />
      <Reason Code="78" Value="MO Connect timeout(15 s)" />
      <Reason Code="79" Value="MT Connect timeout(15 s)" />
      <Reason Code="80" Value="Unassigned (unallocated) number" />
      <Reason Code="81" Value="Operator determined barring" />
      <Reason Code="82" Value="User busy" />
      <Reason Code="83" Value="User alerting, no answer" />
      <Reason Code="84" Value="Call rejected" />
      <Reason Code="85" Value="Invalid number format (incomplete number)" />
    </Common>
    <Facebook>
      <Reason Code="0" Value="Login" />
      <Reason Code="1" Value="Blog Send" />
      <Reason Code="2" Value="Blog Receive" />
      <Reason Code="3" Value="Comment Send" />
      <Reason Code="4" Value="Comment Receive" />
      <Reason Code="5" Value="Upload" />
      <Reason Code="6" Value="Message Login" />
      <Reason Code="7" Value="Message Send" />
      <Reason Code="8" Value="Message Receive" />
    </Facebook>
    <Lookup>
      <Reason Code="1000" Value="Unknown error" />
      <Reason Code="1001" Value="nodata timeout" />
      <Reason Code="1002" Value="user stop" />
      <Reason Code="1003" Value="Connect timeout" />
      <Reason Code="1010" Value="file not exist" />
      <Reason Code="1011" Value="file size zero" />
      <Reason Code="1012" Value="file open failed" />
      <Reason Code="1020" Value="ftp cmd resp failed" />
      <Reason Code="1030" Value="email stream error" />
      <Reason Code="1031" Value="email not exist" />
      <Reason Code="1032" Value="email size zero" />
      <Reason Code="1033" Value="email select error" />
      <Reason Code="1040" Value="Host no found" />
    </Lookup>
  </BSReasons>
  <BSProperty>
    <BSKind Spid="1" Name="PPP">
    </BSKind>
    <BSKind Spid="2" Name="FtpDown">
      <BSCourses>
        <BSCourse StatisticsId="131" Name="FTP Setup Delay" KpiId="0x00310103" Relevance="0x00310104"/>
        <BSCourse StatisticsId="1539" Name="FTP Service Setup Delay" KpiId="0x00310105" Relevance="0x00310106"/>
        <BSCourse StatisticsId="1540" Name="FTP Session Delay" KpiId="0x00310108" Relevance="0x00310109"/>
        <BSCourse StatisticsId="1546" Name="FTP IP Service Failure" KpiId="0x00310107"/>
        <BSCourse StatisticsId="1547" Name="FTP IP Service Success" KpiId="0x00310106"/>
      </BSCourses>
    </BSKind>
    <BSKind Spid="3" Name="FTPup">
      <BSCourses>
        <BSCourse StatisticsId="131" Name="FTP Setup Delay" KpiId="0x00310203" Relevance="0x00310204"/>
        <BSCourse StatisticsId="1539" Name="FTP Service Setup Delay" KpiId="0x00310205" Relevance="0x00310206"/>
        <BSCourse StatisticsId="1540" Name="FTP Session Delay" KpiId="0x00310208" Relevance="0x00310209"/>
        <BSCourse StatisticsId="1546" Name="FTP IP Service Failure" KpiId="0x00310207"/>
        <BSCourse StatisticsId="1547" Name="FTP IP Service Success" KpiId="0x00310206"/>
      </BSCourses>
    </BSKind>
    <BSKind Spid="4" Name="Ping">
      <BSCourses>
      </BSCourses>
    </BSKind>
    <BSKind Spid="5" Name="Http Download">
      <BSCourses>
        <BSCourse StatisticsId="1539" Name="Http Service Setup Delay" KpiId="0x00310A00" Relevance="0x00310A01"/>
        <BSCourse StatisticsId="1540" Name="Http Session Delay" KpiId="0x00310A03" Relevance="0x00310A04"/>
        <BSCourse StatisticsId="1541" Name="Http Setup Delay" KpiId="0x00310A05" Relevance="0x00310A06"/>
        <BSCourse StatisticsId="1546" Name="Http IP Service Failure" KpiId="0x00310A02"/>
        <BSCourse StatisticsId="1547" Name="Http IP Service Success" KpiId="0x00310A01"/>
      </BSCourses>
    </BSKind>
    <BSKind Spid="6" Name="EMail Pop3">
      <BSCourses>
        <BSCourse StatisticsId="1548" Name="Login Delay" KpiId="0x00310B00"/>
      </BSCourses>
    </BSKind>
    <BSKind Spid="7" Name="EMail SMTP">
      <BSCourses>
        <BSCourse StatisticsId="1548" Name="Login Delay" KpiId="0x00310B00"/>
      </BSCourses>
    </BSKind>
    <BSKind Spid="8" Name="WapPage">
      <BSCourses>
        <BSCourse StatisticsId="1537" Name="Wap TransforRate" KpiId="0x00310800"/>
        <BSCourse StatisticsId="1539" Name="Wap Service Setup Delay" KpiId="0x00310801" Relevance="0x00310802"/>
        <BSCourse StatisticsId="1540" Name="Wap Session Delay" KpiId="0x00310803" Relevance="0x00310804"/>
        <BSCourse StatisticsId="1542" Name="Wap Request Delay" KpiId="0x00310805" Relevance="0x00310806"/>
      </BSCourses>
    </BSKind>
    <BSKind Spid="9" Name="WapDown">
      <BSCourses>
      </BSCourses>
    </BSKind>
    <BSKind Spid="18" Name="VideoStream">
      <BSCourses>
        <BSCourse StatisticsId="526" Name="Total Buffer Counts" KpiId="0x0031040C"/>
        <BSCourse StatisticsId="527" Name="Total Buffer Seconds" KpiId="0x0031040D"/>
        <BSCourse StatisticsId="528" Name="VS DeSyncRate" KpiId="0x0031040E" Relevance="0x0031040F"/>
        <BSCourse StatisticsId="529" Name="ReBuffering Failure" KpiId="0x00310410"/>
      </BSCourses>
    </BSKind>
    <BSKind Spid="21" Name="Attach">
      <BSCourses>
      </BSCourses>
    </BSKind>
    <BSKind Spid="22" Name="PDP(前台插的事件)">
      <BSCourses>
      </BSCourses>
    </BSKind>
    <BSKind Spid="27" Name="Http Page">
      <BSCourses>
        <BSCourse StatisticsId="1539" Name="Http Service Setup Delay" KpiId="0x00310A00" Relevance="0x00310A01"/>
        <BSCourse StatisticsId="1540" Name="Http Session Delay" KpiId="0x00310A03" Relevance="0x00310A04"/>
        <BSCourse StatisticsId="1541" Name="Http Setup Delay" KpiId="0x00310A05" Relevance="0x00310A06"/>
        <BSCourse StatisticsId="1546" Name="Http IP Service Failure" KpiId="0x00310A02"/>
        <BSCourse StatisticsId="1547" Name="Http IP Service Success" KpiId="0x00310A01"/>
      </BSCourses>
    </BSKind>
    <BSKind Spid="28" Name="TraceRoute">
      <BSCourses>
      </BSCourses>
    </BSKind>
    <BSKind Spid="29" Name="VOIP_MO">
      <BSCourses>
      </BSCourses>
    </BSKind>
    <BSKind Spid="30" Name="VOIP_MT">
      <BSCourses>
      </BSCourses>
    </BSKind>
    <BSKind Spid="0x0501" Name="Send SMS">
      <BSCourses>
      </BSCourses>
    </BSKind>
    <BSKind Spid="0x0502" Name="Receive SMS">
      <BSCourses>
      </BSCourses>
    </BSKind>
    <BSKind Spid="1318" Name="SpeedTest">
      <BSCourses>
      </BSCourses>
    </BSKind>
    <BSKind Spid="1319" Name="Iperf">
      <BSCourses>
      </BSCourses>
    </BSKind>
    <BSKind Spid="4097" Name="Voice_MO">
      <BSCourses>
      </BSCourses>
    </BSKind>
    <BSKind Spid="4098" Name="Voice_MT">
      <BSCourses>
      </BSCourses>
    </BSKind>
    <BSKind Spid="4099" Name="Video_MO">
      <BSCourses>
      </BSCourses>
    </BSKind>
    <BSKind Spid="4100" Name="Video_MT">
      <BSCourses>
      </BSCourses>
    </BSKind>
    <BSKind Spid="4352" Name="QChat">
      <BSCourses>
      </BSCourses>
    </BSKind>
    <BSKind Spid="12368" Name="QChatInCall">
      <BSCourses>
      </BSCourses>
    </BSKind>
    <BSKind Spid="8193" Name="RRC_Connect">
      <BSCourses>
      </BSCourses>
    </BSKind>
    <BSKind Spid="8201" Name="LocationUpdate">
      <BSCourses>
      </BSCourses>
    </BSKind>
    <BSKind Spid="8207" Name="PDP Active">
      <BSCourses>
      </BSCourses>
    </BSKind>
    <BSKind Spid="8707" Name="LTETerminalReselect">
      <BSCourses>
      </BSCourses>
    </BSKind>
    <BSKind Spid="8712" Name="LTEIdleToActive">
      <BSCourses>
      </BSCourses>
    </BSKind>
    <BSKind Spid="12289" Name="WCDMA_Soft_Handover">
      <BSCourses>
      </BSCourses>
    </BSKind>
    <BSKind Spid="12290" Name="GSM_Hard_Handover">
      <BSCourses>
      </BSCourses>
    </BSKind>
    <BSKind Spid="12291" Name="Handover_Intra_Baton">
      <BSCourses>
      </BSCourses>
    </BSKind>
    <BSKind Spid="12297" Name="HSPA_CellReselect">
      <BSCourses>
      </BSCourses>
    </BSKind>
    <BSKind Spid="12300" Name="Intra_GSM_CellReselect">
      <BSCourses>
      </BSCourses>
    </BSKind>
    <BSKind Spid="12301" Name="WCDMA_Hard_Handover">
      <BSCourses>
      </BSCourses>
    </BSKind>
    <BSKind Spid="12314" Name="EVDOConnectionDrop">
      <BSCourses>
      </BSCourses>
    </BSKind>
    <BSKind Spid="12315" Name="CDMA_Soft_Handover">
      <BSCourses>
      </BSCourses>
    </BSKind>
    <BSKind Spid="12316" Name="TD_Hard_Handover">
      <BSCourses>
      </BSCourses>
    </BSKind>
    <BSKind Spid="12544" Name="LTEHandover">
      <BSCourses>
      </BSCourses>
    </BSKind>
    <BSKind Spid="-9999" Name="单个应用层业务发生的信令层业务统计">
      <BSCourses>
      </BSCourses>
    </BSKind>
    <BSKind Spid="-9999" Name="所有业务过程都可用的属性">
      <BSCourses>
        <BSCourse StatisticsId="41" Name="IMSIInfo" CHDescription="本次业务过程的IMSI" StatisticsIdName="SP_Property_ID_IMSIInfo" ProperyIdName="App_SP_Stat_IMSIInfo"/>
        <BSCourse StatisticsId="42" Name="ESNInfo" CHDescription="本次业务过程的ESN" StatisticsIdName="SP_Property_ID_ESNInfo" ProperyIdName="App_SP_Stat_IMSIInfo"/>
        <BSCourse StatisticsId="43" Name="Mileage" CHDescription="本次业务过程的里程(一般只用于应用层业务)" StatisticsIdName="SP_Property_ID_Mileage" ProperyIdName="App_SP_Stat_Mileage"/>
        <BSCourse StatisticsId="117" Name="CCReleaseKeys" CHDescription="本次业务过程的RRRelease原因码" StatisticsIdName="SP_Property_ID_CCReleaseKeys" ProperyIdName="App_SP_Stat_AllMsgEvent"/>
        <BSCourse StatisticsId="118" Name="ChannelReleaseKeys" CHDescription="本次业务过程的ChannelRelease原因码" StatisticsIdName="SP_Property_ID_ChannelReleaseKeys" ProperyIdName="App_SP_Stat_AllMsgEvent"/>
        <BSCourse StatisticsId="119" Name="TimeSlot" CHDescription="本次业务过程的TimeSlot" StatisticsIdName="SP_Property_ID_TimeSlot" ProperyIdName="App_SP_Stat_AllMsgEvent"/>
        <BSCourse StatisticsId="82" Name="PPPDialType" CHDescription="本次业务过程对应的PPP拨号模式&#xA;属性值=-1：Unknown&#xA;属性值=0：wap&#xA;属性值=1：net" StatisticsIdName="SP_Property_ID_PPPDialType" ProperyIdName="APP_SP_Stat_PPPDialType"/>
        <BSCourse StatisticsId="129" Name="PSDelay" CHDescription="在本次业务开始点到对应的PPP业务开始点之间,&#xA;找ET_RRC_Connection_Request到ET_PDPDeActive_Accept，并且计算这两个时间的时间差" StatisticsIdName="SP_Property_ID_PSDelay" ProperyIdName="APP_SP_STAT_PSDELAY"/>
        <BSCourse StatisticsId="309" Name="MsgSPOwnedAppSPID" CHDescription="(一般只应用于信令层业务)返回信令层业务所在的应用层业务的SPID" StatisticsIdName="SP_Property_ID_MsgSPOwnedAppSPID" ProperyIdName="App_SP_Stat_MsgSPOwnedAppSPID"/>
        <BSCourse StatisticsId="166" Name="Data Service Traffic Class" CHDescription="数据业务的传输等级" StatisticsIdName="SP_Property_ID_DataServiceTrafficClass" />
        <BSCourse StatisticsId="162" Name="Parellel Service Tag" CHDescription="业务的并发标记" StatisticsIdName="SP_Property_ID_ParellelServiceTag" />
      </BSCourses>
    </BSKind>
    <BSKind Spid="0x0021" Name="DNSLookup">
      <BSCourses>
        <BSCourse StatisticsId="1280" ENName="DNS Lookup Delay" KpiId="0x00310D00" Relevance="0x00300001"/>
      </BSCourses>
    </BSKind>
    <BSKind Spid="34" Name="Facebook">
      <BSCourses>
      </BSCourses>
    </BSKind>
    <BSKind Spid="12548" Name="LTE Cell Reselect">
      <BSCourses>
      </BSCourses>
    </BSKind>
    <BSKind Spid="0x0020" Name="Video Play">
      <BSCourses>
      </BSCourses>
    </BSKind>
  </BSProperty>
</Configs>