﻿<?xml version="1.0" encoding="UTF-8"?>
<Statistics Id="135424" Version="2.0.0.0" CompressFiles="False">
  <CheckNo>DFEFAED38BCBDF22DFEFAED38BCBDF22FE212AEFE1278F5388D4718F2FBDB43FE72BCC76B8881E9B0E71C31FF1E917FBD97F8673FD6CC252</CheckNo>
  <Scenes>
    <Scene Name="LTEBefore" />
    <Scene Name="LTEAfter" />
  </Scenes>
  <ReportElement>
    <Analysises>
      <Coverages>
        <Coverage NetType="LTE" StatisticsType="Sample" Name="PointCoverageRate" ConditionId="1" SumMode="Summary" OutputDir="D:R" StatMode="SampleCoverageRate" Scene="LTEBefore,LTEAfter">
          <CoverageConditions>
            <CoverageCondition Key="0x7F06000E" Expression="&gt;=-105" Name="Rsrp" Main="True" />
            <CoverageCondition Key="0x7F060001" Expression="&gt;=-3" Name="Sinr" />
          </CoverageConditions>
        </Coverage>
        <Coverage NetType="LTE" StatisticsType="Sample" Name="MileageCoverageRate" ConditionId="2" SumMode="Summary" OutputDir="D:R" StatMode="MileageCoverageRate" Scene="LTEBefore,LTEAfter">
          <CoverageConditions>
            <CoverageCondition Key="0x7F06000E" Expression="&gt;=-105" Name="Rsrp" Main="True" />
            <CoverageCondition Key="0x7F060001" Expression="&gt;=-3" Name="Sinr" />
          </CoverageConditions>
        </Coverage>
      </Coverages>
      <Maps>
        <Map Name="RSRP map" ConditionId="155" Scene="LTEBefore,LTEAfter" SumMode="Summary" OutputDir="D:R" StatMode="Overlay" ShowRoadMap="False">
          <MapOptions PicWidth="700" PicHeight="450" ZoomType="Data" ShowGMap="False" ShowSite="False" UseCellColor="False" ShowBackGround="False" MapType="BingMap" PointSize="4" PointShape="Dot" LegendWidth="250">
            <BackGroud OverlayFileType="JPG" IsIndoor="False" />
          </MapOptions>
          <MapDatas>
            <MapData SrcConditionId="154" SrcName="RSRP" TitleName="RSRP">
              <Thresholds StatMode="Pdf">
                <Threshold Range="&lt;=-110" Color="16711680" />
                <Threshold Range="(-110,-100]" Color="16711935" />
                <Threshold Range="(-100,-90]" Color="16744512" />
                <Threshold Range="(-90,-80]" Color="16777088" />
                <Threshold Range="(-80,-70]" Color="8421631" />
                <Threshold Range="(-70,-60]" Color="8453888" />
                <Threshold Range="&gt;-60" Color="38400" />
              </Thresholds>
            </MapData>
          </MapDatas>
        </Map>
        <Map Name="SINR map1" ConditionId="158" Scene="LTEBefore,LTEAfter" SumMode="Summary" OutputDir="D:R" StatMode="Overlay" ShowRoadMap="False">
          <MapOptions PicWidth="700" PicHeight="450" ZoomType="Data" ShowGMap="False" ShowSite="False" UseCellColor="False" ShowBackGround="False" MapType="BingMap" PointSize="4" PointShape="Dot" LegendWidth="250">
            <BackGroud OverlayFileType="JPG" IsIndoor="False" />
          </MapOptions>
          <MapDatas>
            <MapData SrcConditionId="157" SrcName="SINR map" TitleName="SINR">
              <Thresholds StatMode="Pdf">
                <Threshold Range="&lt;=-3" Color="16711808" />
                <Threshold Range="(-3,0]" Color="16711935" />
                <Threshold Range="(0,5]" Color="16744448" />
                <Threshold Range="(5,10]" Color="16776960" />
                <Threshold Range="(10,15]" Color="8421631" />
                <Threshold Range="(15,20]" Color="65535" />
                <Threshold Range="(20,25]" Color="8453888" />
                <Threshold Range="&gt;25" Color="38400" />
              </Thresholds>
            </MapData>
          </MapDatas>
        </Map>
        <Map Name="PDCP DL map-" ConditionId="161" SumMode="Summary" Scene="LTEBefore,LTEAfter" OutputDir="D:R" StatMode="Overlay" ShowRoadMap="False">
          <MapOptions PicWidth="700" PicHeight="450" ZoomType="Data" ShowGMap="False" ShowSite="False" UseCellColor="False" ShowBackGround="False" MapType="BingMap" PointSize="4" PointShape="Dot" LegendWidth="250">
            <BackGroud OverlayFileType="JPG" IsIndoor="False" />
          </MapOptions>
          <MapDatas>
            <MapData SrcConditionId="160" TitleName="PDCP Throughput DL map">
              <Thresholds StatMode="Pdf">
                <Threshold Range="&lt;=1000" Color="16711680" />
                <Threshold Range="(1000,10000]" Color="16744640" />
                <Threshold Range="(10000,50000]" Color="16744448" />
                <Threshold Range="(50000,100000]" Color="16776960" />
                <Threshold Range="(100000,150000]" Color="65535" />
                <Threshold Range="(150000,200000]" Color="255" />
                <Threshold Range="(200000,250000]" Color="65280" />
                <Threshold Range="(250000,300000]" Color="32768" />
                <Threshold Range="&gt;300000" Color="12098805" />
              </Thresholds>
            </MapData>
          </MapDatas>
        </Map>
        <Map Name="pdcp map-" ConditionId="170" SumMode="Summary" Scene="LTEBefore,LTEAfter" OutputDir="D:R" StatMode="Overlay" ShowRoadMap="False">
          <MapOptions PicWidth="700" PicHeight="450" ZoomType="Data" ShowGMap="False" ShowSite="False" UseCellColor="False" ShowBackGround="False" MapType="BingMap" PointSize="4" PointShape="Dot" LegendWidth="250">
            <BackGroud OverlayFileType="JPG" IsIndoor="False" />
          </MapOptions>
          <MapDatas>
            <MapData SrcConditionId="193" TitleName="PDCP Throughput UL1">
              <Thresholds StatMode="TotalCount">
                <Threshold Range="&lt;=1000" Color="16711680" />
                <Threshold Range="(1000,10000]" Color="16744640" />
                <Threshold Range="(10000,50000]" Color="16776960" />
                <Threshold Range="(50000,100000]" Color="8421631" />
                <Threshold Range="(100000,150000]" Color="65280" />
                <Threshold Range="&gt;150000" Color="32768" />
              </Thresholds>
            </MapData>
          </MapDatas>
        </Map>
        <Map Name="UL RU MAP" ConditionId="185" SumMode="Summary" Scene="LTEBefore,LTEAfter" OutputDir="D:R" StatMode="Overlay" ShowRoadMap="False">
          <MapOptions PicWidth="700" PicHeight="450" ZoomType="Data" ShowGMap="False" ShowSite="False" UseCellColor="False" ShowBackGround="False" MapType="BingMap" PointSize="4" PointShape="Dot" LegendWidth="250">
            <BackGroud OverlayFileType="JPG" IsIndoor="False" />
          </MapOptions>
          <MapDatas>
            <MapData SrcConditionId="183" TitleName="NPDSCH Sub Frame Num map">
              <Thresholds StatMode="TotalCount">
                <Threshold Range="&lt;=0" Color="16744576" />
                <Threshold Range="(0,5]" Color="16776960" />
                <Threshold Range="(5,10]" Color="8421631" />
                <Threshold Range="(10,20]" Color="8454143" />
                <Threshold Range="(20,40]" Color="65280" />
                <Threshold Range="&gt;=40" Color="32832" />
              </Thresholds>
            </MapData>
          </MapDatas>
        </Map>
        <Map Name="UL RU MAP1" ConditionId="186" SumMode="Summary" Scene="LTEBefore,LTEAfter" OutputDir="D:R" StatMode="Overlay" ShowRoadMap="False">
          <MapOptions PicWidth="700" PicHeight="450" ZoomType="Data" ShowGMap="False" ShowSite="False" UseCellColor="False" ShowBackGround="False" MapType="BingMap" PointSize="4" PointShape="Dot" LegendWidth="250">
            <BackGroud OverlayFileType="JPG" IsIndoor="False" />
          </MapOptions>
          <MapDatas>
            <MapData SrcConditionId="183" TitleName="NPDSCH Sub Frame Num map">
              <Thresholds StatMode="TotalCount">
                <Threshold Range="&lt;=0" Color="16744576" />
                <Threshold Range="(0,5]" Color="16777088" />
                <Threshold Range="(5,10]" Color="65535" />
                <Threshold Range="(10,20]" Color="8421631" />
                <Threshold Range="(20,40]" Color="65280" />
                <Threshold Range="&gt;=40" Color="32768" />
              </Thresholds>
            </MapData>
          </MapDatas>
        </Map>
      </Maps>
    </Analysises>
    <Parameters>
      <Parameter Key="0x0A002151" Name="FTPDL_Rate_Avg" ConditionId="5" Alias="FTP Download Rate" SumMode="Summary" OutputDir="D:R" StatMode="Average" FilterSpid="2" FilterSpType="1" StatisticsType="Sample" Scene="LTEBefore,LTEAfter" />
      <Parameter Key="0x7F060B02" Name="DL_PDCPRate_Avg" ConditionId="7" Alias="PDCP Throughput DL" SumMode="Summary" OutputDir="D:R" StatMode="Average" FilterSpid="2" FilterSpType="1" StatisticsType="Sample" Scene="LTEBefore,LTEAfter" />
      <Parameter Key="0x7F060B06" Name="DL_RLC_Rate_Avg" ConditionId="9" Alias="RLC Throughput DL" SumMode="Summary" OutputDir="D:R" StatMode="Average" FilterSpid="2" FilterSpType="1" StatisticsType="Sample" Scene="LTEBefore,LTEAfter" />
      <Parameter Key="0x0A007064" Name="DL_MAC_Rate_Avg" ConditionId="10" Alias="MAC Throughput DL" SumMode="Summary" OutputDir="D:R" StatMode="Average" FilterSpid="2" FilterSpType="1" StatisticsType="Sample" Scene="LTEBefore,LTEAfter" />
      <Parameter Key="0x0A007065" Name="DL_PHY_Rate_Avg" ConditionId="11" Alias="PHY Throughput DL" SumMode="Summary" OutputDir="D:R" StatMode="Average" FilterSpid="2" FilterSpType="1" StatisticsType="Sample" Scene="LTEBefore,LTEAfter" />
      <Parameter Key="0x7F06000E" Name="RSRP_Average" ConditionId="12" Alias="RSRP" SumMode="Summary" OutputDir="D:R" StatMode="Average" FilterSpid="2" FilterSpType="1" StatisticsType="Sample" Scene="LTEBefore,LTEAfter" />
      <Parameter Key="0x7F06000F" Name="RSRQ_Average" ConditionId="13" Alias="RSRQ" SumMode="Summary" OutputDir="D:R" StatMode="Average" FilterSpid="2" FilterSpType="1" StatisticsType="Sample" Scene="LTEBefore,LTEAfter" />
      <Parameter Key="0x7F060001" Name="SINR_Average" ConditionId="14" Alias="SINR" SumMode="Summary" OutputDir="D:R" StatMode="Average" FilterSpid="2" FilterSpType="1" StatisticsType="Sample" Scene="LTEBefore,LTEAfter" />
      <Parameter Key="0x7F060202" Name="PDSCH_RB_Count_Avg" ConditionId="15" Alias="PDSCH Serving RB Count /slot" SumMode="Summary" OutputDir="D:R" StatMode="Average" FilterSpid="2" FilterSpType="1" StatisticsType="Sample" Scene="LTEBefore,LTEAfter" />
      <Parameter Key="0x7F060209" Name="PDSCH_Scheduled_RBCount_Avg" ConditionId="16" Alias="PDSCH Scheduled RB Count /slot" SumMode="Summary" OutputDir="D:R" StatMode="Average" FilterSpid="2" FilterSpType="1" StatisticsType="Sample" Scene="LTEBefore,LTEAfter" />
      <Parameter Key="0x7F06004A" Name="PDSCH BLER code0_Average" ConditionId="17" Alias="PDSCH BLER code0" SumMode="Summary" OutputDir="D:R" StatMode="Average" FilterSpid="2" FilterSpType="-1" StatisticsType="Sample" Scene="LTEBefore,LTEAfter" />
      <Parameter Key="0x7F06004B" Name="PDSCH BLER code1_Average" ConditionId="18" Alias="PDSCH BLER code1" SumMode="Summary" OutputDir="D:R" StatMode="Average" FilterSpid="2" FilterSpType="1" StatisticsType="Sample" Scene="LTEBefore,LTEAfter" />
      <Parameter Key="0x7F06080A" Name="MCS Average DL /s_Average" ConditionId="19" Alias="MCS Average DL /s" SumMode="Summary" OutputDir="D:R" StatMode="Average" FilterSpid="2" FilterSpType="1" StatisticsType="Sample" Scene="LTEBefore,LTEAfter" />
      <Parameter Key="0x0A002153" Name="FTPUL_Rate_Avg" ConditionId="20" Alias="FTP Upload Rate" SumMode="Summary" OutputDir="D:R" StatMode="Average" FilterSpid="3" FilterSpType="1" StatisticsType="Sample" Scene="LTEBefore,LTEAfter" />
      <Parameter Key="0x7F060B03" Name="UL_PDCPRate_Avg" ConditionId="21" Alias="PDCP Throughput UL" SumMode="Summary" OutputDir="D:R" StatMode="Average" FilterSpid="3" FilterSpType="1" StatisticsType="Sample" Scene="LTEBefore,LTEAfter" />
      <Parameter Key="0x7F060B07" Name="UL_RLC_Rate_Avg" ConditionId="22" Alias="RLC Throughput UL" SumMode="Summary" OutputDir="D:R" StatMode="Average" FilterSpid="3" FilterSpType="1" StatisticsType="Sample" Scene="LTEBefore,LTEAfter" />
      <Parameter Key="0x0A00709A" Name="UL_MAC_Rate_Avg" ConditionId="23" Alias="MAC Throughput UL" SumMode="Summary" OutputDir="D:R" StatMode="Average" FilterSpid="3" FilterSpType="1" StatisticsType="Sample" Scene="LTEBefore,LTEAfter" />
      <Parameter Key="0x0A00709B" Name="UL_PHY_Rate_Avg" ConditionId="24" Alias="PHY Throughput UL" SumMode="Summary" OutputDir="D:R" StatMode="Average" FilterSpid="3" FilterSpType="1" StatisticsType="Sample" Scene="LTEBefore,LTEAfter" />
      <Parameter Key="0x7F06000E" Name="UL_RSRP_Average" ConditionId="25" Alias="RSRP" SumMode="Summary" OutputDir="D:R" StatMode="Average" FilterSpid="3" FilterSpType="1" StatisticsType="Sample" Scene="LTEBefore,LTEAfter" />
      <Parameter Key="0x7F06000F" Name="UL_RSRQ_Average" ConditionId="26" Alias="RSRQ" SumMode="Summary" OutputDir="D:R" StatMode="Average" FilterSpid="3" FilterSpType="1" StatisticsType="Sample" Scene="LTEBefore,LTEAfter" />
      <Parameter Key="0x7F060001" Name="UL_SINR_Average" ConditionId="27" Alias="SINR" SumMode="Summary" OutputDir="D:R" StatMode="Average" FilterSpid="3" FilterSpType="1" StatisticsType="Sample" Scene="LTEBefore,LTEAfter" />
      <Parameter Key="0x7F060200" Name="PUSCH_RB_Count_Avg" ConditionId="28" Alias="PUSCH Serving RB Count /slot" SumMode="Summary" OutputDir="D:R" StatMode="Average" FilterSpid="3" FilterSpType="1" StatisticsType="Sample" Scene="LTEBefore,LTEAfter" />
      <Parameter Key="0x7F060208" Name="PUSCH_Scheduled_RBCount_Avg" ConditionId="29" Alias="PUSCH Scheduled RB Count /slot" SumMode="Summary" OutputDir="D:R" StatMode="Average" FilterSpid="3" FilterSpType="1" StatisticsType="Sample" Scene="LTEBefore,LTEAfter" />
      <Parameter Key="0x7F060069" Name="PUSCH_BLER_Average" ConditionId="30" Alias="PUSCH BLER" SumMode="Summary" OutputDir="D:R" StatMode="Average" FilterSpid="3" FilterSpType="1" StatisticsType="Sample" Scene="LTEBefore,LTEAfter" />
      <Parameter Key="0x7F060809" Name="UL_MCS_Avg" ConditionId="31" Alias="MCS Average UL /s" SumMode="Summary" OutputDir="D:R" StatMode="Average" FilterSpid="3" FilterSpType="1" StatisticsType="Sample" Scene="LTEBefore,LTEAfter" />
      <Parameter Key="0x7F060D80" Name="Handover_User_Delay_Avg" ConditionId="120" Alias="User Plain Handover Delay" SumMode="Summary" OutputDir="D:R" StatMode="Average" StatisticsType="Sample" Scene="LTEBefore,LTEAfter" />
      <Parameter Key="0x7F06000E" Name="RSRP interval" ConditionId="153" Scene="LTEBefore,LTEAfter" SumMode="Summary" OutputDir="D:R" StatMode="Interval" StatisticsType="Sample">
        <Thresholds StatMode="TotalCount,Pdf,Cdf">
          <Threshold Range="&lt;=-110" Color="255" />
          <Threshold Range="(-110,-100]" Color="16711935" />
          <Threshold Range="(-100,-90]" Color="16776960" />
          <Threshold Range="(-90,-80]" Color="16711680" />
          <Threshold Range="(-80,-70]" Color="65280" />
          <Threshold Range="(-70,-60]" Color="38400" />
          <Threshold Range="&gt;-60" Color="38400" />
        </Thresholds>
        <ParamConditions />
      </Parameter>
      <Parameter Key="0x7F06000E" Name="RSRP" ConditionId="154" SumMode="Summary" Scene="LTEBefore,LTEAfter" OutputDir="D:R" StatMode="Interval" Map="True" StatisticsType="Sample">
        <Thresholds StatMode="Pdf">
          <Threshold Range="&lt;=-110" Color="255" />
          <Threshold Range="(-110,-100]" Color="16711935" />
          <Threshold Range="(-100,-90]" Color="16776960" />
          <Threshold Range="(-90,-80]" Color="16711680" />
          <Threshold Range="(-80,-70]" Color="65280" />
          <Threshold Range="(-70,-60]" Color="38400" />
          <Threshold Range="&gt;-60" Color="38400" />
        </Thresholds>
        <ParamConditions />
      </Parameter>
      <Parameter Key="0x7F060001" Name="SINR interval" ConditionId="156" Scene="LTEBefore,LTEAfter" SumMode="Summary" OutputDir="D:R" StatMode="Interval" StatisticsType="Sample">
        <Thresholds StatMode="TotalCount,Pdf,Cdf">
          <Threshold Range="&lt;=-3" Color="255" />
          <Threshold Range="(-3,0]" Color="16711935" />
          <Threshold Range="(0,5]" Color="65535" />
          <Threshold Range="(5,10]" Color="16776960" />
          <Threshold Range="(10,15]" Color="16711680" />
          <Threshold Range="(15,20]" Color="65280" />
          <Threshold Range="(20,25]" Color="38400" />
          <Threshold Range="&gt;25" Color="38400" />
        </Thresholds>
        <ParamConditions />
      </Parameter>
      <Parameter Key="0x7F060001" Name="SINR map" ConditionId="157" Scene="LTEBefore,LTEAfter" SumMode="Summary" OutputDir="D:R" StatMode="Interval" Map="True" StatisticsType="Sample">
        <Thresholds StatMode="Pdf">
          <Threshold Range="&lt;=-3" Color="255" />
          <Threshold Range="(-3,0]" Color="16711935" />
          <Threshold Range="(0,5]" Color="65535" />
          <Threshold Range="(5,10]" Color="16776960" />
          <Threshold Range="(10,15]" Color="16711680" />
          <Threshold Range="(15,20]" Color="65280" />
          <Threshold Range="(20,25]" Color="38400" />
          <Threshold Range="&gt;25" Color="38400" />
        </Thresholds>
        <ParamConditions />
      </Parameter>
      <Parameter Key="0x7F060B02" Name="PDCP Throughput DL interval" ConditionId="159" Scene="LTEBefore,LTEAfter" SumMode="Summary" OutputDir="D:R" StatMode="Interval" StatisticsType="Sample">
        <Thresholds StatMode="TotalCount,Pdf,Cdf">
          <Threshold Range="&lt;=1000" Color="255" />
          <Threshold Range="(1000,10000]" Color="65535" />
          <Threshold Range="(10000,50000]" Color="16711680" />
          <Threshold Range="(50000,100000]" Color="16776960" />
          <Threshold Range="(100000,150000]" Color="65280" />
          <Threshold Range="(150000,200000]" Color="32768" />
          <Threshold Range="(200000,250000]" Color="32768" />
          <Threshold Range="(250000,300000]" Color="32768" />
          <Threshold Range="&gt;300000" Color="12098805" />
        </Thresholds>
        <BusinesseConditions>
          <Businesse Name="FTP Download" ConditionId="187" Spid="2" ResultType="All" SumMode="SummaryByLog" OutputDir="D:R" ObtainNetType="All" />
          <Businesse Name="MO" ConditionId="188" Spid="4097" ResultType="All" SumMode="SummaryByLog" OutputDir="D:R" ObtainNetType="All" />
          <Businesse Name="MT" ConditionId="189" Spid="4098" ResultType="All" SumMode="SummaryByLog" OutputDir="D:R" ObtainNetType="All" />
          <Businesse Name="HTTP Download" ConditionId="190" Spid="5" ResultType="All" SumMode="SummaryByLog" OutputDir="D:R" ObtainNetType="All" />
          <Businesse Name="HTTP Page" ConditionId="191" Spid="27" ResultType="All" SumMode="SummaryByLog" OutputDir="D:R" ObtainNetType="All" />
          <Businesse Name="Http Video" ConditionId="192" Spid="32" ResultType="All" SumMode="SummaryByLog" OutputDir="D:R" ObtainNetType="All" />
        </BusinesseConditions>
      </Parameter>
      <Parameter Key="0x7F060B02" Name="PDCP Throughput DL map" ConditionId="160" SumMode="Summary" Scene="LTEBefore,LTEAfter" OutputDir="D:R" StatMode="Interval" Map="True" StatisticsType="Sample">
        <Thresholds StatMode="Pdf">
          <Threshold Range="&lt;=1000" Color="255" />
          <Threshold Range="(1000,10000]" Color="65535" />
          <Threshold Range="(10000,50000]" Color="16711680" />
          <Threshold Range="(50000,100000]" Color="16776960" />
          <Threshold Range="(100000,150000]" Color="65280" />
          <Threshold Range="(150000,200000]" Color="32768" />
          <Threshold Range="(200000,250000]" Color="32768" />
          <Threshold Range="(250000,300000]" Color="32768" />
          <Threshold Range="&gt;300000" Color="12098805" />
        </Thresholds>
      </Parameter>
      <Parameter Key="0x7F060B03" Name="PDCP Throughput UL interval" ConditionId="168" Scene="LTEBefore,LTEAfter" SumMode="Summary" OutputDir="D:R" StatMode="Interval" StatisticsType="Sample">
        <Thresholds StatMode="TotalCount,Pdf,Cdf">
          <Threshold Range="&lt;=1000" Color="255" />
          <Threshold Range="(1000,10000]" Color="65535" />
          <Threshold Range="(10000,50000]" Color="16776960" />
          <Threshold Range="(50000,100000]" Color="16776960" />
          <Threshold Range="(100000,150000]" Color="65280" />
          <Threshold Range="&gt;150000" Color="32768" />
        </Thresholds>
      </Parameter>
      <Parameter Key="0x7F062E0B" Name="NPDSCH Sub Frame Num map" ConditionId="183" Scene="LTEAfter,LTEBefore" SumMode="Summary" OutputDir="D:R" StatMode="Interval" Map="True" StatisticsType="Sample">
        <Thresholds StatMode="TotalCount">
          <Threshold Range="&lt;=0" />
          <Threshold Range="(0,5]" />
          <Threshold Range="(5,10]" />
          <Threshold Range="(10,20]" />
          <Threshold Range="(20,40]" />
          <Threshold Range="&gt;=40" />
        </Thresholds>
      </Parameter>
      <Parameter Key="0x7F06000E" Name="RSRP1 avg " ConditionId="171" Scene="LTEAfter,LTEBefore" SumMode="Summary" OutputDir="D:R" StatMode="Average" StatisticsType="Sample">
        <ParamConditions />
      </Parameter>
      <Parameter Key="0x7F060001" Name="SINR avg" ConditionId="172" Scene="LTEAfter,LTEBefore" SumMode="Summary" OutputDir="D:R" StatMode="Average" StatisticsType="Sample">
        <ParamConditions />
      </Parameter>
      <Parameter Key="0x7F060B02" Name="PDCP Throughput DL" ConditionId="173" Scene="LTEAfter,LTEBefore" SumMode="Summary" OutputDir="D:R" StatMode="Average" DisplayScale="1000" StatisticsType="Sample" />
      <Parameter Key="0x7F060B03" Name="PDCP Throughput UL" ConditionId="174" Scene="LTEAfter,LTEBefore" SumMode="Summary" OutputDir="D:R" StatMode="Average" DisplayScale="1000" StatisticsType="Sample" />
      <Parameter Key="0x7F062E02" Name="NPUSCH RU Num interval" ConditionId="182" Scene="LTEAfter,LTEBefore" SumMode="Summary" OutputDir="D:R" StatMode="Interval" StatisticsType="Sample">
        <Thresholds StatMode="TotalCount,Pdf,Cdf">
          <Threshold Range="&lt;=0" />
          <Threshold Range="(0,5]" Color="6488270" />
          <Threshold Range="(5,10]" Color="13009663" />
          <Threshold Range="(10,20]" Color="65535" />
          <Threshold Range="(20,40]" Color="16744960" />
          <Threshold Range="&gt;=40" Color="24064" />
        </Thresholds>
      </Parameter>
      <Parameter Key="0x7F062E0B" Name="NPDSCH Sub Frame Num interval" ConditionId="184" Scene="LTEBefore,LTEAfter" SumMode="Summary" OutputDir="D:R" StatMode="Interval" StatisticsType="Sample">
        <Thresholds StatMode="TotalCount,Pdf,Cdf">
          <Threshold Range="&lt;=0" />
          <Threshold Range="(0,5]" />
          <Threshold Range="(5,10]" />
          <Threshold Range="(10,20]" />
          <Threshold Range="(20,40]" />
          <Threshold Range="&gt;=40" />
        </Thresholds>
      </Parameter>
      <Parameter Key="0x7F060B03" Name="PDCP Throughput UL1" ConditionId="193" SumMode="Summary" OutputDir="D:R" StatMode="Interval" Map="True" StatisticsType="Sample" Scene="LTEAfter,LTEBefore">
        <Thresholds StatMode="TotalCount">
          <Threshold Range="&lt;=1000" Color="255" />
          <Threshold Range="(1000,10000]" Color="65535" />
          <Threshold Range="(10000,50000]" Color="16776960" />
          <Threshold Range="(50000,100000]" Color="16776960" />
          <Threshold Range="(100000,150000]" Color="65280" />
          <Threshold Range="&gt;150000" Color="32768" />
        </Thresholds>
      </Parameter>
    </Parameters>
    <Businesses>
      <Businesse Name="LTE_EPS_Count" ConditionId="49" SumMode="Summary" OutputDir="D:R" Orders="1.BusinessCount,2.BusinessCount" Spid="8704" ObtainNetType="All" ResultType="All" Scene="LTEBefore,LTEAfter">
        <BSStatModes>
          <BSStatMode Name="BusinessCount" ConditionId="48" StatMode="BusinessCount" Alias="1" DelayType="1" ObtainNetType="All" ResultType="Success" />
          <BSStatMode Name="BusinessCount" ConditionId="50" StatMode="BusinessCount" Alias="2" DelayType="1" ObtainNetType="All" ResultType="All" />
        </BSStatModes>
      </Businesse>
      <Businesse Name="LTE Paging" ConditionId="68" Scene="LTEBefore,LTEAfter" SumMode="Summary" OutputDir="R:D" Orders="1.BusinessCount,2.BusinessCount,3.SuccessRate,4.BusinessCount,5.BusinessCount,6.BusinessDelay" Spid="12545" ObtainNetType="All" ResultType="All">
        <BSStatModes>
          <BSStatMode Name="BusinessCount" ConditionId="69" StatMode="BusinessCount" Alias="1" DelayType="1" ObtainNetType="All" ResultType="All" />
          <BSStatMode Name="BusinessCount" ConditionId="63" StatMode="BusinessCount" Alias="2" DelayType="1" ObtainNetType="All" ResultType="Success" />
          <BSStatMode Name="SuccessRate" ConditionId="64" StatMode="SuccessRate" Alias="3" DelayType="1" ObtainNetType="All" ResultType="Success" />
          <BSStatMode Name="BusinessCount" ConditionId="65" StatMode="BusinessCount" Alias="4" DelayType="1" ObtainNetType="All" ResultType="Failure" />
          <BSStatMode Name="BusinessCount" ConditionId="66" StatMode="BusinessCount" Alias="5" DelayType="1" ObtainNetType="All" ResultType="Droped" />
          <BSStatMode Name="BusinessDelay" ConditionId="67" StatMode="BusinessDelay" Alias="6" DelayType="1" ObtainNetType="All" ResultType="Success" />
        </BSStatModes>
      </Businesse>
      <Businesse Name="Ping" ConditionId="75" SumMode="Summary" OutputDir="R:D" Orders="1.BusinessCount,2.BusinessCount,3.SuccessRate,4.BusinessDelay,5.MaximumDelay,6.MinimumDelay" Spid="4" ObtainNetType="All" ResultType="All" Scene="LTEBefore,LTEAfter">
        <BSStatModes>
          <BSStatMode Name="BusinessCount" ConditionId="76" StatMode="BusinessCount" Alias="1" DelayType="1" ObtainNetType="All" ResultType="ExceptAbandon" />
          <BSStatMode Name="BusinessCount" ConditionId="70" StatMode="BusinessCount" Alias="2" DelayType="1" ObtainNetType="All" ResultType="Success" />
          <BSStatMode Name="SuccessRate" ConditionId="71" StatMode="SuccessRate" Alias="3" DelayType="1" ObtainNetType="All" ResultType="Success" />
          <BSStatMode Name="BusinessDelay" ConditionId="150" StatMode="BusinessDelay" Alias="4" DelayType="1" ObtainNetType="All" ResultType="Success" />
          <BSStatMode Name="MaximumDelay" ConditionId="151" StatMode="MaximumDelay" Alias="5" DelayType="1" ObtainNetType="All" ResultType="Success" />
          <BSStatMode Name="MinimumDelay" ConditionId="152" StatMode="MinimumDelay" Alias="6" DelayType="1" ObtainNetType="All" ResultType="Success" />
        </BSStatModes>
      </Businesse>
      <Businesse Name="FTP Download" ConditionId="80" SumMode="Summary" OutputDir="R:D" Orders="1.BusinessCount,2.BusinessCount,3.SuccessRate,4.DroppedRate" Spid="2" ObtainNetType="All" ResultType="All" Scene="LTEBefore,LTEAfter">
        <BSStatModes>
          <BSStatMode Name="BusinessCount" ConditionId="81" StatMode="BusinessCount" Alias="1" DelayType="1" ObtainNetType="All" ResultType="All" />
          <BSStatMode Name="BusinessCount" ConditionId="77" StatMode="BusinessCount" Alias="2" DelayType="1" ObtainNetType="All" ResultType="Success" />
          <BSStatMode Name="SuccessRate" ConditionId="78" StatMode="SuccessRate" Alias="3" DelayType="1" ObtainNetType="All" ResultType="Success" />
          <BSStatMode Name="DroppedRate" ConditionId="79" StatMode="DroppedRate" Alias="4" DelayType="1" ObtainNetType="All" ResultType="Success" />
        </BSStatModes>
      </Businesse>
      <Businesse Name="FTP Upload" ConditionId="85" SumMode="Summary" OutputDir="R:D" Orders="1.BusinessCount,2.BusinessCount,3.SuccessRate,4.DroppedRate" Spid="3" ObtainNetType="All" ResultType="All" Scene="LTEBefore,LTEAfter">
        <BSStatModes>
          <BSStatMode Name="BusinessCount" ConditionId="86" StatMode="BusinessCount" Alias="1" DelayType="1" ObtainNetType="All" ResultType="All" />
          <BSStatMode Name="BusinessCount" ConditionId="82" StatMode="BusinessCount" Alias="2" DelayType="1" ObtainNetType="All" ResultType="Success" />
          <BSStatMode Name="SuccessRate" ConditionId="83" StatMode="SuccessRate" Alias="3" DelayType="1" ObtainNetType="All" ResultType="Success" />
          <BSStatMode Name="DroppedRate" ConditionId="84" StatMode="DroppedRate" Alias="4" DelayType="1" ObtainNetType="All" ResultType="Success" />
        </BSStatModes>
      </Businesse>
      <Businesse Name="LTE Attach" ConditionId="91" Scene="LTEBefore,LTEAfter" SumMode="Summary" OutputDir="R:D" Orders="1.BusinessCount,2.BusinessCount,3.SuccessRate,4.BusinessCount,5.BusinessDelay" Spid="1539" ObtainNetType="All" ResultType="All">
        <BSStatModes>
          <BSStatMode Name="BusinessCount" ConditionId="92" StatMode="BusinessCount" Alias="1" DelayType="1" ObtainNetType="All" ResultType="All" />
          <BSStatMode Name="BusinessCount" ConditionId="87" StatMode="BusinessCount" Alias="2" DelayType="1" ObtainNetType="All" ResultType="Success" />
          <BSStatMode Name="SuccessRate" ConditionId="88" StatMode="SuccessRate" Alias="3" DelayType="1" ObtainNetType="All" ResultType="Success" />
          <BSStatMode Name="BusinessCount" ConditionId="89" StatMode="BusinessCount" Alias="4" DelayType="1" ObtainNetType="All" ResultType="Failure" />
          <BSStatMode Name="BusinessDelay" ConditionId="141" StatMode="BusinessDelay" Alias="5" DelayType="1" DisplayScale="0.001" ObtainNetType="All" ResultType="Success" />
        </BSStatModes>
      </Businesse>
      <Businesse Name="LTE Detach" ConditionId="97" Scene="LTEBefore,LTEAfter" SumMode="Summary" OutputDir="R:D" Orders="1.BusinessCount,2.BusinessCount,3.SuccessRate,4.BusinessCount,5.BusinessDelay" Spid="1540" ObtainNetType="All" ResultType="All">
        <BSStatModes>
          <BSStatMode Name="BusinessCount" ConditionId="98" StatMode="BusinessCount" Alias="1" DelayType="1" ObtainNetType="All" ResultType="All" />
          <BSStatMode Name="BusinessCount" ConditionId="93" StatMode="BusinessCount" Alias="2" DelayType="1" ObtainNetType="All" ResultType="Success" />
          <BSStatMode Name="SuccessRate" ConditionId="94" StatMode="SuccessRate" Alias="3" DelayType="1" ObtainNetType="All" ResultType="Success" />
          <BSStatMode Name="BusinessCount" ConditionId="95" StatMode="BusinessCount" Alias="4" DelayType="1" ObtainNetType="All" ResultType="Failure" />
          <BSStatMode Name="BusinessDelay" ConditionId="142" StatMode="BusinessDelay" Alias="5" DelayType="1" DisplayScale="0.001" ObtainNetType="All" ResultType="Success" />
        </BSStatModes>
      </Businesse>
      <Businesse Name="LTE_Handover_Success_Info" ConditionId="103" SumMode="Summary" OutputDir="R:D" Orders="1.BusinessCount,2.BusinessCount,3.SuccessRate" Spid="12544" ObtainNetType="All" ResultType="All" Scene="LTEBefore,LTEAfter">
        <BSStatModes>
          <BSStatMode Name="BusinessCount" ConditionId="104" StatMode="BusinessCount" Alias="1" DelayType="1" ObtainNetType="All" ResultType="All" />
          <BSStatMode Name="BusinessCount" ConditionId="99" StatMode="BusinessCount" Alias="2" DelayType="1" ObtainNetType="All" ResultType="Success" />
          <BSStatMode Name="SuccessRate" ConditionId="100" StatMode="SuccessRate" Alias="3" DelayType="1" ObtainNetType="All" ResultType="Success" />
        </BSStatModes>
      </Businesse>
      <Businesse Name="LTE_Handover_SameFreq" ConditionId="105" SumMode="Summary" OutputDir="R:D" Orders="1.BusinessCount,2.BusinessCount,3.SuccessRate,Empty,Empty,Empty,4.BusinessCount" Spid="12544" ObtainNetType="All" ResultType="All" Scene="LTEBefore,LTEAfter">
        <FilterPropertys>
          <FilterProperty Property="-9999" Statistics="1" Expression="=1" Name="ReasonKeys" />
        </FilterPropertys>
        <BSStatModes>
          <BSStatMode Name="BusinessCount" ConditionId="106" StatMode="BusinessCount" Alias="1" DelayType="1" ObtainNetType="All" ResultType="All" />
          <BSStatMode Name="BusinessCount" ConditionId="101" StatMode="BusinessCount" Alias="2" DelayType="1" ObtainNetType="All" ResultType="Success" />
          <BSStatMode Name="SuccessRate" ConditionId="102" StatMode="SuccessRate" Alias="3" DelayType="1" ObtainNetType="All" ResultType="Success" />
          <BSStatMode Name="BusinessCount" ConditionId="109" StatMode="BusinessCount" Alias="4" DelayType="1" ObtainNetType="All" ResultType="Failure" />
        </BSStatModes>
      </Businesse>
      <Businesse Name="LTE_Handover_DiffFreq" ConditionId="114" SumMode="Summary" OutputDir="R:D" Orders="1.BusinessCount,2.BusinessCount,3.SuccessRate,Empty,4.BusinessCount" Spid="12544" ObtainNetType="All" ResultType="All" Scene="LTEBefore,LTEAfter">
        <FilterPropertys>
          <FilterProperty Property="-9999" Statistics="1" Expression="=2" Name="ReasonKeys" />
        </FilterPropertys>
        <BSStatModes>
          <BSStatMode Name="BusinessCount" ConditionId="115" StatMode="BusinessCount" Alias="1" DelayType="1" ObtainNetType="All" ResultType="All" />
          <BSStatMode Name="BusinessCount" ConditionId="110" StatMode="BusinessCount" Alias="2" DelayType="1" ObtainNetType="All" ResultType="Success" />
          <BSStatMode Name="SuccessRate" ConditionId="111" StatMode="SuccessRate" Alias="3" DelayType="1" ObtainNetType="All" ResultType="Success" />
          <BSStatMode Name="BusinessCount" ConditionId="113" StatMode="BusinessCount" Alias="4" DelayType="1" ObtainNetType="All" ResultType="Failure" />
        </BSStatModes>
      </Businesse>
      <Businesse Name="LTE_Handover_Failure_Info" ConditionId="118" SumMode="Summary" OutputDir="R:D" Orders="1.BusinessCount,2.Average" Spid="12544" ObtainNetType="All" ResultType="All" Scene="LTEBefore,LTEAfter">
        <BSStatModes>
          <BSStatMode Name="BusinessCount" ConditionId="119" StatMode="BusinessCount" Alias="1" DelayType="1" ObtainNetType="All" ResultType="Failure" />
        </BSStatModes>
        <BSStatPropertys>
          <BSStatProperty Statistics="57" StatMode="Average" ConditionId="121" Alias="2" DisplayScale="0.001" Name="LTEHandoverControlDelay" ResultType="ExceptAbandon" />
        </BSStatPropertys>
      </Businesse>
      <Businesse Name="LTECell_Reselect_Success_Info" ConditionId="124" SumMode="Summary" OutputDir="R:D" Orders="1.BusinessCount,2.BusinessCount,3.SuccessRate" Spid="8707" ObtainNetType="All" ResultType="All" Scene="LTEBefore,LTEAfter">
        <BSStatModes>
          <BSStatMode Name="BusinessCount" ConditionId="125" StatMode="BusinessCount" Alias="1" DelayType="1" ObtainNetType="All" ResultType="All" />
          <BSStatMode Name="BusinessCount" ConditionId="122" StatMode="BusinessCount" Alias="2" DelayType="1" ObtainNetType="All" ResultType="Success" />
          <BSStatMode Name="SuccessRate" ConditionId="123" StatMode="SuccessRate" Alias="3" DelayType="1" ObtainNetType="All" ResultType="Success" />
        </BSStatModes>
      </Businesse>
      <Businesse Name="LTECell_Reselect_SameFreq" ConditionId="128" SumMode="Summary" OutputDir="R:D" Orders="1.BusinessCount,2.BusinessCount,3.SuccessRate,Empty,Empty,Empty,4.BusinessCount" Spid="8707" ObtainNetType="All" ResultType="All" Scene="LTEBefore,LTEAfter">
        <FilterPropertys>
          <FilterProperty Property="-9999" Statistics="1" Expression="=1" Name="ReasonKeys" />
        </FilterPropertys>
        <BSStatModes>
          <BSStatMode Name="BusinessCount" ConditionId="129" StatMode="BusinessCount" Alias="1" DelayType="1" ObtainNetType="All" ResultType="All" />
          <BSStatMode Name="BusinessCount" ConditionId="126" StatMode="BusinessCount" Alias="2" DelayType="1" ObtainNetType="All" ResultType="Success" />
          <BSStatMode Name="SuccessRate" ConditionId="127" StatMode="SuccessRate" Alias="3" DelayType="1" ObtainNetType="All" ResultType="Success" />
          <BSStatMode Name="BusinessCount" ConditionId="138" StatMode="BusinessCount" Alias="4" DelayType="1" ObtainNetType="All" ResultType="Failure" />
        </BSStatModes>
      </Businesse>
      <Businesse Name="LTECell_Reselect_DiffFreq" ConditionId="134" SumMode="Summary" OutputDir="R:D" Orders="1.BusinessCount,2.BusinessCount,3.SuccessRate,Empty,4.BusinessCount" Spid="8707" ObtainNetType="All" ResultType="All" Scene="LTEBefore,LTEAfter">
        <BSStatModes>
          <BSStatMode Name="BusinessCount" ConditionId="135" StatMode="BusinessCount" Alias="1" DelayType="1" ObtainNetType="All" ResultType="All" />
          <BSStatMode Name="BusinessCount" ConditionId="130" StatMode="BusinessCount" Alias="2" DelayType="1" ObtainNetType="All" ResultType="Success" />
          <BSStatMode Name="SuccessRate" ConditionId="131" StatMode="SuccessRate" Alias="3" DelayType="1" ObtainNetType="All" ResultType="Success" />
          <BSStatMode Name="BusinessCount" ConditionId="133" StatMode="BusinessCount" Alias="4" DelayType="1" ObtainNetType="All" ResultType="Failure" />
        </BSStatModes>
      </Businesse>
      <Businesse Name="LTECell_Reselect_Failure" ConditionId="139" SumMode="Summary" OutputDir="R:D" Orders="1.BusinessCount,2.BusinessDelay" Spid="8707" ObtainNetType="All" ResultType="All" Scene="LTEBefore,LTEAfter">
        <BSStatModes>
          <BSStatMode Name="BusinessCount" ConditionId="140" StatMode="BusinessCount" Alias="1" DelayType="1" ObtainNetType="All" ResultType="Failure" />
          <BSStatMode Name="BusinessDelay" ConditionId="143" StatMode="BusinessDelay" Alias="2" DelayType="1" ObtainNetType="All" ResultType="Success" />
        </BSStatModes>
      </Businesse>
      <Businesse Name="Iperf" ConditionId="181" Scene="LTEAfter,LTEBefore" SumMode="Summary" OutputDir="R:D" Orders="1,2,3,4,5,6" Spid="1319" ObtainNetType="All" ResultType="ExceptAbandon">
        <BSStatModes>
          <BSStatMode Name="BusinessCount" ConditionId="175" StatMode="BusinessCount" Alias="1" ObtainNetType="All" ResultType="ExceptAbandon" />
          <BSStatMode Name="BusinessCount" ConditionId="176" StatMode="BusinessCount" Alias="2" ObtainNetType="All" ResultType="Success" />
          <BSStatMode Name="SuccessRate" ConditionId="177" StatMode="SuccessRate" Alias="3" ObtainNetType="All" ResultType="ExceptAbandon" />
          <BSStatMode Name="BusinessDelay" ConditionId="178" StatMode="BusinessDelay" Alias="4" DelayType="1" ObtainNetType="All" ResultType="Success" />
          <BSStatMode Name="MaximumDelay" ConditionId="179" StatMode="MaximumDelay" Alias="5" DelayType="1" ObtainNetType="All" ResultType="Success" />
          <BSStatMode Name="MinimumDelay" ConditionId="180" StatMode="MinimumDelay" Alias="6" DelayType="1" ObtainNetType="All" ResultType="Success" />
        </BSStatModes>
      </Businesse>
    </Businesses>
  </ReportElement>
  <Bins />
</Statistics>