<?xml version="1.0" encoding="UTF-8"?>
<Statistics Id="135424" Version="2.0.0.0">
  <CheckNo>DFEFAED38BCBDF22DFEFAED38BCBDF227DD652D921DD592D92C72EF0C1148A5387119BE911C827789AF50B95A4A6A9D9DE68AADCF921E91D</CheckNo>
  <Field Valid="True" />
  <Scenes>
    <Scene Name="Scanner"/>
    </Scenes>
  <Groups>
		<Group Name="CW" Auto="True" Type="KPI" Range="Part">
			<ParamCondition Key="0x0001" Name="CHANNEL" StructProperty="BLOCK.CHANNEL"/>
		</Group>
		<Group Name="Spectrum" Auto="True" Type="KPI" Range="Part">
			<ParamCondition Key="0x0002" Name="RBW" StructProperty="BLOCK.RBW"/>
		</Group>
		<Group Name="TopN_Pilot_PSS" Auto="True" Type="KPI" Range="Part">
			<ParamCondition Key="0x5002" Name="EARFCN" StructProperty="INFO.EARFCN"/>
			<ParamCondition Key="0x5002" Name="PCI" StructProperty="INFO.PCI"/>
		</Group>
		<Group Name="TopN_Pilot_SSS" Auto="True" Type="KPI" Range="Part">
			<ParamCondition Key="0x5003" Name="EARFCN" StructProperty="INFO.EARFCN"/>
			<ParamCondition Key="0x5003" Name="PCI" StructProperty="INFO.PCI"/>
		</Group>
	
		<Group Name="TopN_Pilot_RS" Auto="True" Type="KPI" Range="Part">
			<ParamCondition Key="0x5004" Name="EARFCN" StructProperty="INFO.EARFCN"/>
			<ParamCondition Key="0x5004" Name="PCI" StructProperty="INFO.PCI"/>
		</Group>
		<Group Name="TopN_Pilot_PDCCH" Auto="True" Type="KPI" Range="Part">
			<ParamCondition Key="0x5005" Name="EARFCN" StructProperty="INFO.EARFCN"/>
			<ParamCondition Key="0x5005" Name="PCI" StructProperty="INFO.PCI"/>
		</Group>
	
		<Group Name="TopN_Pilot_PDSCH" Auto="True" Type="KPI" Range="Part">
			<ParamCondition Key="0x5006" Name="EARFCN" StructProperty="INFO.EARFCN"/>
			<ParamCondition Key="0x5006" Name="PCI" StructProperty="INFO.PCI"/>
		</Group>
		<Group Name="TopN_Pilot_PBCH" Auto="True" Type="KPI" Range="Part">
			<ParamCondition Key="0x5007" Name="EARFCN" StructProperty="INFO.EARFCN"/>
			<ParamCondition Key="0x5007" Name="PCI" StructProperty="INFO.PCI"/>
		</Group>
		<Group Name="ColorCode" Auto="True" Type="KPI" Range="Part">
			<ParamCondition Key="0x1001" Name="CHANNEL" StructProperty="BLOCK.CHANNEL"/>
			<ParamCondition Key="0x1001" Name="BSIC" StructProperty="BLOCK.BSIC"/>
		</Group>
	</Groups>
  <ReportElement>
    <Parameters>
      <Parameter Name="Scanner_CW" Key="0x0001" Scene="Scanner" GroupName="CW" StructProperty="BLOCK.RSSI" ConditionId="1" SumMode="Summary" OutputDir="D:R" StatMode="Log,TotalCount,Max,Min,Average,Interval" StatisticsType="Sample" AutoExtended="True">
        <Thresholds IsOutput="True" StatMode="TotalCount,Pdf,Cdf">
          <Threshold Range="&lt;-120" />
          <Threshold Range="[-120,-100)" />
          <Threshold Range="[-100,-90)" />
          <Threshold Range="[-90,-70)" />
          <Threshold Range="[-70,-50)" />
          <Threshold Range="[-50,-30)" />
          <Threshold Range="&gt;=-30" />
        </Thresholds>
      </Parameter>
      <Parameter Name="Scanner_Spectrum" Key="0x0002" Scene="Scanner" GroupName="Spectrum" StructProperty="BLOCK.RSSI_DATA.RSSI" ConditionId="2" SumMode="Summary" OutputDir="D:R" StatMode="Log,TotalCount,Max,Min,Average,Interval" StatisticsType="Sample" AutoExtended="True">
        <Thresholds IsOutput="True" StatMode="TotalCount,Pdf,Cdf">
          <Threshold Range="&lt;-120" />
          <Threshold Range="[-120,-100)" />
          <Threshold Range="[-100,-90)" />
          <Threshold Range="[-90,-70)" />
          <Threshold Range="[-70,-50)" />
          <Threshold Range="[-50,-30)" />
          <Threshold Range="&gt;=-30" />
        </Thresholds>
      </Parameter>
      <Parameter Name="TopN_Pilot_PDSCH_RP" Key="0x5006" Scene="Scanner" GroupName="TopN_Pilot_PDSCH" StructProperty="INFO.RP" ConditionId="3" SumMode="Summary" OutputDir="D:R" StatMode="Log,TotalCount,Max,Min,Average,Interval" StatisticsType="Sample" AutoExtended="True">
        <Thresholds IsOutput="True" StatMode="TotalCount,Pdf,Cdf">
          <Threshold Range="&lt;-120" />
          <Threshold Range="[-120,-100)" />
          <Threshold Range="[-100,-90)" />
          <Threshold Range="[-90,-80)" />
          <Threshold Range="[-80,-65)" />
          <Threshold Range="[-65,-50)" />
          <Threshold Range="&gt;=-50" />
        </Thresholds>
      </Parameter>
      <Parameter Name="TopN_Pilot_PDSCH_RQ" Key="0x5006" Scene="Scanner" GroupName="TopN_Pilot_PDSCH" StructProperty="INFO.RQ" ConditionId="4" SumMode="Summary" OutputDir="D:R" StatMode="TotalCount,Max,Min,Average,Interval" StatisticsType="Sample" AutoExtended="True">
        <Thresholds IsOutput="True" StatMode="TotalCount,Pdf,Cdf">
          <Threshold Range="&lt;-25" />
          <Threshold Range="[-25,-20)" />
          <Threshold Range="[-20,-15)" />
          <Threshold Range="[-15,-10)" />
          <Threshold Range="[-10,-5)" />
          <Threshold Range="&gt;=-5" />
        </Thresholds>
      </Parameter>
      <Parameter Name="TopN_Pilot_PDSCH_CINR" Key="0x5006" Scene="Scanner" GroupName="TopN_Pilot_PDSCH" StructProperty="INFO.CINR" ConditionId="5" SumMode="Summary" OutputDir="D:R" StatMode="TotalCount,Max,Min,Average,Interval" StatisticsType="Sample" AutoExtended="True">
        <Thresholds IsOutput="True" StatMode="TotalCount,Pdf,Cdf">
          <Threshold Range="&lt;-10" />
          <Threshold Range="[-10,0)" />
          <Threshold Range="[0,5)" />
          <Threshold Range="[5,10)" />
          <Threshold Range="[10,15)" />
          <Threshold Range="[15,20)" />
          <Threshold Range="[20,30)" />
          <Threshold Range="[30,45)" />
          <Threshold Range="&gt;=45" />
        </Thresholds>
      </Parameter>
      <Parameter Name="TopN_Pilot_PDCCH_RP" Key="0x5005" Scene="Scanner" GroupName="TopN_Pilot_PDCCH" StructProperty="INFO.RP" ConditionId="6" SumMode="Summary" OutputDir="D:R" StatMode="Log,TotalCount,Max,Min,Average,Interval" StatisticsType="Sample" AutoExtended="True">
        <Thresholds IsOutput="True" StatMode="TotalCount,Pdf,Cdf">
          <Threshold Range="&lt;-120" />
          <Threshold Range="[-120,-100)" />
          <Threshold Range="[-100,-90)" />
          <Threshold Range="[-90,-80)" />
          <Threshold Range="[-80,-65)" />
          <Threshold Range="[-65,-50)" />
          <Threshold Range="&gt;=-50" />
        </Thresholds>
      </Parameter>
      <Parameter Name="TopN_Pilot_PDCCH_RQ" Key="0x5005" Scene="Scanner" GroupName="TopN_Pilot_PDCCH" StructProperty="INFO.RQ" ConditionId="7" SumMode="Summary" OutputDir="D:R" StatMode="TotalCount,Max,Min,Average,Interval" StatisticsType="Sample" AutoExtended="True">
        <Thresholds IsOutput="True" StatMode="TotalCount,Pdf,Cdf">
          <Threshold Range="&lt;-25" />
          <Threshold Range="[-25,-20)" />
          <Threshold Range="[-20,-15)" />
          <Threshold Range="[-15,-10)" />
          <Threshold Range="[-10,-5)" />
          <Threshold Range="&gt;=-5" />
        </Thresholds>
      </Parameter>
      <Parameter Name="TopN_Pilot_PDCCH_CINR" Key="0x5005" Scene="Scanner" GroupName="TopN_Pilot_PDCCH" StructProperty="INFO.CINR" ConditionId="8" SumMode="Summary" OutputDir="D:R" StatMode="TotalCount,Max,Min,Average,Interval" StatisticsType="Sample" AutoExtended="True">
        <Thresholds IsOutput="True" StatMode="TotalCount,Pdf,Cdf">
          <Threshold Range="&lt;-10" />
          <Threshold Range="[-10,0)" />
          <Threshold Range="[0,5)" />
          <Threshold Range="[5,10)" />
          <Threshold Range="[10,15)" />
          <Threshold Range="[15,20)" />
          <Threshold Range="[20,30)" />
          <Threshold Range="[30,45)" />
          <Threshold Range="&gt;=45" />
        </Thresholds>
      </Parameter>
      
      <Parameter Name="TopN_Pilot_PSS_RP" Key="0x5002" Scene="Scanner" GroupName="TopN_Pilot_PSS" StructProperty="INFO.RP" ConditionId="9" SumMode="Summary" OutputDir="D:R" StatMode="Log,TotalCount,Max,Min,Average,Interval" StatisticsType="Sample" AutoExtended="True">
        <Thresholds IsOutput="True" StatMode="TotalCount,Pdf,Cdf">
          <Threshold Range="&lt;-120" />
          <Threshold Range="[-120,-100)" />
          <Threshold Range="[-100,-90)" />
          <Threshold Range="[-90,-80)" />
          <Threshold Range="[-80,-65)" />
          <Threshold Range="[-65,-50)" />
          <Threshold Range="&gt;=-50" />
        </Thresholds>
      </Parameter>
      <Parameter Name="TopN_Pilot_PSS_RQ" Key="0x5002" Scene="Scanner" GroupName="TopN_Pilot_PSS" StructProperty="INFO.RQ" ConditionId="10" SumMode="Summary" OutputDir="D:R" StatMode="TotalCount,Max,Min,Average,Interval" StatisticsType="Sample" AutoExtended="True">
        <Thresholds IsOutput="True" StatMode="TotalCount,Pdf,Cdf">
          <Threshold Range="&lt;-25" />
          <Threshold Range="[-25,-20)" />
          <Threshold Range="[-20,-15)" />
          <Threshold Range="[-15,-10)" />
          <Threshold Range="[-10,-5)" />
          <Threshold Range="&gt;=-5" />
        </Thresholds>
      </Parameter>
      <Parameter Name="TopN_Pilot_PSS_CINR" Key="0x5002" Scene="Scanner" GroupName="TopN_Pilot_PSS" StructProperty="INFO.CINR" ConditionId="11" SumMode="Summary" OutputDir="D:R" StatMode="TotalCount,Max,Min,Average,Interval" StatisticsType="Sample" AutoExtended="True">
        <Thresholds IsOutput="True" StatMode="TotalCount,Pdf,Cdf">
          <Threshold Range="&lt;-10" />
          <Threshold Range="[-10,0)" />
          <Threshold Range="[0,5)" />
          <Threshold Range="[5,10)" />
          <Threshold Range="[10,15)" />
          <Threshold Range="[15,20)" />
          <Threshold Range="[20,30)" />
          <Threshold Range="[30,45)" />
          <Threshold Range="&gt;=45" />
        </Thresholds>
      </Parameter>
      <Parameter Name="TopN_Pilot_SSS_RP" Key="0x5003" Scene="Scanner" GroupName="TopN_Pilot_SSS" StructProperty="INFO.RP" ConditionId="12" SumMode="Summary" OutputDir="D:R" StatMode="Log,TotalCount,Max,Min,Average,Interval" StatisticsType="Sample" AutoExtended="True">
        <Thresholds IsOutput="True" StatMode="TotalCount,Pdf,Cdf">
          <Threshold Range="&lt;-120" />
          <Threshold Range="[-120,-100)" />
          <Threshold Range="[-100,-90)" />
          <Threshold Range="[-90,-80)" />
          <Threshold Range="[-80,-65)" />
          <Threshold Range="[-65,-50)" />
          <Threshold Range="&gt;=-50" />
        </Thresholds>
      </Parameter>
      <Parameter Name="TopN_Pilot_SSS_RQ" Key="0x5003" Scene="Scanner" GroupName="TopN_Pilot_SSS" StructProperty="INFO.RQ" ConditionId="13" SumMode="Summary" OutputDir="D:R" StatMode="TotalCount,Max,Min,Average,Interval" StatisticsType="Sample" AutoExtended="True">
        <Thresholds IsOutput="True" StatMode="TotalCount,Pdf,Cdf">
          <Threshold Range="&lt;-25" />
          <Threshold Range="[-25,-20)" />
          <Threshold Range="[-20,-15)" />
          <Threshold Range="[-15,-10)" />
          <Threshold Range="[-10,-5)" />
          <Threshold Range="&gt;=-5" />
        </Thresholds>
      </Parameter>
      <Parameter Name="TopN_Pilot_SSS_CINR" Key="0x5003" Scene="Scanner" GroupName="TopN_Pilot_SSS" StructProperty="INFO.CINR" ConditionId="14" SumMode="Summary" OutputDir="D:R" StatMode="TotalCount,Max,Min,Average,Interval" StatisticsType="Sample" AutoExtended="True">
        <Thresholds IsOutput="True" StatMode="TotalCount,Pdf,Cdf">
          <Threshold Range="&lt;-10" />
          <Threshold Range="[-10,0)" />
          <Threshold Range="[0,5)" />
          <Threshold Range="[5,10)" />
          <Threshold Range="[10,15)" />
          <Threshold Range="[15,20)" />
          <Threshold Range="[20,30)" />
          <Threshold Range="[30,45)" />
          <Threshold Range="&gt;=45" />
        </Thresholds>
      </Parameter>
      <Parameter Name="TopN_Pilot_PBCH_RP" Key="0x5007" Scene="Scanner" GroupName="TopN_Pilot_PBCH" StructProperty="INFO.RP" ConditionId="15" SumMode="Summary" OutputDir="D:R" StatMode="Log,TotalCount,Max,Min,Average,Interval" StatisticsType="Sample" AutoExtended="True">
        <Thresholds IsOutput="True" StatMode="TotalCount,Pdf,Cdf">
          <Threshold Range="&lt;-120" />
          <Threshold Range="[-120,-100)" />
          <Threshold Range="[-100,-90)" />
          <Threshold Range="[-90,-80)" />
          <Threshold Range="[-80,-65)" />
          <Threshold Range="[-65,-50)" />
          <Threshold Range="&gt;=-50" />
        </Thresholds>
      </Parameter>
      <Parameter Name="TopN_Pilot_PBCH_RQ" Key="0x5007" Scene="Scanner" GroupName="TopN_Pilot_PBCH" StructProperty="INFO.RQ" ConditionId="16" SumMode="Summary" OutputDir="D:R" StatMode="TotalCount,Max,Min,Average,Interval" StatisticsType="Sample" AutoExtended="True">
        <Thresholds IsOutput="True" StatMode="TotalCount,Pdf,Cdf">
          <Threshold Range="&lt;-25" />
          <Threshold Range="[-25,-20)" />
          <Threshold Range="[-20,-15)" />
          <Threshold Range="[-15,-10)" />
          <Threshold Range="[-10,-5)" />
          <Threshold Range="&gt;=-5" />
        </Thresholds>
      </Parameter>
      <Parameter Name="TopN_Pilot_PBCH_CINR" Key="0x5007" Scene="Scanner" GroupName="TopN_Pilot_PBCH" StructProperty="INFO.CINR" ConditionId="17" SumMode="Summary" OutputDir="D:R" StatMode="TotalCount,Max,Min,Average,Interval" StatisticsType="Sample" AutoExtended="True">
        <Thresholds IsOutput="True" StatMode="TotalCount,Pdf,Cdf">
          <Threshold Range="&lt;-10" />
          <Threshold Range="[-10,0)" />
          <Threshold Range="[0,5)" />
          <Threshold Range="[5,10)" />
          <Threshold Range="[10,15)" />
          <Threshold Range="[15,20)" />
          <Threshold Range="[20,30)" />
          <Threshold Range="[30,45)" />
          <Threshold Range="&gt;=45" />
        </Thresholds>
      </Parameter>
      
      <Parameter Name="TopN_Pilot_RS_RP" Key="0x5004" Scene="Scanner" GroupName="TopN_Pilot_RS" StructProperty="INFO.RP" ConditionId="18" SumMode="Summary" OutputDir="D:R" StatMode="Log,TotalCount,Max,Min,Average,Interval" StatisticsType="Sample" AutoExtended="True">
        <Thresholds IsOutput="True" StatMode="TotalCount,Pdf,Cdf">
          <Threshold Range="&lt;-120" />
          <Threshold Range="[-120,-100)" />
          <Threshold Range="[-100,-90)" />
          <Threshold Range="[-90,-80)" />
          <Threshold Range="[-80,-65)" />
          <Threshold Range="[-65,-50)" />
          <Threshold Range="&gt;=-50" />
        </Thresholds>
      </Parameter>
      <Parameter Name="TopN_Pilot_RS_RQ" Key="0x5004" Scene="Scanner" GroupName="TopN_Pilot_RS" StructProperty="INFO.RQ" ConditionId="19" SumMode="Summary" OutputDir="D:R" StatMode="TotalCount,Max,Min,Average,Interval" StatisticsType="Sample" AutoExtended="True">
        <Thresholds IsOutput="True" StatMode="TotalCount,Pdf,Cdf">
          <Threshold Range="&lt;-25" />
          <Threshold Range="[-25,-20)" />
          <Threshold Range="[-20,-15)" />
          <Threshold Range="[-15,-10)" />
          <Threshold Range="[-10,-5)" />
          <Threshold Range="&gt;=-5" />
        </Thresholds>
      </Parameter>
      <Parameter Name="TopN_Pilot_RS_CINR" Key="0x5004" Scene="Scanner" GroupName="TopN_Pilot_RS" StructProperty="INFO.CINR" ConditionId="20" SumMode="Summary" OutputDir="D:R" StatMode="TotalCount,Max,Min,Average,Interval" StatisticsType="Sample" AutoExtended="True">
        <Thresholds IsOutput="True" StatMode="TotalCount,Pdf,Cdf">
          <Threshold Range="&lt;-10" />
          <Threshold Range="[-10,0)" />
          <Threshold Range="[0,5)" />
          <Threshold Range="[5,10)" />
          <Threshold Range="[10,15)" />
          <Threshold Range="[15,20)" />
          <Threshold Range="[20,30)" />
          <Threshold Range="[30,45)" />
          <Threshold Range="&gt;=45" />
        </Thresholds>
      </Parameter>
      <Parameter Name="Scanner_ColorCode_BCCHLevel" Key="0x1001" Scene="Scanner" GroupName="ColorCode" StructProperty="BLOCK.RSSI" ConditionId="21" SumMode="Summary" OutputDir="D:R" StatMode="Log,TotalCount,Max,Min,Average,Interval" StatisticsType="Sample" AutoExtended="True">
        <Thresholds IsOutput="True" StatMode="TotalCount,Pdf,Cdf">
          <Threshold Range="&lt;-120" />
          <Threshold Range="[-120,-100)" />
          <Threshold Range="[-100,-90)" />
          <Threshold Range="[-90,-70)" />
          <Threshold Range="[-70,-50)" />
          <Threshold Range="[-50,-30)" />
          <Threshold Range="&gt;=-30" />
        </Thresholds>
      </Parameter>
      <Parameter Name="Scanner_ColorCode_CI" Key="0x1001" Scene="Scanner" GroupName="ColorCode" StructProperty="BLOCK.CI" ConditionId="22" SumMode="Summary" OutputDir="D:R" StatMode="Log,TotalCount,Max,Min,Average,Interval" StatisticsType="Sample" AutoExtended="True">
        <Thresholds IsOutput="True" StatMode="TotalCount,Pdf,Cdf">
          <Threshold Range="&lt;-20" />
          <Threshold Range="[-20,-10)" />
          <Threshold Range="[-10,0)" />
          <Threshold Range="[0,10)" />
          <Threshold Range="[10,20)" />
          <Threshold Range="[20,30)" />
          <Threshold Range="&gt;=30" />
        </Thresholds>
      </Parameter>
    </Parameters>
  </ReportElement>
</Statistics>