﻿<?xml version="1.0" encoding="UTF-8"?>
<Report Id="135424" Version="2.0.0.0">
  <CheckNo>DFEFAED38BCBDF22DFEFAED38BCBDF2252E2234F4CB01EFEAF98A496935A6AACED9EFB2DAB4453392D107AE48C7A1B79DFEFAED38BCBDF22</CheckNo>
  <ReportElement>
    <Analysises>
      <Coverages>
        <Coverage NetType="LTE" StatisticsType="Sample" Name="Coverage_Analysis1_Summary" ConditionId="3" SumMode="Summary" OutputDir="Down:Right" StatMode="SampleCoverageRate">
          <CoverageConditions>
            <CoverageCondition Key="0x7F06000E" Expression="&gt;=-105" Name="Rsrp" Main="True" />
            <CoverageCondition Key="0x7F060001" Expression="&gt;-3" Name="Sinr" />
          </CoverageConditions>
        </Coverage>
        <Coverage NetType="LTE" StatisticsType="Sample" Name="Coverage_Analysis1" ConditionId="4" SumMode="SummaryByLog" OutputDir="Down:Right" StatMode="SampleCoverageRate">
          <CoverageConditions>
            <CoverageCondition Key="0x7F06000E" Expression="&gt;=-105" Name="Rsrp" Main="True" />
            <CoverageCondition Key="0x7F060001" Expression="&gt;-3" Name="Sinr" />
          </CoverageConditions>
        </Coverage>
        <Coverage NetType="LTE" StatisticsType="Sample" Name="Coverage_Analysis2" ConditionId="5" SumMode="SummaryByLog" OutputDir="Down:Right" StatMode="SampleCoverageRate">
          <CoverageConditions>
            <CoverageCondition Key="0x7F06000E" Expression="&gt;-85" Name="Rsrp" Main="True" />
            <CoverageCondition Key="0x7F060001" Expression="&gt;=-3" Name="Sinr" />
          </CoverageConditions>
        </Coverage>
        <Coverage NetType="LTE" StatisticsType="Sample" Name="Coverage_Analysis_Summary" ConditionId="6" SumMode="Summary" OutputDir="Down:Right" StatMode="SampleCoverageRate">
          <CoverageConditions>
            <CoverageCondition Key="0x7F06000E" Expression="&gt;=-85" Name="Rsrp" Main="True" />
            <CoverageCondition Key="0x7F060001" Expression="&gt;=-3" Name="Sinr" />
          </CoverageConditions>
        </Coverage>
      </Coverages>
    </Analysises>
    <Parameters>
      <Parameter Key="0x7F06000E" Name="RSRP_Average_Summary" ConditionId="1" Alias="RSRP" SumMode="Summary" OutputDir="Down:Right" StatMode="Average" StatisticsType="Sample" />
      <Parameter Key="0x7F06000E" Name="RSRP_Average_By log" ConditionId="2" Alias="RSRP" SumMode="SummaryByLog" OutputDir="Down:Right" StatMode="Average" StatisticsType="Sample" />
      <Parameter Key="0x7F060001" Name="SINR_Average_Summary" ConditionId="7" Alias="SINR" SumMode="Summary" OutputDir="Down:Right" StatMode="Average" StatisticsType="Sample" />
      <Parameter Key="0x7F060001" Name="SINR_Average_By log" ConditionId="8" Alias="SINR" SumMode="SummaryByLog" OutputDir="Down:Right" StatMode="Average" StatisticsType="Sample" />
      <Parameter Key="0x7F06000F" Name="RSRQ_Average_Summary" ConditionId="9" Alias="RSRQ" SumMode="Summary" OutputDir="Down:Right" StatMode="Average" StatisticsType="Sample" />
      <Parameter Key="0x7F06000F" Name="RSRQ_Average_By log" ConditionId="10" Alias="RSRQ" SumMode="SummaryByLog" OutputDir="Down:Right" StatMode="Average" StatisticsType="Sample" />
    </Parameters>
    <Businesses>
      <Businesse Name="MO_Summary" ConditionId="17" SumMode="Summary" OutputDir="Down:Right" Orders="1.TestTotalMileage,2.TestTotalTime,3.OutOfServiceMileage,4.OutOfServiceTime" Spid="4097" ObtainNetType="All" ResultType="All">
        <BSStatModes>
          <BSStatMode Name="TestTotalMileage" ConditionId="11" StatMode="TestTotalMileage" Alias="1" DelayType="1" ObtainNetType="All" />
          <BSStatMode Name="TestTotalTime" ConditionId="18" StatMode="TestTotalTime" Alias="2" DelayType="1" ObtainNetType="All" />
          <BSStatMode Name="OutOfServiceMileage" ConditionId="13" StatMode="OutOfServiceMileage" Alias="3" DelayType="1" ObtainNetType="All" />
          <BSStatMode Name="OutOfServiceTime" ConditionId="12" StatMode="OutOfServiceTime" Alias="4" DelayType="1" ObtainNetType="All" />
        </BSStatModes>
      </Businesse>
      <Businesse Name="MO_By log" ConditionId="19" SumMode="SummaryByLog" OutputDir="Down:Right" Orders="1.Log,2.TestTotalMileage,3.TestTotalTime,4.OutOfServiceMileage,5.OutOfServiceTime" Spid="4097" ObtainNetType="All" ResultType="All">
        <BSStatModes>
          <BSStatMode Name="Log" ConditionId="16" StatMode="Log" Alias="1" DelayType="1" ObtainNetType="All" />
          <BSStatMode Name="TestTotalMileage" ConditionId="14" StatMode="TestTotalMileage" Alias="2" DelayType="1" ObtainNetType="All" />
          <BSStatMode Name="TestTotalTime" ConditionId="20" StatMode="TestTotalTime" Alias="3" DelayType="1" ObtainNetType="All" />
          <BSStatMode Name="OutOfServiceMileage" ConditionId="21" StatMode="OutOfServiceMileage" Alias="4" DelayType="1" ObtainNetType="All" />
          <BSStatMode Name="OutOfServiceTime" ConditionId="15" StatMode="OutOfServiceTime" Alias="5" DelayType="1" ObtainNetType="All" />
        </BSStatModes>
      </Businesse>
      <Businesse Name="MO_CS Call_Summary" ConditionId="37" SumMode="Summary" OutputDir="Down:Right" Orders="1.BusinessCount,2.BusinessCount,Empty,3.BusinessCount,4.DroppedRate,5.BusinessDelay" Spid="4097" ObtainNetType="All" ResultType="All" AutoExtended="True">
        <BSStatModes>
          <BSStatMode Name="BusinessCount" ConditionId="22" StatMode="BusinessCount" Alias="1" DelayType="1" ObtainNetType="All" />
          <BSStatMode Name="BusinessCount" ConditionId="23" StatMode="BusinessCount" Alias="2" DelayType="1" ObtainNetType="All" ResultType="VoiceConnected" />
          <BSStatMode Name="BusinessCount" ConditionId="26" StatMode="BusinessCount" Alias="3" DelayType="1" ObtainNetType="All" ResultType="Droped" />
          <BSStatMode Name="DroppedRate" ConditionId="27" StatMode="DroppedRate" Alias="4" DelayType="1" ObtainNetType="All" ResultType="Droped" />
          <BSStatMode Name="BusinessDelay" ConditionId="28" StatMode="BusinessDelay" Alias="5" DelayType="3" ObtainNetType="All" />
        </BSStatModes>
      </Businesse>
      <Businesse Name="MO_CS Call_By log" ConditionId="39" SumMode="SummaryByLog" OutputDir="Down:Right" Orders="1.Log,2.BusinessCount,3.BusinessCount,Empty,4.BusinessCount,5.DroppedRate,6.BusinessDelay" Spid="4097" ObtainNetType="All" ResultType="All" AutoExtended="True">
        <BSStatModes>
          <BSStatMode Name="Log" ConditionId="40" StatMode="Log" Alias="1" DelayType="1" ObtainNetType="All" />
          <BSStatMode Name="BusinessCount" ConditionId="29" StatMode="BusinessCount" Alias="2" DelayType="1" ObtainNetType="All" />
          <BSStatMode Name="BusinessCount" ConditionId="30" StatMode="BusinessCount" Alias="3" DelayType="1" ObtainNetType="All" ResultType="VoiceConnected" />
          <BSStatMode Name="BusinessCount" ConditionId="32" StatMode="BusinessCount" Alias="4" DelayType="1" ObtainNetType="All" ResultType="Droped" />
          <BSStatMode Name="DroppedRate" ConditionId="33" StatMode="DroppedRate" Alias="5" DelayType="1" ObtainNetType="All" ResultType="Droped" />
          <BSStatMode Name="BusinessDelay" ConditionId="34" StatMode="BusinessDelay" Alias="6" DelayType="3" ObtainNetType="All" />
        </BSStatModes>
      </Businesse>
      <Businesse Name="MO_CSFB_Summary" ConditionId="41" SumMode="Summary" OutputDir="Down:Right" Orders="1.BusinessCount,2.BusinessCount,Empty,3.BusinessCount,4.DroppedRate,5.BusinessDelay,Empty,6.Average,Empty,7.Average,Empty,8.Average,Empty,9.Average,Empty,Empty,Empty,Empty,Empty,Empty,Empty,Empty" Spid="4097" ObtainNetType="All" ResultType="All" AutoExtended="True">
        <BSStatModes>
          <BSStatMode Name="BusinessCount" ConditionId="42" StatMode="BusinessCount" Alias="1" DelayType="1" ObtainNetType="All" />
          <BSStatMode Name="BusinessCount" ConditionId="35" StatMode="BusinessCount" Alias="2" DelayType="1" ObtainNetType="All" ResultType="VoiceConnected" />
          <BSStatMode Name="BusinessCount" ConditionId="36" StatMode="BusinessCount" Alias="3" DelayType="1" ObtainNetType="All" ResultType="Droped" />
          <BSStatMode Name="DroppedRate" ConditionId="43" StatMode="DroppedRate" Alias="4" DelayType="1" ObtainNetType="All" />
          <BSStatMode Name="BusinessDelay" ConditionId="44" StatMode="BusinessDelay" Alias="5" DelayType="3" ObtainNetType="All" />
        </BSStatModes>
        <BSStatPropertys>
          <BSStatProperty Statistics="197" StatMode="Average" ConditionId="45" Alias="6" Name="CSFB RRC Release To Call Attempt Delay GSM" />
          <BSStatProperty Statistics="198" StatMode="Average" ConditionId="47" Alias="7" Name="CSFB RRC Release To Call Attempt Delay CDMA" />
          <BSStatProperty Statistics="199" StatMode="Average" ConditionId="49" Alias="8" Name="CSFB RRC Release To Call Attempt Delay WCDMA" />
          <BSStatProperty Statistics="200" StatMode="Average" ConditionId="52" Alias="9" Name="CSFB RRC Release To Call Attempt Delay TDSCDMA" />
        </BSStatPropertys>
      </Businesse>
      <Businesse Name="非并发主叫回落GSM次数_Summary" ConditionId="64" SumMode="Summary" OutputDir="Down:Right" Orders="1.BusinessCount" Spid="4097" ObtainNetType="All" ResultType="All">
        <BSStatModes>
          <BSStatMode Name="BusinessCount" ConditionId="65" StatMode="BusinessCount" Alias="1" DelayType="1" ObtainNetType="All" />
        </BSStatModes>
        <FilterPropertys>
          <FilterProperty Property="-9999" Statistics="196" DelayType="-9999" Expression="=1" Name="CSFB Call Attempt NetType" />
        </FilterPropertys>
      </Businesse>
      <Businesse Name="非并发主叫CSFB语音次数_Summary" ConditionId="66" SumMode="Summary" OutputDir="Down:Right" Orders="1.BusinessCount" Spid="4097" ObtainNetType="All" ResultType="All" AutoExtended="True">
        <BSStatModes>
          <BSStatMode Name="BusinessCount" ConditionId="67" StatMode="BusinessCount" Alias="1" DelayType="1" ObtainNetType="All" />
        </BSStatModes>
      </Businesse>
      <Businesse Name="非并发主叫回落CDMA次数_Summary" ConditionId="68" SumMode="Summary" OutputDir="Down:Right" Orders="1.BusinessCount" Spid="4097" ObtainNetType="All" ResultType="All" AutoExtended="True">
        <FilterPropertys>
          <FilterProperty Property="-9999" Statistics="196" DelayType="-9999" Expression="=2" Name="CSFB Call Attempt NetType" />
        </FilterPropertys>
        <BSStatModes>
          <BSStatMode Name="BusinessCount" ConditionId="69" StatMode="BusinessCount" Alias="1" DelayType="1" ObtainNetType="All" />
        </BSStatModes>
      </Businesse>
      <Businesse Name="非并发主叫回落WCDMA次数_Summary" ConditionId="70" SumMode="Summary" OutputDir="Down:Right" Orders="1.BusinessCount" Spid="4097" ObtainNetType="All" ResultType="All" AutoExtended="True">
        <FilterPropertys>
          <FilterProperty Property="-9999" Statistics="196" DelayType="-9999" Expression="=4" Name="CSFB Call Attempt NetType" />
        </FilterPropertys>
        <BSStatModes>
          <BSStatMode Name="BusinessCount" ConditionId="71" StatMode="BusinessCount" Alias="1" DelayType="1" ObtainNetType="All" />
        </BSStatModes>
      </Businesse>
      <Businesse Name="非并发主叫回落TDS次数_Summary" ConditionId="72" SumMode="Summary" OutputDir="Down:Right" Orders="1.BusinessCount" Spid="4097" ObtainNetType="All" ResultType="All" AutoExtended="True">
        <FilterPropertys>
          <FilterProperty Property="-9999" Statistics="196" DelayType="-9999" Expression="=5" Name="CSFB Call Attempt NetType" />
        </FilterPropertys>
        <BSStatModes>
          <BSStatMode Name="BusinessCount" ConditionId="73" StatMode="BusinessCount" Alias="1" DelayType="1" ObtainNetType="All" />
        </BSStatModes>
      </Businesse>
      <Businesse Name="非并发语音回落GSM_By log" ConditionId="74" SumMode="SummaryByLog" OutputDir="Down:Right" Orders="1.BusinessCount" Spid="4097" ObtainNetType="All" ResultType="All" AutoExtended="True">
        <FilterPropertys>
          <FilterProperty Property="-9999" Statistics="196" DelayType="-9999" Expression="=1" Name="CSFB Call Attempt NetType" />
        </FilterPropertys>
        <BSStatModes>
          <BSStatMode Name="BusinessCount" ConditionId="75" StatMode="BusinessCount" Alias="1" DelayType="1" ObtainNetType="All" />
        </BSStatModes>
      </Businesse>
      <Businesse Name="非并发语音回落CDMA_By log" ConditionId="76" SumMode="SummaryByLog" OutputDir="Down:Right" Orders="1.BusinessCount" Spid="4097" ObtainNetType="All" ResultType="All" AutoExtended="True">
        <FilterPropertys>
          <FilterProperty Property="-9999" Statistics="196" DelayType="-9999" Expression="=2" Name="CSFB Call Attempt NetType" />
        </FilterPropertys>
        <BSStatModes>
          <BSStatMode Name="BusinessCount" ConditionId="63" StatMode="BusinessCount" Alias="1" DelayType="1" ObtainNetType="All" />
        </BSStatModes>
      </Businesse>
      <Businesse Name="非并发语音回落WCDMA_By log" ConditionId="77" SumMode="SummaryByLog" OutputDir="Down:Right" Orders="1.BusinessCount" Spid="4097" ObtainNetType="All" ResultType="All" AutoExtended="True">
        <FilterPropertys>
          <FilterProperty Property="-9999" Statistics="196" DelayType="-9999" Expression="=4" Name="CSFB Call Attempt NetType" />
        </FilterPropertys>
        <BSStatModes>
          <BSStatMode Name="BusinessCount" ConditionId="78" StatMode="BusinessCount" Alias="1" DelayType="1" ObtainNetType="All" />
        </BSStatModes>
      </Businesse>
      <Businesse Name="非并发语音回落TDS_By log" ConditionId="79" SumMode="SummaryByLog" OutputDir="Down:Right" Orders="1.BusinessCount" Spid="4097" ObtainNetType="All" ResultType="All" AutoExtended="True">
        <FilterPropertys>
          <FilterProperty Property="-9999" Statistics="196" DelayType="-9999" Expression="=5" Name="CSFB Call Attempt NetType" />
        </FilterPropertys>
        <BSStatModes>
          <BSStatMode Name="BusinessCount" ConditionId="80" StatMode="BusinessCount" Alias="1" DelayType="1" ObtainNetType="All" />
        </BSStatModes>
      </Businesse>
      <Businesse Name="非并发语音CSFB次数_By log" ConditionId="81" SumMode="SummaryByLog" OutputDir="Down:Right" Orders="1.BusinessCount" Spid="4097" ObtainNetType="All" ResultType="All" AutoExtended="True">
        <BSStatModes>
          <BSStatMode Name="BusinessCount" ConditionId="82" StatMode="BusinessCount" Alias="1" DelayType="1" ObtainNetType="All" />
        </BSStatModes>
      </Businesse>
      <Businesse Name="非并发主叫从GSM返回LTE_Summary" ConditionId="98" SumMode="Summary" OutputDir="Down:Right" Orders="1.BusinessCount" Spid="4097" ObtainNetType="All" ResultType="All" AutoExtended="True">
        <FilterPropertys>
          <FilterProperty Property="-9999" Statistics="157" DelayType="-9999" Expression="=0" Name="Return To LTE Type" />
        </FilterPropertys>
        <BSStatModes>
          <BSStatMode Name="BusinessCount" ConditionId="83" StatMode="BusinessCount" Alias="1" DelayType="1" ObtainNetType="All" />
        </BSStatModes>
      </Businesse>
      <Businesse Name="非并发主叫从WCDMA返回LTE_Summary" ConditionId="99" SumMode="Summary" OutputDir="Down:Right" Orders="1.BusinessCount" Spid="4097" ObtainNetType="All" ResultType="All" AutoExtended="True">
        <FilterPropertys>
          <FilterProperty Property="-9999" Statistics="157" DelayType="-9999" Expression="=1" Name="Return To LTE Type" />
        </FilterPropertys>
        <BSStatModes>
          <BSStatMode Name="BusinessCount" ConditionId="100" StatMode="BusinessCount" Alias="1" DelayType="1" ObtainNetType="All" />
        </BSStatModes>
      </Businesse>
      <Businesse Name="非并发主叫从TDS返回LTE_Summary" ConditionId="101" SumMode="Summary" OutputDir="Down:Right" Orders="1.BusinessCount" Spid="4097" ObtainNetType="All" ResultType="All" AutoExtended="True">
        <FilterPropertys>
          <FilterProperty Property="-9999" Statistics="157" DelayType="-9999" Expression="=2" Name="Return To LTE Type" />
        </FilterPropertys>
        <BSStatModes>
          <BSStatMode Name="BusinessCount" ConditionId="102" StatMode="BusinessCount" Alias="1" DelayType="1" ObtainNetType="All" />
        </BSStatModes>
      </Businesse>
      <Businesse Name="非并发主叫从GSM返回LTE_By log" ConditionId="103" SumMode="SummaryByLog" OutputDir="Down:Right" Orders="1.BusinessCount" Spid="4097" ObtainNetType="All" ResultType="All">
        <FilterPropertys>
          <FilterProperty Property="-9999" Statistics="157" DelayType="-9999" Expression="=0" Name="Return To LTE Type" />
        </FilterPropertys>
        <BSStatModes>
          <BSStatMode Name="BusinessCount" ConditionId="104" StatMode="BusinessCount" Alias="1" DelayType="1" ObtainNetType="All" />
        </BSStatModes>
      </Businesse>
      <Businesse Name="非并发主叫从WCDMA返回LTE_By log" ConditionId="105" SumMode="SummaryByLog" OutputDir="Down:Right" Orders="1.BusinessCount" Spid="4097" ObtainNetType="All" ResultType="All">
        <FilterPropertys>
          <FilterProperty Property="-9999" Statistics="157" DelayType="-9999" Expression="=1" Name="Return To LTE Type" />
        </FilterPropertys>
        <BSStatModes>
          <BSStatMode Name="BusinessCount" ConditionId="106" StatMode="BusinessCount" Alias="1" DelayType="1" ObtainNetType="All" />
        </BSStatModes>
      </Businesse>
      <Businesse Name="非并发主叫从TDS返回LTE_By log" ConditionId="107" SumMode="SummaryByLog" OutputDir="Down:Right" Orders="1.BusinessCount" Spid="4097" ObtainNetType="All" ResultType="All">
        <FilterPropertys>
          <FilterProperty Property="-9999" Statistics="157" DelayType="-9999" Expression="=2" Name="Return To LTE Type" />
        </FilterPropertys>
        <BSStatModes>
          <BSStatMode Name="BusinessCount" ConditionId="108" StatMode="BusinessCount" Alias="1" DelayType="1" ObtainNetType="All" />
        </BSStatModes>
      </Businesse>
      <Businesse Name="FTP Download_Summary" ConditionId="147" SumMode="Summary" OutputDir="Down:Right" Orders="1.Log,2.BusinessCount,3.BusinessCount,4.SuccessRate,5.TransferSize,6.TransferTime,7.TransferRate" AutoExtended="True" Spid="2" ObtainNetType="All" ResultType="All">
        <FilterPropertys>
          <FilterProperty Property="-9999" Statistics="86" DelayType="-9999" Expression="=0" Name="Multi FTP" />
        </FilterPropertys>
        <BSStatModes>
          <BSStatMode Name="Log" ConditionId="146" StatMode="Log" Alias="1" DelayType="1" ObtainNetType="All" />
          <BSStatMode Name="BusinessCount" ConditionId="112" StatMode="BusinessCount" Alias="2" DelayType="1" ObtainNetType="All" />
          <BSStatMode Name="BusinessCount" ConditionId="124" StatMode="BusinessCount" Alias="3" DelayType="1" ObtainNetType="All" ResultType="Success" />
          <BSStatMode Name="SuccessRate" ConditionId="113" StatMode="SuccessRate" Alias="4" DelayType="1" ObtainNetType="All" />
          <BSStatMode Name="TransferSize" ConditionId="115" StatMode="TransferSize" Alias="5" DelayType="1" ObtainNetType="All" />
          <BSStatMode Name="TransferTime" ConditionId="116" StatMode="TransferTime" Alias="6" DelayType="1" ObtainNetType="All" />
          <BSStatMode Name="TransferRate" ConditionId="118" StatMode="TransferRate" Alias="7" DelayType="1" ObtainNetType="All" />
        </BSStatModes>
      </Businesse>
      <Businesse Name="FTP Download_By log" ConditionId="148" SumMode="SummaryByLog" OutputDir="Down:Right" Orders="1.Log,2.BusinessCount,3.BusinessCount,4.SuccessRate,5.TransferSize,6.TransferTime,7.TransferRate" AutoExtended="True" Spid="2" ObtainNetType="All" ResultType="All">
        <FilterPropertys>
          <FilterProperty Property="-9999" Statistics="86" DelayType="-9999" Expression="=0" Name="Multi FTP" />
        </FilterPropertys>
        <BSStatModes>
          <BSStatMode Name="Log" ConditionId="149" StatMode="Log" Alias="1" DelayType="1" ObtainNetType="All" />
          <BSStatMode Name="BusinessCount" ConditionId="119" StatMode="BusinessCount" Alias="2" DelayType="1" ObtainNetType="All" />
          <BSStatMode Name="BusinessCount" ConditionId="120" StatMode="BusinessCount" Alias="3" DelayType="1" ObtainNetType="All" ResultType="Success" />
          <BSStatMode Name="SuccessRate" ConditionId="121" StatMode="SuccessRate" Alias="4" DelayType="1" ObtainNetType="All" ResultType="Success" />
          <BSStatMode Name="TransferSize" ConditionId="122" StatMode="TransferSize" Alias="5" DelayType="1" ObtainNetType="All" ResultType="Success" />
          <BSStatMode Name="TransferTime" ConditionId="123" StatMode="TransferTime" Alias="6" DelayType="1" ObtainNetType="All" ResultType="Success" />
          <BSStatMode Name="TransferRate" ConditionId="150" StatMode="TransferRate" Alias="7" DelayType="1" ObtainNetType="All" ResultType="Success" />
        </BSStatModes>
      </Businesse>
      <Businesse Name="FTP Upload_Summary" ConditionId="151" SumMode="Summary" OutputDir="Down:Right" Orders="1.BusinessCount,2.BusinessCount,3.SuccessRate,4.TransferSize,5.TransferTime,6.TransferRate" AutoExtended="True" Spid="3" ObtainNetType="All" ResultType="All">
        <FilterPropertys>
          <FilterProperty Property="-9999" Statistics="86" DelayType="-9999" Expression="=0" Name="Multi FTP" />
        </FilterPropertys>
        <BSStatModes>
          <BSStatMode Name="BusinessCount" ConditionId="152" StatMode="BusinessCount" Alias="1" DelayType="1" ObtainNetType="All" />
          <BSStatMode Name="BusinessCount" ConditionId="125" StatMode="BusinessCount" Alias="2" DelayType="1" ObtainNetType="All" ResultType="Success" />
          <BSStatMode Name="SuccessRate" ConditionId="126" StatMode="SuccessRate" Alias="3" DelayType="1" ObtainNetType="All" ResultType="Success" />
          <BSStatMode Name="TransferSize" ConditionId="127" StatMode="TransferSize" Alias="4" DelayType="1" ObtainNetType="All" ResultType="Success" />
          <BSStatMode Name="TransferTime" ConditionId="128" StatMode="TransferTime" Alias="5" DelayType="1" ObtainNetType="All" ResultType="Success" />
          <BSStatMode Name="TransferRate" ConditionId="129" StatMode="TransferRate" Alias="6" DelayType="1" ObtainNetType="All" ResultType="Success" />
        </BSStatModes>
      </Businesse>
      <Businesse Name="FTP Upload_By log" ConditionId="153" SumMode="SummaryByLog" OutputDir="Down:Right" Orders="1.BusinessCount,2.BusinessCount,3.SuccessRate,4.TransferSize,5.TransferTime,6.TransferRate" AutoExtended="True" Spid="3" ObtainNetType="All" ResultType="All">
        <FilterPropertys>
          <FilterProperty Property="-9999" Statistics="86" DelayType="-9999" Expression="=0" Name="Multi FTP" />
        </FilterPropertys>
        <BSStatModes>
          <BSStatMode Name="BusinessCount" ConditionId="154" StatMode="BusinessCount" Alias="1" DelayType="1" ObtainNetType="All" />
          <BSStatMode Name="BusinessCount" ConditionId="130" StatMode="BusinessCount" Alias="2" DelayType="1" ObtainNetType="All" ResultType="Success" />
          <BSStatMode Name="SuccessRate" ConditionId="131" StatMode="SuccessRate" Alias="3" DelayType="1" ObtainNetType="All" ResultType="Success" />
          <BSStatMode Name="TransferSize" ConditionId="132" StatMode="TransferSize" Alias="4" DelayType="1" ObtainNetType="All" ResultType="Success" />
          <BSStatMode Name="TransferTime" ConditionId="133" StatMode="TransferTime" Alias="5" DelayType="1" ObtainNetType="All" ResultType="Success" />
          <BSStatMode Name="TransferRate" ConditionId="134" StatMode="TransferRate" Alias="6" DelayType="1" ObtainNetType="All" ResultType="Success" />
        </BSStatModes>
      </Businesse>
      <Businesse Name="Mulit FTP Download_Summary" ConditionId="155" SumMode="Summary" OutputDir="Down:Right" Orders="1.BusinessCount,2.BusinessCount,3.SuccessRate,4.TransferSize,5.TransferTime,6.TransferRate" AutoExtended="True" Spid="2" ObtainNetType="All" ResultType="All">
        <FilterPropertys>
          <FilterProperty Property="-9999" Statistics="86" DelayType="-9999" Expression="=1" Name="Multi FTP" />
        </FilterPropertys>
        <BSStatModes>
          <BSStatMode Name="BusinessCount" ConditionId="156" StatMode="BusinessCount" Alias="1" DelayType="1" ObtainNetType="All" />
          <BSStatMode Name="BusinessCount" ConditionId="135" StatMode="BusinessCount" Alias="2" DelayType="1" ObtainNetType="All" ResultType="Success" />
          <BSStatMode Name="SuccessRate" ConditionId="136" StatMode="SuccessRate" Alias="3" DelayType="1" ObtainNetType="All" ResultType="Success" />
          <BSStatMode Name="TransferSize" ConditionId="137" StatMode="TransferSize" Alias="4" DelayType="1" ObtainNetType="All" />
          <BSStatMode Name="TransferTime" ConditionId="138" StatMode="TransferTime" Alias="5" DelayType="1" ObtainNetType="All" />
          <BSStatMode Name="TransferRate" ConditionId="139" StatMode="TransferRate" Alias="6" DelayType="1" ObtainNetType="All" />
        </BSStatModes>
      </Businesse>
      <Businesse Name="Mulit FTP Download_By log" ConditionId="157" SumMode="SummaryByLog" OutputDir="Down:Right" Orders="1.BusinessCount,2.BusinessCount,3.SuccessRate,4.TransferSize,5.TransferTime,6.TransferRate" AutoExtended="True" Spid="2" ObtainNetType="All" ResultType="All">
        <FilterPropertys>
          <FilterProperty Property="-9999" Statistics="86" DelayType="-9999" Expression="=1" Name="Multi FTP" />
        </FilterPropertys>
        <BSStatModes>
          <BSStatMode Name="BusinessCount" ConditionId="141" StatMode="BusinessCount" Alias="1" DelayType="1" ObtainNetType="All" />
          <BSStatMode Name="BusinessCount" ConditionId="142" StatMode="BusinessCount" Alias="2" DelayType="1" ObtainNetType="All" ResultType="Success" />
          <BSStatMode Name="SuccessRate" ConditionId="143" StatMode="SuccessRate" Alias="3" DelayType="1" ObtainNetType="All" ResultType="Success" />
          <BSStatMode Name="TransferSize" ConditionId="144" StatMode="TransferSize" Alias="4" DelayType="1" ObtainNetType="All" ResultType="Success" />
          <BSStatMode Name="TransferTime" ConditionId="145" StatMode="TransferTime" Alias="5" DelayType="1" ObtainNetType="All" ResultType="Success" />
          <BSStatMode Name="TransferRate" ConditionId="158" StatMode="TransferRate" Alias="6" DelayType="1" ObtainNetType="All" ResultType="Success" />
        </BSStatModes>
      </Businesse>
      <Businesse Name="Mulit FTP Upload_Summary" ConditionId="159" SumMode="Summary" OutputDir="Down:Right" Orders="1.BusinessCount,2.BusinessCount,3.SuccessRate,4.TransferSize,5.TransferTime,6.TransferRate" AutoExtended="True" Spid="3" ObtainNetType="All" ResultType="All">
        <FilterPropertys>
          <FilterProperty Property="-9999" Statistics="86" DelayType="-9999" Expression="=1" Name="Multi FTP" />
        </FilterPropertys>
        <BSStatModes>
          <BSStatMode Name="BusinessCount" ConditionId="160" StatMode="BusinessCount" Alias="1" DelayType="1" ObtainNetType="All" />
          <BSStatMode Name="BusinessCount" ConditionId="161" StatMode="BusinessCount" Alias="2" DelayType="1" ObtainNetType="All" ResultType="Success" />
          <BSStatMode Name="SuccessRate" ConditionId="162" StatMode="SuccessRate" Alias="3" DelayType="1" ObtainNetType="All" ResultType="Success" />
          <BSStatMode Name="TransferSize" ConditionId="163" StatMode="TransferSize" Alias="4" DelayType="1" ObtainNetType="All" ResultType="Success" />
          <BSStatMode Name="TransferTime" ConditionId="164" StatMode="TransferTime" Alias="5" DelayType="1" ObtainNetType="All" ResultType="Success" />
          <BSStatMode Name="TransferRate" ConditionId="165" StatMode="TransferRate" Alias="6" DelayType="1" ObtainNetType="All" ResultType="Success" />
        </BSStatModes>
      </Businesse>
      <Businesse Name="Mulit FTP Upload_By log" ConditionId="166" SumMode="SummaryByLog" OutputDir="Down:Right" Orders="1.BusinessCount,2.BusinessCount,3.SuccessRate,4.TransferSize,5.TransferTime,6.TransferRate" AutoExtended="True" Spid="3" ObtainNetType="All" ResultType="All">
        <FilterPropertys>
          <FilterProperty Property="-9999" Statistics="86" DelayType="-9999" Expression="=1" Name="Multi FTP" />
        </FilterPropertys>
        <BSStatModes>
          <BSStatMode Name="BusinessCount" ConditionId="167" StatMode="BusinessCount" Alias="1" DelayType="1" ObtainNetType="All" />
          <BSStatMode Name="BusinessCount" ConditionId="168" StatMode="BusinessCount" Alias="2" DelayType="1" ObtainNetType="All" ResultType="Success" />
          <BSStatMode Name="SuccessRate" ConditionId="169" StatMode="SuccessRate" Alias="3" DelayType="1" ObtainNetType="All" ResultType="Success" />
          <BSStatMode Name="TransferSize" ConditionId="170" StatMode="TransferSize" Alias="4" DelayType="1" ObtainNetType="All" ResultType="Success" />
          <BSStatMode Name="TransferTime" ConditionId="171" StatMode="TransferTime" Alias="5" DelayType="1" ObtainNetType="All" ResultType="Success" />
          <BSStatMode Name="TransferRate" ConditionId="172" StatMode="TransferRate" Alias="6" DelayType="1" ObtainNetType="All" ResultType="Success" />
        </BSStatModes>
      </Businesse>
      <Businesse Name="HTTP Download_Summary" ConditionId="176" SumMode="Summary" OutputDir="Down:Right" Orders="1.BusinessCount,2.BusinessCount,3.SuccessRate,4.Average,5.TransferRate,6.TransferSize" AutoExtended="True" Spid="5" ObtainNetType="All" ResultType="All">
        <BSStatModes>
          <BSStatMode Name="BusinessCount" ConditionId="177" StatMode="BusinessCount" Alias="1" DelayType="1" ObtainNetType="All" />
          <BSStatMode Name="BusinessCount" ConditionId="173" StatMode="BusinessCount" Alias="2" DelayType="1" ObtainNetType="All" ResultType="Success" />
          <BSStatMode Name="SuccessRate" ConditionId="174" StatMode="SuccessRate" Alias="3" DelayType="1" ObtainNetType="All" ResultType="Success" />
          <BSStatMode Name="TransferRate" ConditionId="175" StatMode="TransferRate" Alias="5" DelayType="1" ObtainNetType="All" ResultType="Success" />
          <BSStatMode Name="TransferSize" ConditionId="204" StatMode="TransferSize" Alias="6" DelayType="1" ObtainNetType="All" ResultType="Success" />
        </BSStatModes>
        <BSStatPropertys>
          <BSStatProperty Statistics="1541" StatMode="Average" ConditionId="205" Alias="4" Name="Http Setup Delay" />
        </BSStatPropertys>
      </Businesse>
      <Businesse Name="HTTP Download_By log" ConditionId="206" SumMode="SummaryByLog" OutputDir="Down:Right" Orders="1.BusinessCount,2.BusinessCount,3.SuccessRate,4.Average,5.TransferRate,6.TransferSize" AutoExtended="True" Spid="5" ObtainNetType="All" ResultType="All">
        <BSStatModes>
          <BSStatMode Name="BusinessCount" ConditionId="207" StatMode="BusinessCount" Alias="1" DelayType="1" ObtainNetType="All" />
          <BSStatMode Name="BusinessCount" ConditionId="208" StatMode="BusinessCount" Alias="2" DelayType="1" ObtainNetType="All" ResultType="Success" />
          <BSStatMode Name="SuccessRate" ConditionId="209" StatMode="SuccessRate" Alias="3" DelayType="1" ObtainNetType="All" ResultType="Success" />
          <BSStatMode Name="TransferRate" ConditionId="210" StatMode="TransferRate" Alias="5" DelayType="1" ObtainNetType="All" ResultType="Success" />
          <BSStatMode Name="TransferSize" ConditionId="211" StatMode="TransferSize" Alias="6" DelayType="1" ObtainNetType="All" ResultType="Success" />
        </BSStatModes>
        <BSStatPropertys>
          <BSStatProperty Statistics="1541" StatMode="Average" ConditionId="212" Alias="4" Name="Http Setup Delay" />
        </BSStatPropertys>
      </Businesse>
      <Businesse Name="Http Upload_Summary" ConditionId="213" SumMode="Summary" OutputDir="Down:Right" Orders="1.BusinessCount,2.BusinessCount,3.SuccessRate,Empty,4.TransferRate,5.TransferSize" AutoExtended="True" Spid="31" ObtainNetType="All" ResultType="All">
        <BSStatModes>
          <BSStatMode Name="BusinessCount" ConditionId="214" StatMode="BusinessCount" Alias="1" DelayType="1" ObtainNetType="All" />
          <BSStatMode Name="BusinessCount" ConditionId="178" StatMode="BusinessCount" Alias="2" DelayType="1" ObtainNetType="All" ResultType="Success" />
          <BSStatMode Name="SuccessRate" ConditionId="179" StatMode="SuccessRate" Alias="3" DelayType="1" ObtainNetType="All" ResultType="Success" />
          <BSStatMode Name="TransferRate" ConditionId="181" StatMode="TransferRate" Alias="4" DelayType="1" ObtainNetType="All" ResultType="Success" />
          <BSStatMode Name="TransferSize" ConditionId="182" StatMode="TransferSize" Alias="5" DelayType="1" ObtainNetType="All" ResultType="Success" />
        </BSStatModes>
      </Businesse>
      <Businesse Name="Http Upload_By log" ConditionId="215" SumMode="SummaryByLog" OutputDir="Down:Right" Orders="1.BusinessCount,2.BusinessCount,3.SuccessRate,Empty,4.TransferRate,5.TransferSize" AutoExtended="True" Spid="31" ObtainNetType="All" ResultType="All">
        <BSStatModes>
          <BSStatMode Name="BusinessCount" ConditionId="216" StatMode="BusinessCount" Alias="1" DelayType="1" ObtainNetType="All" />
          <BSStatMode Name="BusinessCount" ConditionId="217" StatMode="BusinessCount" Alias="2" DelayType="1" ObtainNetType="All" ResultType="Success" />
          <BSStatMode Name="SuccessRate" ConditionId="218" StatMode="SuccessRate" Alias="3" DelayType="1" ObtainNetType="All" ResultType="Success" />
          <BSStatMode Name="TransferRate" ConditionId="219" StatMode="TransferRate" Alias="4" DelayType="1" ObtainNetType="All" ResultType="Success" />
          <BSStatMode Name="TransferSize" ConditionId="220" StatMode="TransferSize" Alias="5" DelayType="1" ObtainNetType="All" ResultType="Success" />
        </BSStatModes>
      </Businesse>
      <Businesse Name="HTTP Page_Summary" ConditionId="221" SumMode="Summary" OutputDir="Down:Right" Orders="1.Log,2.BusinessCount,3.BusinessCount,Empty,4.Average,5.Average,6.TransferRate,7.TransferSize,8.Average" AutoExtended="True" Spid="27" ObtainNetType="All" ResultType="All">
        <FilterPropertys>
          <FilterProperty Property="-9999" Statistics="81" DelayType="-9999" Expression="=0" Name="Http Type" />
        </FilterPropertys>
        <BSStatModes>
          <BSStatMode Name="Log" ConditionId="317" StatMode="Log" Alias="1" DelayType="1" ObtainNetType="All" />
          <BSStatMode Name="BusinessCount" ConditionId="185" StatMode="BusinessCount" Alias="2" DelayType="1" ObtainNetType="All" />
          <BSStatMode Name="BusinessCount" ConditionId="339" StatMode="BusinessCount" Alias="3" DelayType="1" ObtainNetType="All" ResultType="Success" />
          <BSStatMode Name="TransferRate" ConditionId="189" StatMode="TransferRate" Alias="6" DelayType="1" ObtainNetType="All" ResultType="Success" />
          <BSStatMode Name="TransferSize" ConditionId="190" StatMode="TransferSize" Alias="7" DelayType="1" ObtainNetType="All" ResultType="Success" />
        </BSStatModes>
        <BSStatPropertys>
          <BSStatProperty Statistics="160" StatMode="Average" ConditionId="187" Alias="4" Name="HTTP Main Page Delay" />
          <BSStatProperty Statistics="311" StatMode="Average" ConditionId="188" Alias="5" Name="HTTPPage_MainPageSize" />
          <BSStatProperty Statistics="324" StatMode="Average" ConditionId="192" Alias="8" Name="Transmit Delay" />
        </BSStatPropertys>
      </Businesse>
      <Businesse Name="HTTP Page_By log" ConditionId="222" SumMode="SummaryByLog" OutputDir="Down:Right" Orders="1.Log,2.BusinessCount,3.BusinessCount,Empty,4.Average,5.Average,6.TransferRate,7.TransferSize,8.Average" AutoExtended="True" Spid="27" ObtainNetType="All" ResultType="All">
        <FilterPropertys>
          <FilterProperty Property="-9999" Statistics="81" DelayType="-9999" Expression="=0" Name="Http Type" />
        </FilterPropertys>
        <BSStatModes>
          <BSStatMode Name="Log" ConditionId="320" StatMode="Log" Alias="1" DelayType="1" ObtainNetType="All" />
          <BSStatMode Name="BusinessCount" ConditionId="223" StatMode="BusinessCount" Alias="2" DelayType="1" ObtainNetType="All" />
          <BSStatMode Name="BusinessCount" ConditionId="224" StatMode="BusinessCount" Alias="3" DelayType="1" ObtainNetType="All" ResultType="Success" />
          <BSStatMode Name="TransferRate" ConditionId="225" StatMode="TransferRate" Alias="6" DelayType="1" ObtainNetType="All" ResultType="Success" />
          <BSStatMode Name="TransferSize" ConditionId="226" StatMode="TransferSize" Alias="7" DelayType="1" ObtainNetType="All" ResultType="Success" />
        </BSStatModes>
        <BSStatPropertys>
          <BSStatProperty Statistics="160" StatMode="Average" ConditionId="227" Alias="4" Name="HTTP Main Page Delay" />
          <BSStatProperty Statistics="311" StatMode="Average" ConditionId="228" Alias="5" Name="HTTPPage_MainPageSize" />
          <BSStatProperty Statistics="324" StatMode="Average" ConditionId="229" Alias="8" Name="Transmit Delay" />
        </BSStatPropertys>
      </Businesse>
      <Businesse Name="PBM_Summary" ConditionId="230" SumMode="Summary" OutputDir="Down:Right" Orders="1.Log,2.BusinessCount,3.BusinessCount,4.BusinessCount" Spid="35" ObtainNetType="All" ResultType="All" AutoExtended="True">
        <BSStatModes>
          <BSStatMode Name="Log" ConditionId="340" StatMode="Log" Alias="1" DelayType="1" ObtainNetType="All" />
          <BSStatMode Name="BusinessCount" ConditionId="244" StatMode="BusinessCount" Alias="2" DelayType="1" ObtainNetType="All" />
          <BSStatMode Name="BusinessCount" ConditionId="245" StatMode="BusinessCount" Alias="3" DelayType="1" ObtainNetType="All" ResultType="Success" />
          <BSStatMode Name="BusinessCount" ConditionId="246" StatMode="BusinessCount" Alias="4" DelayType="1" ObtainNetType="All" ResultType="Failure" />
        </BSStatModes>
      </Businesse>
      <Businesse Name="Http Video_Summary" ConditionId="232" SumMode="Summary" OutputDir="Down:Right" Orders="1.BusinessCount,2.BusinessCount,3.BusinessDelay,4.BusinessCount,5.FailureRate,Empty,Empty,6.BusinessCount,7.DroppedRate,8.Average,9.Average,10.BusinessCount" AutoExtended="True" Spid="32" ObtainNetType="All" ResultType="All">
        <BSStatModes>
          <BSStatMode Name="BusinessCount" ConditionId="233" StatMode="BusinessCount" Alias="1" DelayType="1" ObtainNetType="All" />
          <BSStatMode Name="BusinessCount" ConditionId="193" StatMode="BusinessCount" Alias="2" DelayType="1" ObtainNetType="All" ResultType="Success" />
          <BSStatMode Name="BusinessDelay" ConditionId="194" StatMode="BusinessDelay" Alias="3" DelayType="1" ObtainNetType="All" />
          <BSStatMode Name="BusinessCount" ConditionId="196" StatMode="BusinessCount" Alias="4" DelayType="1" ObtainNetType="All" ResultType="Failure" />
          <BSStatMode Name="FailureRate" ConditionId="197" StatMode="FailureRate" Alias="5" DelayType="1" ObtainNetType="All" ResultType="Failure" />
          <BSStatMode Name="BusinessCount" ConditionId="199" StatMode="BusinessCount" Alias="6" DelayType="1" ObtainNetType="All" ResultType="Droped" />
          <BSStatMode Name="DroppedRate" ConditionId="200" StatMode="DroppedRate" Alias="7" DelayType="1" ObtainNetType="All" ResultType="Droped" />
          <BSStatMode Name="BusinessCount" ConditionId="203" StatMode="BusinessCount" Alias="10" DelayType="1" ObtainNetType="All" ResultType="Success" />
        </BSStatModes>
        <BSStatPropertys>
          <BSStatProperty Statistics="595" StatMode="Average" ConditionId="201" Alias="8" Name="Average" />
          <BSStatProperty Statistics="593" StatMode="Average" ConditionId="202" Alias="9" Name="Average" />
        </BSStatPropertys>
      </Businesse>
      <Businesse Name="Http Video_By log" ConditionId="234" SumMode="SummaryByLog" OutputDir="Down:Right" Orders="1.BusinessCount,2.BusinessCount,3.BusinessDelay,4.BusinessCount,5.FailureRate,Empty,Empty,6.BusinessCount,7.DroppedRate,8.Average,9.Average,10.BusinessCount" AutoExtended="True" Spid="32" ObtainNetType="All" ResultType="All">
        <BSStatModes>
          <BSStatMode Name="BusinessCount" ConditionId="235" StatMode="BusinessCount" Alias="1" DelayType="1" ObtainNetType="All" />
          <BSStatMode Name="BusinessCount" ConditionId="236" StatMode="BusinessCount" Alias="2" DelayType="1" ObtainNetType="All" ResultType="Success" />
          <BSStatMode Name="BusinessDelay" ConditionId="237" StatMode="BusinessDelay" Alias="3" DelayType="1" ObtainNetType="All" />
          <BSStatMode Name="BusinessCount" ConditionId="238" StatMode="BusinessCount" Alias="4" DelayType="1" ObtainNetType="All" ResultType="Failure" />
          <BSStatMode Name="FailureRate" ConditionId="239" StatMode="FailureRate" Alias="5" DelayType="1" ObtainNetType="All" ResultType="Failure" />
          <BSStatMode Name="BusinessCount" ConditionId="240" StatMode="BusinessCount" Alias="6" DelayType="1" ObtainNetType="All" ResultType="Droped" />
          <BSStatMode Name="DroppedRate" ConditionId="241" StatMode="DroppedRate" Alias="7" DelayType="1" ObtainNetType="All" ResultType="Droped" />
          <BSStatMode Name="BusinessCount" ConditionId="242" StatMode="BusinessCount" Alias="10" DelayType="1" ObtainNetType="All" ResultType="Success" />
        </BSStatModes>
        <BSStatPropertys>
          <BSStatProperty Statistics="595" StatMode="Average" ConditionId="243" Alias="8" Name="Average" />
          <BSStatProperty Statistics="593" StatMode="Average" ConditionId="260" Alias="9" Name="Average" />
        </BSStatPropertys>
      </Businesse>
      <Businesse Name="PBM_By log" ConditionId="261" SumMode="SummaryByLog" OutputDir="Down:Right" Orders="1.Log,2.BusinessCount,3.BusinessCount,4.BusinessCount" Spid="35" ObtainNetType="All" ResultType="All" AutoExtended="True">
        <BSStatModes>
          <BSStatMode Name="Log" ConditionId="341" StatMode="Log" Alias="1" DelayType="1" ObtainNetType="All" ResultType="Failure" />
          <BSStatMode Name="BusinessCount" ConditionId="262" StatMode="BusinessCount" Alias="2" DelayType="1" ObtainNetType="All" />
          <BSStatMode Name="BusinessCount" ConditionId="263" StatMode="BusinessCount" Alias="3" DelayType="1" ObtainNetType="All" ResultType="Success" />
          <BSStatMode Name="BusinessCount" ConditionId="264" StatMode="BusinessCount" Alias="4" DelayType="1" ObtainNetType="All" ResultType="Failure" />
        </BSStatModes>
      </Businesse>
      <Businesse Name="Speed Test_Summary" ConditionId="265" SumMode="Summary" OutputDir="Down:Right" Orders="1.BusinessCount,2.BusinessCount,3.SuccessRate,Empty,4.Average,5.Average" Spid="1318" ObtainNetType="All" ResultType="All">
        <BSStatModes>
          <BSStatMode Name="BusinessCount" ConditionId="266" StatMode="BusinessCount" Alias="1" DelayType="1" ObtainNetType="All" />
          <BSStatMode Name="BusinessCount" ConditionId="247" StatMode="BusinessCount" Alias="2" DelayType="1" ObtainNetType="All" ResultType="Success" />
          <BSStatMode Name="SuccessRate" ConditionId="248" StatMode="SuccessRate" Alias="3" DelayType="1" ObtainNetType="All" ResultType="Success" />
        </BSStatModes>
        <BSStatPropertys>
          <BSStatProperty Statistics="293" StatMode="Average" ConditionId="250" Alias="4" Name="Down Speed" />
          <BSStatProperty Statistics="294" StatMode="Average" ConditionId="251" Alias="5" Name="Up Speed" />
        </BSStatPropertys>
      </Businesse>
      <Businesse Name="Speed Test_By log" ConditionId="267" SumMode="SummaryByLog" OutputDir="Down:Right" Orders="1.BusinessCount,2.BusinessCount,3.SuccessRate,Empty,4.Average,5.Average" Spid="1318" ObtainNetType="All" ResultType="All">
        <BSStatModes>
          <BSStatMode Name="BusinessCount" ConditionId="268" StatMode="BusinessCount" Alias="1" DelayType="1" ObtainNetType="All" />
          <BSStatMode Name="BusinessCount" ConditionId="269" StatMode="BusinessCount" Alias="2" DelayType="1" ObtainNetType="All" ResultType="Success" />
          <BSStatMode Name="SuccessRate" ConditionId="270" StatMode="SuccessRate" Alias="3" DelayType="1" ObtainNetType="All" ResultType="Success" />
        </BSStatModes>
        <BSStatPropertys>
          <BSStatProperty Statistics="293" StatMode="Average" ConditionId="271" Alias="4" Name="Down Speed" />
          <BSStatProperty Statistics="294" StatMode="Average" ConditionId="272" Alias="5" Name="Up Speed" />
        </BSStatPropertys>
      </Businesse>
      <Businesse Name="Send SM_Summary" ConditionId="273" SumMode="Summary" OutputDir="Down:Right" Orders="1.BusinessDelay,Empty,2.SuccessRate" AutoExtended="True" Spid="1281" ObtainNetType="All" ResultType="All">
        <BSStatModes>
          <BSStatMode Name="BusinessDelay" ConditionId="274" StatMode="BusinessDelay" Alias="1" DelayType="1" MatchValueType="MO" ObtainNetType="All" />
          <BSStatMode Name="SuccessRate" ConditionId="253" StatMode="SuccessRate" Alias="2" DelayType="1" ObtainNetType="All" />
        </BSStatModes>
      </Businesse>
      <Businesse Name="Send SM_By log" ConditionId="275" SumMode="SummaryByLog" OutputDir="Down:Right" Orders="1.Log,2.BusinessDelay,Empty,3.SuccessRate" AutoExtended="True" Spid="1281" ObtainNetType="All" ResultType="All">
        <BSStatModes>
          <BSStatMode Name="Log" ConditionId="321" StatMode="Log" Alias="1" DelayType="1" ObtainNetType="All" />
          <BSStatMode Name="BusinessDelay" ConditionId="276" StatMode="BusinessDelay" Alias="2" DelayType="1" MatchValueType="MO" ObtainNetType="All" />
          <BSStatMode Name="SuccessRate" ConditionId="277" StatMode="SuccessRate" Alias="3" DelayType="1" ObtainNetType="All" />
        </BSStatModes>
      </Businesse>
      <Businesse Name="Receive SM_Summary" ConditionId="278" SumMode="Summary" OutputDir="Down:Right" Orders="1.BusinessDelay,Empty,2.SuccessRate" AutoExtended="True" Spid="1282" ObtainNetType="All" ResultType="All">
        <BSStatModes>
          <BSStatMode Name="BusinessDelay" ConditionId="279" StatMode="BusinessDelay" Alias="1" DelayType="1" ObtainNetType="All" />
          <BSStatMode Name="SuccessRate" ConditionId="255" StatMode="SuccessRate" Alias="2" DelayType="1" ObtainNetType="All" />
        </BSStatModes>
      </Businesse>
      <Businesse Name="Receive SM_By log" ConditionId="280" SumMode="SummaryByLog" OutputDir="Down:Right" Orders="1.BusinessDelay,Empty,2.SuccessRate" AutoExtended="True" Spid="1282" ObtainNetType="All" ResultType="All">
        <BSStatModes>
          <BSStatMode Name="BusinessDelay" ConditionId="281" StatMode="BusinessDelay" Alias="1" DelayType="1" ObtainNetType="All" />
          <BSStatMode Name="SuccessRate" ConditionId="282" StatMode="SuccessRate" Alias="2" DelayType="1" ObtainNetType="All" />
        </BSStatModes>
      </Businesse>
      <Businesse Name="Send MM_Summary" ConditionId="283" SumMode="Summary" OutputDir="Down:Right" Orders="1.BusinessDelay,Empty,2.SuccessRate" AutoExtended="True" Spid="10" ObtainNetType="All" ResultType="All">
        <BSStatModes>
          <BSStatMode Name="BusinessDelay" ConditionId="284" StatMode="BusinessDelay" Alias="1" DelayType="1" ObtainNetType="All" />
          <BSStatMode Name="SuccessRate" ConditionId="257" StatMode="SuccessRate" Alias="2" DelayType="1" ObtainNetType="All" />
        </BSStatModes>
      </Businesse>
      <Businesse Name="Send MM_By log" ConditionId="285" SumMode="SummaryByLog" OutputDir="Down:Right" Orders="1.BusinessDelay,Empty,2.SuccessRate" AutoExtended="True" Spid="10" ObtainNetType="All" ResultType="All">
        <BSStatModes>
          <BSStatMode Name="BusinessDelay" ConditionId="286" StatMode="BusinessDelay" Alias="1" DelayType="1" ObtainNetType="All" />
          <BSStatMode Name="SuccessRate" ConditionId="287" StatMode="SuccessRate" Alias="2" DelayType="1" ObtainNetType="All" />
        </BSStatModes>
      </Businesse>
      <Businesse Name="Rcv MM_Summary" ConditionId="288" SumMode="Summary" OutputDir="Down:Right" Orders="1.BusinessDelay,Empty,2.SuccessRate" AutoExtended="True" Spid="11" ObtainNetType="All" ResultType="All">
        <BSStatModes>
          <BSStatMode Name="BusinessDelay" ConditionId="289" StatMode="BusinessDelay" Alias="1" DelayType="1" ObtainNetType="All" />
          <BSStatMode Name="SuccessRate" ConditionId="259" StatMode="SuccessRate" Alias="2" DelayType="1" ObtainNetType="All" />
        </BSStatModes>
      </Businesse>
      <Businesse Name="Rcv MM_By log" ConditionId="290" SumMode="SummaryByLog" OutputDir="Down:Right" Orders="1.BusinessDelay,Empty,2.SuccessRate" AutoExtended="True" Spid="11" ObtainNetType="All" ResultType="All">
        <BSStatModes>
          <BSStatMode Name="BusinessDelay" ConditionId="291" StatMode="BusinessDelay" Alias="1" DelayType="1" ObtainNetType="All" />
          <BSStatMode Name="SuccessRate" ConditionId="292" StatMode="SuccessRate" Alias="2" DelayType="1" ObtainNetType="All" />
        </BSStatModes>
      </Businesse>
      <Businesse Name="Ping_Summary" ConditionId="300" SumMode="Summary" OutputDir="Down:Right" Orders="1.Log,2.BusinessCount,3.BusinessCount,4.SuccessRate,5.BusinessDelay" AutoExtended="True" Spid="4" ObtainNetType="All" ResultType="All">
        <BSStatModes>
          <BSStatMode Name="Log" ConditionId="322" StatMode="Log" Alias="1" DelayType="1" ObtainNetType="All" ResultType="Success" />
          <BSStatMode Name="BusinessCount" ConditionId="301" StatMode="BusinessCount" Alias="2" DelayType="1" ObtainNetType="All" />
          <BSStatMode Name="BusinessCount" ConditionId="293" StatMode="BusinessCount" Alias="3" DelayType="1" ObtainNetType="All" ResultType="Success" />
          <BSStatMode Name="SuccessRate" ConditionId="294" StatMode="SuccessRate" Alias="4" DelayType="1" ObtainNetType="All" ResultType="Success" />
          <BSStatMode Name="BusinessDelay" ConditionId="295" StatMode="BusinessDelay" Alias="5" DelayType="1" ObtainNetType="All" ResultType="Success" />
        </BSStatModes>
      </Businesse>
      <Businesse Name="Ping_By log" ConditionId="302" SumMode="SummaryByLog" OutputDir="Down:Right" Orders="1.Log,2.BusinessCount,3.BusinessCount,4.SuccessRate,5.BusinessDelay" AutoExtended="True" Spid="4" ObtainNetType="All" ResultType="All">
        <BSStatModes>
          <BSStatMode Name="Log" ConditionId="323" StatMode="Log" Alias="1" DelayType="1" ObtainNetType="All" ResultType="Success" />
          <BSStatMode Name="BusinessCount" ConditionId="303" StatMode="BusinessCount" Alias="2" DelayType="1" ObtainNetType="All" />
          <BSStatMode Name="BusinessCount" ConditionId="304" StatMode="BusinessCount" Alias="3" DelayType="1" ObtainNetType="All" ResultType="Success" />
          <BSStatMode Name="SuccessRate" ConditionId="305" StatMode="SuccessRate" Alias="4" DelayType="1" ObtainNetType="All" ResultType="Success" />
          <BSStatMode Name="BusinessDelay" ConditionId="306" StatMode="BusinessDelay" Alias="5" DelayType="1" ObtainNetType="All" ResultType="Success" />
        </BSStatModes>
      </Businesse>
      <Businesse Name="Trace Route_Summary" ConditionId="307" SumMode="Summary" OutputDir="Down:Right" Orders="1.BusinessCount,2.BusinessCount,3.SuccessRate,4.BusinessDelay,5.Average" AutoExtended="True" Spid="28" ObtainNetType="All" ResultType="All">
        <BSStatModes>
          <BSStatMode Name="BusinessCount" ConditionId="308" StatMode="BusinessCount" Alias="1" DelayType="1" ObtainNetType="All" />
          <BSStatMode Name="BusinessCount" ConditionId="296" StatMode="BusinessCount" Alias="2" DelayType="1" ObtainNetType="All" ResultType="Success" />
          <BSStatMode Name="SuccessRate" ConditionId="297" StatMode="SuccessRate" Alias="3" DelayType="1" ObtainNetType="All" ResultType="Success" />
          <BSStatMode Name="BusinessDelay" ConditionId="298" StatMode="BusinessDelay" Alias="4" DelayType="1" ObtainNetType="All" ResultType="Success" />
        </BSStatModes>
        <BSStatPropertys>
          <BSStatProperty Statistics="265" StatMode="Average" ConditionId="299" Alias="5" Name="Total Count" />
        </BSStatPropertys>
      </Businesse>
      <Businesse Name="Trace Route_By log" ConditionId="309" SumMode="SummaryByLog" OutputDir="Down:Right" Orders="1.BusinessCount,2.BusinessCount,3.SuccessRate,4.BusinessDelay,5.Average" AutoExtended="True" Spid="28" ObtainNetType="All" ResultType="All">
        <BSStatModes>
          <BSStatMode Name="BusinessCount" ConditionId="310" StatMode="BusinessCount" Alias="1" DelayType="1" ObtainNetType="All" />
          <BSStatMode Name="BusinessCount" ConditionId="311" StatMode="BusinessCount" Alias="2" DelayType="1" ObtainNetType="All" ResultType="Success" />
          <BSStatMode Name="SuccessRate" ConditionId="312" StatMode="SuccessRate" Alias="3" DelayType="1" ObtainNetType="All" ResultType="Success" />
          <BSStatMode Name="BusinessDelay" ConditionId="313" StatMode="BusinessDelay" Alias="4" DelayType="1" ObtainNetType="All" ResultType="Success" />
        </BSStatModes>
        <BSStatPropertys>
          <BSStatProperty Statistics="265" StatMode="Average" ConditionId="314" Alias="5" Name="Total Count" />
        </BSStatPropertys>
      </Businesse>
      <Businesse Name="MO_CSFB_GSM-LTE_Summary" ConditionId="324" SumMode="Summary" OutputDir="Down:Right" Orders="1.Average" AutoExtended="True" Spid="4097" ObtainNetType="All" ResultType="All">
        <FilterPropertys>
          <FilterProperty Property="-9999" Statistics="157" DelayType="-9999" Expression="=0" Name="Return To LTE Type" />
        </FilterPropertys>
        <BSStatPropertys>
          <BSStatProperty Property="84" Statistics="247" StatMode="Average" ConditionId="325" Alias="1" Name="Return To LTE Delay(TAUAccept)" />
        </BSStatPropertys>
      </Businesse>
      <Businesse Name="MO_CSFB_GSM-LTE_By log" ConditionId="326" SumMode="SummaryByLog" OutputDir="Down:Right" Orders="1.Average" AutoExtended="True" Spid="4097" ObtainNetType="All" ResultType="All">
        <FilterPropertys>
          <FilterProperty Property="-9999" Statistics="157" DelayType="-9999" Expression="=0" Name="Return To LTE Type" />
        </FilterPropertys>
        <BSStatPropertys>
          <BSStatProperty Property="84" Statistics="247" StatMode="Average" ConditionId="327" Alias="1" Name="Return To LTE Delay(TAUAccept)" />
        </BSStatPropertys>
      </Businesse>
      <Businesse Name="MO_CSFB_WCDMA-LTE_Summary" ConditionId="328" SumMode="Summary" OutputDir="Down:Right" Orders="1.Average" AutoExtended="True" Spid="4097" ObtainNetType="All" ResultType="All">
        <FilterPropertys>
          <FilterProperty Property="-9999" Statistics="157" DelayType="-9999" Expression="=1" Name="Return To LTE Type" />
        </FilterPropertys>
        <BSStatPropertys>
          <BSStatProperty Property="84" Statistics="247" StatMode="Average" ConditionId="329" Alias="1" Name="Return To LTE Delay(TAUAccept)" />
        </BSStatPropertys>
      </Businesse>
      <Businesse Name="MO_CSFB_WCDMA-LTE_By log" ConditionId="330" SumMode="SummaryByLog" OutputDir="Down:Right" Orders="1.Average" AutoExtended="True" Spid="4097" ObtainNetType="All" ResultType="All">
        <FilterPropertys>
          <FilterProperty Property="-9999" Statistics="157" DelayType="-9999" Expression="=1" Name="Return To LTE Type" />
        </FilterPropertys>
        <BSStatPropertys>
          <BSStatProperty Property="84" Statistics="247" StatMode="Average" ConditionId="331" Alias="1" Name="Return To LTE Delay(TAUAccept)" />
        </BSStatPropertys>
      </Businesse>
      <Businesse Name="MO_CSFB_TDS-LTE_By log" ConditionId="332" SumMode="SummaryByLog" OutputDir="Down:Right" Orders="1.Average" AutoExtended="True" Spid="4097" ObtainNetType="All" ResultType="All">
        <FilterPropertys>
          <FilterProperty Property="-9999" Statistics="157" DelayType="-9999" Expression="=2" Name="Return To LTE Type" />
        </FilterPropertys>
        <BSStatPropertys>
          <BSStatProperty Property="84" Statistics="247" StatMode="Average" ConditionId="333" Alias="1" Name="Return To LTE Delay(TAUAccept)" />
        </BSStatPropertys>
      </Businesse>
      <Businesse Name="MO_CSFB_TDS-LTE_Summary" ConditionId="334" SumMode="Summary" OutputDir="Down:Right" Orders="1.Average" AutoExtended="True" Spid="4097" ObtainNetType="All" ResultType="All">
        <FilterPropertys>
          <FilterProperty Property="-9999" Statistics="157" DelayType="-9999" Expression="=2" Name="Return To LTE Type" />
        </FilterPropertys>
        <BSStatPropertys>
          <BSStatProperty Property="84" Statistics="247" StatMode="Average" ConditionId="335" Alias="1" Name="Return To LTE Delay(TAUAccept)" />
        </BSStatPropertys>
      </Businesse>
      <Businesse Name="MO_CSFB_By log" ConditionId="342" SumMode="SummaryByLog" OutputDir="Down:Right" Orders="1.BusinessCount,2.BusinessCount,Empty,3.BusinessCount,4.DroppedRate,5.BusinessDelay,Empty,6.Average,Empty,7.Average,Empty,8.Average,Empty,9.Average,Empty,Empty,Empty,Empty,Empty,Empty,Empty,Empty" Spid="4097" ObtainNetType="All" ResultType="All" AutoExtended="True">
        <BSStatModes>
          <BSStatMode Name="BusinessCount" ConditionId="343" StatMode="BusinessCount" Alias="1" DelayType="1" ObtainNetType="All" />
          <BSStatMode Name="BusinessCount" ConditionId="344" StatMode="BusinessCount" Alias="2" DelayType="1" ObtainNetType="All" ResultType="VoiceConnected" />
          <BSStatMode Name="BusinessCount" ConditionId="345" StatMode="BusinessCount" Alias="3" DelayType="1" ObtainNetType="All" ResultType="Droped" />
          <BSStatMode Name="DroppedRate" ConditionId="346" StatMode="DroppedRate" Alias="4" DelayType="1" ObtainNetType="All" />
          <BSStatMode Name="BusinessDelay" ConditionId="347" StatMode="BusinessDelay" Alias="5" DelayType="3" ObtainNetType="All" />
        </BSStatModes>
        <BSStatPropertys>
          <BSStatProperty Statistics="197" StatMode="Average" ConditionId="348" Alias="6" Name="CSFB RRC Release To Call Attempt Delay GSM" />
          <BSStatProperty Statistics="198" StatMode="Average" ConditionId="349" Alias="7" Name="CSFB RRC Release To Call Attempt Delay CDMA" />
          <BSStatProperty Statistics="199" StatMode="Average" ConditionId="350" Alias="8" Name="CSFB RRC Release To Call Attempt Delay WCDMA" />
          <BSStatProperty Statistics="200" StatMode="Average" ConditionId="351" Alias="9" Name="CSFB RRC Release To Call Attempt Delay TDSCDMA" />
        </BSStatPropertys>
      </Businesse>
    </Businesses>
    <BaseInfos>
      <BaseInfo Name="Base_Summary" ConditionId="352" SumMode="Summary" OutputDir="Down:Right" StatMode="TestTotalMileage,TestTotalTime,OutOfServiceMileage,OutOfServiceTime" AutoExtended="True" />
      <BaseInfo Name="Base_By log" ConditionId="353" SumMode="SummaryByLog" OutputDir="Down:Right" StatMode="Log,TestTotalMileage,TestTotalTime,OutOfServiceMileage,OutOfServiceTime" AutoExtended="True" />
    </BaseInfos>
  </ReportElement>
</Report>