<?xml version='1.0' encoding='UTF-8' standalone='yes' ?>
<DLMessage>
  <DLMessageHeader Device="Android" Tag="1" SendTime="2015-08-27 16:25:39" />
  <DLMessageBody>
    <DLFilesStatics Business="All">
      <Scenes>
        <Scene Name="DT">
          <DataSource>
            <Data>
              <Item FileName="/sdcard/Walktour/data/task/Android-IN20150827-162030-Dial(1).ddib" />
            </Data>
          </DataSource>
        </Scene>
      </Scenes>
    </DLFilesStatics>
  </DLMessageBody>
</DLMessage>