<?xml version='1.0' encoding='UTF-8' standalone='yes' ?>
<DLMessage>
			<DLMessageHeader Device="android" SendTime="2015-08-27 11:42:50" Tag="1"/>
        <DLMessageBody>
				<DLExportReportRequest TemplateFile="/sdcard/total/FTP.xml">
					<Scenes>
							<Scene Name="">
									<DataSource>
											<Data>
													<Item FileName="/sdcard/walktour/data/task/Android-OUT20150311-173755-FTPD_Ping(1).ddib"/>
											</Data>
									</DataSource>
							</Scene>
					</Scenes>
				</DLExportReportRequest>
			</DLMessageBody>
</DLMessage>