<?xml version="1.0" encoding="UTF-8"?>
<Profile Version="1.4" Name="ParamterThreshold" CreatTime="20150410 17:12:35">
    <Parameters>
        <!--  GSM-->
        <Parameter Name="RxLevel_Full" Desc="RxLevelFull" Key="0x7F000103" NetType="GSM" MaxValue="-47" MinValue="-110">
            <Thresholds CodeSign="&lt;=-94|(-94,-75]|&gt;-75">
                <Threshold Range="&lt;=-94" Color="#FFC0CB" />
                <Threshold Range="(-94,-75]" Color="#9932CC" />
                <Threshold Range="&gt;-75" Color="#0000FF" />
            </Thresholds>
        </Parameter>
        <Parameter Name="RxLevel_Sub" Desc="RxLevelSub" Key="0x7F000104" NetType="GSM" MaxValue="-47" MinValue="-110">
            <Thresholds CodeSign="&lt;=-105|(-105,-95]|(-95,-85]|(-85,-75]|&gt;-75">
                <Threshold Range="&lt;=-105" Color="#FFC0CB" />
                <Threshold Range="(-105,-95]" Color="#8B008B" />
                <Threshold Range="(-95,-85]" Color="#9932CC" />
                <Threshold Range="(-85,-75]" Color="#0000FF" />
                <Threshold Range="&gt;-75" Color="#00FFFF" />
            </Thresholds>
        </Parameter>
        <Parameter Name="BCCH_Level" Desc="BCCHLevel" Key="0x7F000109" NetType="GSM" MaxValue="-47" MinValue="-110">
            <Thresholds CodeSign="&lt;=-94|(-94,-75]|&gt;-75">
                <Threshold Range="&lt;=-94" Color="#FFC0CB" />
                <Threshold Range="(-94,-75]" Color="#9932CC" />
                <Threshold Range="&gt;-75" Color="#0000FF" />
            </Thresholds>
        </Parameter>
        <Parameter Name="GSM_TA" Desc="TA" Key="0x7F000113" NetType="GSM" MaxValue="219" MinValue="0">
            <Thresholds CodeSign="&lt;=50|(50,100]|(100,150]|&gt;150">
                <Threshold Range="&lt;=50" Color="#FFC0CB" />
                <Threshold Range="(50,100]" Color="#8B008B" />
                <Threshold Range="(100,150]" Color="#9932CC" />
                <Threshold Range="&gt;150" Color="#0000FF" />
            </Thresholds>
        </Parameter>
        <Parameter Name="GSM_TxPower" Desc="TxPower" Key="0x7F000114" NetType="GSM" MaxValue="39" MinValue="0">
            <Thresholds CodeSign="&lt;=5|(5,10]|(10,15]|(15,31]|&gt;31">
                <Threshold Range="&lt;=5" Color="#FFC0CB" />
                <Threshold Range="(5,10]" Color="#8B008B" />
                <Threshold Range="(10,15]" Color="#9932CC" />
                <Threshold Range="(15,31]" Color="#0000FF" />
                <Threshold Range="&gt;31" Color="#00FFFF" />
            </Thresholds>
        </Parameter>
        <Parameter Name="GSM_VoiceCodec" Desc="VoiceCode" Key="0x7F000314" NetType="GSM" MaxValue="4" MinValue="0">
            <Thresholds CodeSign="&lt;=0|(0,1]|(1,2]|(2,3]|&gt;3">
                <Threshold Range="&lt;=0" Color="#FFC0CB" />
                <Threshold Range="(0,1]" Color="#8B008B" />
                <Threshold Range="(1,2]" Color="#9932CC" />
                <Threshold Range="(2,3]" Color="#0000FF" />
                <Threshold Range="&gt;3" Color="#00FFFF" />
            </Thresholds>
        </Parameter>
        <Parameter Name="RLC_DL_Throughput" Desc="RLC DL Throughput" Key="0x7F000402" NetType="GSM" MaxValue="553.6" MinValue="0">
            <Thresholds CodeSign="&lt;=9.6|((9.6,23.4]|23.4,34.92]|(34.92,76.8]|&gt;76.8">
                <Threshold Range="&lt;=9.6" Color="#FFC0CB" />
                <Threshold Range="(9.6,23.4]" Color="#8B008B" />
                <Threshold Range="(23.4,34.92]" Color="#9932CC" />
                <Threshold Range="(34.92,76.8]" Color="#0000FF" />
                <Threshold Range="&gt;76.8" Color="#00FFFF" />
            </Thresholds>
        </Parameter>
        <Parameter Name="RLC_UL_Throughput" Desc="RLC UL Throughput" Key="0x7F000401" NetType="GSM" MaxValue="276.8" MinValue="0">
            <Thresholds CodeSign="&lt;=4.8|(4.8,9.6]|(9.6,23.4]|(23.4,57.6]|&gt;57.6">
                <Threshold Range="&lt;=4.8" Color="#FFC0CB" />
                <Threshold Range="(4.8,9.6]" Color="#8B008B" />
                <Threshold Range="(9.6,23.4]" Color="#9932CC" />
                <Threshold Range="(23.4,57.6]" Color="#0000FF" />
                <Threshold Range="&gt;57.6" Color="#00FFFF" />
            </Thresholds>
        </Parameter>
        <Parameter Name="BLER" Desc="BLER" Key="0x7F000607" NetType="GSM" MaxValue="100" MinValue="0">
            <Thresholds CodeSign="&lt;=5|(5,10]|(10,20]|&gt;20">
                <Threshold Range="&lt;=5" Color="#FFC0CB" />
                <Threshold Range="(5,10]" Color="#8B008B" />
                <Threshold Range="(10,20]" Color="#9932CC" />
                <Threshold Range="&gt;20" Color="#00FFFF" />
            </Thresholds>
        </Parameter>
        <!--  CDMA-->
        <Parameter Name="CDMA_Total_EcIo" Desc="TotalEcIo" Key="0x7F01000C" NetType="CDMA" MaxValue="0" MinValue="-32">
            <Thresholds CodeSign="&lt;=-15|(-15,-12]|(-12,-9]|(-9,-7]|&gt;-7">
                <Threshold Range="&lt;-15" Color="#FFC0CB" />
                <Threshold Range="(-15,-12]" Color="#8B008B" />
                <Threshold Range="(-12,-9]" Color="#9932CC" />
                <Threshold Range="(-9,-7]" Color="#0000FF" />
                <Threshold Range="&gt;-7" Color="#FFA500" />
            </Thresholds>
        </Parameter>
        <Parameter Name="CDMA_Total_Ec" Desc="TotalEc" Key="0x7F01000F" NetType="CDMA" MaxValue="-30" MinValue="-130">
            <Thresholds CodeSign="&lt;=-120|(-120,-100]|(-100,-90]|(-90,-80]|&gt;-80">
                <Threshold Range="&lt;=-120" Color="#FFC0CB" />
                <Threshold Range="(-120,-100]" Color="#8B008B" />
                <Threshold Range="(-100,-90]" Color="#9932CC" />
                <Threshold Range="(-90,-80]" Color="#0000FF" />
                <Threshold Range="&gt;-80" Color="#FFA500" />
            </Thresholds>
        </Parameter>
        <Parameter Name="CDMA_FFER" Desc="FFER" Key="0x7F010006" NetType="CDMA" MaxValue="100" MinValue="0">
            <Thresholds CodeSign="&lt;=0|(1,2]|(2,3]|(3,5]|&gt;5">
                <Threshold Range="&lt;=1" Color="#FFC0CB" />
                <Threshold Range="(1,2]" Color="#8B008B" />
                <Threshold Range="(2,3]" Color="#9932CC" />
                <Threshold Range="(3,5]" Color="#0000FF" />
                <Threshold Range="&gt;5" Color="#FFA500" />
            </Thresholds>
        </Parameter>
        <Parameter Name="CDMA_RxAGC" Desc="RxAGC" Key="0x7F010001" NetType="CDMA" MaxValue="30" MinValue="-130">
            <Thresholds CodeSign="&lt;=-100|(-100,-90]|(-90,-80]|(-80,-70]|&gt;-70">
                <Threshold Range="&lt;=-100" Color="#FFC0CB" />
                <Threshold Range="(-100,-90]" Color="#8B008B" />
                <Threshold Range="(-90,-80]" Color="#9932CC" />
                <Threshold Range="(-80,-70]" Color="#0000FF" />
                <Threshold Range="&gt;-70" Color="#FFA500" />
            </Thresholds>
        </Parameter>
        <Parameter Name="CDMA_TxPower" Desc="TxPower" Key="0x7F010003" NetType="CDMA" MaxValue="30" MinValue="-60">
            <Thresholds CodeSign="&lt;=-15|(-15,0]|(0,10]|(10,15]|&gt;15">
                <Threshold Range="&lt;=-15" Color="#FFC0CB" />
                <Threshold Range="(-15,0]" Color="#8B008B" />
                <Threshold Range="(0,10]" Color="#9932CC" />
                <Threshold Range="(10,15]" Color="#0000FF" />
                <Threshold Range="&gt;15" Color="#FFA500" />
            </Thresholds>
        </Parameter>
        <!--  EVDO-->
        <Parameter Name="EVDO_RxAGC0" Desc="RXAGC0" Key="0x7F018001" NetType="EVDO" MaxValue="-30" MinValue="-130">
            <Thresholds CodeSign="&lt;=-100|(-100,-80]|(-80,-70]|(-70,-60]|&gt;-60">
                <Threshold Range="&lt;=-100" Color="#FFC0CB" />
                <Threshold Range="(-100,-80]" Color="#8B008B" />
                <Threshold Range="(-80,-70]" Color="#9932CC" />
                <Threshold Range="(-70,-60]" Color="#0000FF" />
                <Threshold Range="&gt;-60" Color="#FFA500" />
            </Thresholds>
        </Parameter>
        <Parameter Name="EVDO_RxAGC1" Desc="RXAGC1" Key="0x7F018002" NetType="EVDO" MaxValue="-30" MinValue="-130">
            <Thresholds CodeSign="&lt;=-100|(-100,-80]|(-80,-70]|(-70,-60]|&gt;-60">
                <Threshold Range="&lt;=-100" Color="#FFC0CB" />
                <Threshold Range="(-100,-80]" Color="#8B008B" />
                <Threshold Range="(-80,-70]" Color="#9932CC" />
                <Threshold Range="(-70,-60]" Color="#0000FF" />
                <Threshold Range="&gt;-60" Color="#FFA500" />
            </Thresholds>
        </Parameter>
        <Parameter Name="EVDO_TxAGC" Desc="TxAGC" Key="0x7F018003" NetType="EVDO" MaxValue="76" MinValue="-117">
            <Thresholds CodeSign="&lt;=-80|(-80,-10]|(-10,0]|(0,20]|&gt;20">
                <Threshold Range="&lt;=-80" Color="#FFC0CB" />
                <Threshold Range="(-80,-10]" Color="#8B008B" />
                <Threshold Range="(-10,0]" Color="#9932CC" />
                <Threshold Range="(0,20]" Color="#0000FF" />
                <Threshold Range="&gt;20" Color="#FFA500" />
            </Thresholds>
        </Parameter>
        <Parameter Name="EVDO_TotalSINR" Desc="Total SINR" Key="0x7F018008" NetType="EVDO" MaxValue="30" MinValue="-30">
            <Thresholds CodeSign="&lt;=-15|(-15,-5]|(-5,5]|(5,15]|&gt;15">
                <Threshold Range="&lt;=-15" Color="#FFC0CB" />
                <Threshold Range="(-15,-5]" Color="#8B008B" />
                <Threshold Range="(-5,5]" Color="#9932CC" />
                <Threshold Range="(5,15]" Color="#0000FF" />
                <Threshold Range="&gt;15" Color="#FFA500" />
            </Thresholds>
        </Parameter>
        <Parameter Name="EVDO_RxRLP_Thr_Inst" Desc="RxRLP Thr Inst" Key="0x7F018102" NetType="EVDO" MaxValue="24000" MinValue="0">
            <Thresholds CodeSign="&lt;=1952|(1952,5856]|(5856,7808]|(7808,9760]|&gt;9760">
                <Threshold Range="&lt;=1952" Color="#FFC0CB" />
                <Threshold Range="(1952,5856]" Color="#8B008B" />
                <Threshold Range="(5856,7808]" Color="#9932CC" />
                <Threshold Range="(7808,9760]" Color="#0000FF" />
                <Threshold Range="&gt;9760" Color="#FFA500" />
            </Thresholds>
        </Parameter>
        <Parameter Name="EVDO_TxRLP_Thr_Inst" Desc="TxRLP Thr Inst" Key="0x7F018104" NetType="EVDO" MaxValue="24000" MinValue="0">
            <Thresholds CodeSign="&lt;=1952|(1952,5856]|(5856,7808]|(7808,9760]|&gt;9760">
                <Threshold Range="&lt;=1952" Color="#FFC0CB" />
                <Threshold Range="(1952,5856]" Color="#8B008B" />
                <Threshold Range="(5856,7808]" Color="#9932CC" />
                <Threshold Range="(7808,9760]" Color="#0000FF" />
                <Threshold Range="&gt;9760" Color="#FFA500" />
            </Thresholds>
        </Parameter>
        <!--  WCDMA-->
        <Parameter Name="WCDMA_Total_EcIo" Desc="TotalEcIo" Key="0x7F02000A" NetType="WCDMA" MaxValue="0" MinValue="-31.5">
            <Thresholds CodeSign="&lt;=-20|(-20,-14]|(-14,-8]|(-8,-6]|&gt;-6">
                <Threshold Range="&lt;-20" Color="#FFC0CB" />
                <Threshold Range="(-20,-14]" Color="#8B008B" />
                <Threshold Range="(-14,-8]" Color="#9932CC" />
                <Threshold Range="(-8,-6]" Color="#0000FF" />
                <Threshold Range="&gt;-6" Color="#FFA500" />
            </Thresholds>
        </Parameter>
        <Parameter Name="WCDMA_Total_RSCP" Desc="TotalRSCP" Key="0x7F02000D" NetType="WCDMA" MaxValue="-25" MinValue="-124">
            <Thresholds CodeSign="&lt;=-110|(-110,-100]|(-100,-90]|(-90,-80]|&gt;-80">
                <Threshold Range="&lt;-110" Color="#FFC0CB" />
                <Threshold Range="(-110,-100]" Color="#8B008B" />
                <Threshold Range="(-100,-90]" Color="#9932CC" />
                <Threshold Range="(-90,-80]" Color="#0000FF" />
                <Threshold Range="&gt;-80" Color="#FFA500" />
            </Thresholds>
        </Parameter>
        <Parameter Name="WCDMA_RxPower" Desc="RxPower" Key="0x7F020001" NetType="WCDMA" MaxValue="-25" MinValue="-100">
            <Thresholds CodeSign="&lt;=-90|(-90,-80]|(-80,-70]|(-70,-60]|&gt;-60">
                <Threshold Range="&lt;-90" Color="#FFC0CB" />
                <Threshold Range="(-90,-80]" Color="#8B008B" />
                <Threshold Range="(-80,-70]" Color="#9932CC" />
                <Threshold Range="(-70,-60]" Color="#0000FF" />
                <Threshold Range="&gt;-60" Color="#FFA500" />
            </Thresholds>
        </Parameter>
        <Parameter Name="WCDMA_TxPower" Desc="TxPower" Key="0x7F020002" NetType="WCDMA" MaxValue="33" MinValue="-50">
            <Thresholds CodeSign="&lt;=-25|(-25,-15]|(-15,0]|(0,15]|(15,25]|&gt;25">
                <Threshold Range="&lt;-25" Color="#FFC0CB" />
                <Threshold Range="(-25,-15]" Color="#8B008B" />
                <Threshold Range="(-15,0]" Color="#9932CC" />
                <Threshold Range="(0,15]" Color="#0000FF" />
                <Threshold Range="(15,25]" Color="#00FFFF" />
                <Threshold Range="&gt;25" Color="#FFA500" />
            </Thresholds>
        </Parameter>
        <Parameter Name="WCDMA_BLER" Desc="BLER" Key="0x7F020005" NetType="WCDMA" MaxValue="100" MinValue="0">
            <Thresholds CodeSign="&lt;=2|(2,5]|(5,10]|(10,20]|&gt;20">
                <Threshold Range="&lt;=2" Color="#FFC0CB" />
                <Threshold Range="(2,5]" Color="#8B008B" />
                <Threshold Range="(5,10]" Color="#9932CC" />
                <Threshold Range="(10,20]" Color="#00FFFF" />
                <Threshold Range="&gt;20" Color="#FFA500" />
            </Thresholds>
        </Parameter>
        <Parameter Name="WCDMA_DL_RLC_Thr" Desc="DL RLC Thr" Key="0x7F020201" NetType="WCDMA" MaxValue="14400" MinValue="0">
            <Thresholds CodeSign="&lt;=128|(128,192]|(192,256]|(256,384]|&gt;384">
                <Threshold Range="&lt;=128" Color="#FFC0CB" />
                <Threshold Range="(128,192]" Color="#8B008B" />
                <Threshold Range="(192,256]" Color="#9932CC" />
                <Threshold Range="(256,384]" Color="#00FFFF" />
                <Threshold Range="&gt;384" Color="#FFA500" />
            </Thresholds>
        </Parameter>
        <Parameter Name="WCDMA_UL_RLC_Thr" Desc="UL RLC Thr" Key="0x7F020202" NetType="WCDMA" MaxValue="5000" MinValue="0">
            <Thresholds CodeSign="&lt;=32|(32,64]|(64,96]|(96,128]|&gt;128">
                <Threshold Range="&lt;=32" Color="#FFC0CB" />
                <Threshold Range="(32,64]" Color="#8B008B" />
                <Threshold Range="(64,96]" Color="#9932CC" />
                <Threshold Range="(96,128]" Color="#00FFFF" />
                <Threshold Range="&gt;128" Color="#FFA500" />
            </Thresholds>
        </Parameter>
        <Parameter Name="WCDMA_CQI_Mean" Desc="CQI Mean" Key="0x7F020305" NetType="WCDMA" MaxValue="30" MinValue="0">
            <Thresholds CodeSign="&lt;=5|(5,10]|(10,16]|(16,19]|(19,22]|&gt;22">
                <Threshold Range="&lt;=5" Color="#FFC0CB" />
                <Threshold Range="(5,10]" Color="#8B008B" />
                <Threshold Range="(10,16]" Color="#9932CC" />
                <Threshold Range="(16,19]" Color="#00FFFF" />
                <Threshold Range="(19,22]" Color="#0000FF" />
                <Threshold Range="&gt;22" Color="#FFA500" />
            </Thresholds>
        </Parameter>
        <Parameter Name="WCDMA_Phys_Request_Thr" Desc="Phys Request Thr" Key="0x7F02030F" NetType="WCDMA" MaxValue="14400" MinValue="0">
            <Thresholds CodeSign="&lt;=2880|(2880,5760]|(5760,8640]|(8640,11520]|&gt;11520">
                <Threshold Range="&lt;=2880" Color="#FFC0CB" />
                <Threshold Range="(2880,5760]" Color="#8B008B" />
                <Threshold Range="(5760,8640]" Color="#9932CC" />
                <Threshold Range="(8640,11520]" Color="#00FFFF" />
                <Threshold Range="&gt;11520" Color="#FFA500" />
            </Thresholds>
        </Parameter>
        <Parameter Name="WCDMA_Phys_Schedule_Thr" Desc="Phys Schedule Thr" Key="0x7F020310" NetType="WCDMA" MaxValue="14400" MinValue="0">
            <Thresholds CodeSign="&lt;=2880|(2880,5760]|(5760,8640]|(8640,11520]|&gt;11520">
                <Threshold Range="&lt;=2880" Color="#FFC0CB" />
                <Threshold Range="(2880,5760]" Color="#8B008B" />
                <Threshold Range="(5760,8640]" Color="#9932CC" />
                <Threshold Range="(8640,11520]" Color="#00FFFF" />
                <Threshold Range="&gt;11520" Color="#FFA500" />
            </Thresholds>
        </Parameter>
        <Parameter Name="WCDMA_Phys_Service_Thr" Desc="Phys Service Thr" Key="0x7F020311" NetType="WCDMA" MaxValue="14400" MinValue="0">
            <Thresholds CodeSign="&lt;=2880|(2880,5760]|(5760,8640]|(8640,11520]|&gt;11520">
                <Threshold Range="&lt;=2880" Color="#FFC0CB" />
                <Threshold Range="(2880,5760]" Color="#8B008B" />
                <Threshold Range="(5760,8640]" Color="#9932CC" />
                <Threshold Range="(8640,11520]" Color="#00FFFF" />
                <Threshold Range="&gt;11520" Color="#FFA500" />
            </Thresholds>
        </Parameter>
        <Parameter Name="WCDMA_MAC_Thr" Desc="MAC Thr" Key="0x7F020312" NetType="WCDMA" MaxValue="14400" MinValue="0">
            <Thresholds CodeSign="&lt;=2880|(2880,5760]|(5760,8640]|(8640,11520]|&gt;11520">
                <Threshold Range="&lt;=2880" Color="#FFC0CB" />
                <Threshold Range="(2880,5760]" Color="#8B008B" />
                <Threshold Range="(5760,8640]" Color="#9932CC" />
                <Threshold Range="(8640,11520]" Color="#00FFFF" />
                <Threshold Range="&gt;11520" Color="#FFA500" />
            </Thresholds>
        </Parameter>
        <Parameter Name="HSPA_DC_CQI_Mean_1st" Desc="DC CQI Mean 1st" Key="0x7F020607" NetType="WCDMA" MaxValue="40" MinValue="0">
            <Thresholds CodeSign="&lt;=6|(6,12]|(12,18]|(18,24]|(24,31]|&gt;31">
                <Threshold Range="&lt;=6" Color="#FFC0CB" />
                <Threshold Range="(6,12]" Color="#8B008B" />
                <Threshold Range="(12,18]" Color="#9932CC" />
                <Threshold Range="(18,24]" Color="#00FFFF" />
                <Threshold Range="(24,31]" Color="#0000FF" />
                <Threshold Range="&gt;31" Color="#FFA500" />
            </Thresholds>
        </Parameter>
        <Parameter Name="HSPA_DC_CQI_Mean_2nd" Desc="HSPA DC CQI Mean 2nd" Key="0x7F02060A" NetType="WCDMA" MaxValue="40" MinValue="0">
            <Thresholds CodeSign="&lt;=6|(6,12]|(12,18]|(18,24]|(24,31]|&gt;31">
                <Threshold Range="&lt;=6" Color="#FFC0CB" />
                <Threshold Range="(6,12]" Color="#8B008B" />
                <Threshold Range="(12,18]" Color="#9932CC" />
                <Threshold Range="(18,24]" Color="#00FFFF" />
                <Threshold Range="(24,31]" Color="#0000FF" />
                <Threshold Range="&gt;31" Color="#FFA500" />
            </Thresholds>
        </Parameter>
        <Parameter Name="HSPA_DC_Phys_Request_Thr_1st" Desc="DC Phys Request Thr 1st" Key="0x7F02063D" NetType="WCDMA" MaxValue="100" MinValue="0">
            <Thresholds CodeSign="&lt;=16|(16,32]|(32,48]|(48,64]|(64,80]|&gt;31">
                <Threshold Range="&lt;=16" Color="#FFC0CB" />
                <Threshold Range="(16,32]" Color="#8B008B" />
                <Threshold Range="(32,48]" Color="#9932CC" />
                <Threshold Range="(48,64]" Color="#00FFFF" />
                <Threshold Range="(64,80]" Color="#0000FF" />
                <Threshold Range="&gt;80" Color="#FFA500" />
            </Thresholds>
        </Parameter>
        <Parameter Name="HSPA_DC_Phys_Schedule_Thr_1st" Desc="HSPA DC Phys Schedule Thr 1st" Key="0x7F02063E" NetType="WCDMA" MaxValue="100" MinValue="0">
            <Thresholds CodeSign="&lt;=16|(16,32]|(32,48]|(48,64]|(64,80]|&gt;31">
                <Threshold Range="&lt;=16" Color="#FFC0CB" />
                <Threshold Range="(16,32]" Color="#8B008B" />
                <Threshold Range="(32,48]" Color="#9932CC" />
                <Threshold Range="(48,64]" Color="#00FFFF" />
                <Threshold Range="(64,80]" Color="#0000FF" />
                <Threshold Range="&gt;80" Color="#FFA500" />
            </Thresholds>
        </Parameter>
        <Parameter Name="HSPA_DC_Phys_Service_Thr_1st" Desc="DC Phys Service Thr 1st" Key="0x7F02063F" NetType="WCDMA" MaxValue="100" MinValue="0">
            <Thresholds CodeSign="&lt;=16|(16,32]|(32,48]|(48,64]|(64,80]|&gt;31">
                <Threshold Range="&lt;=16" Color="#FFC0CB" />
                <Threshold Range="(16,32]" Color="#8B008B" />
                <Threshold Range="(32,48]" Color="#9932CC" />
                <Threshold Range="(48,64]" Color="#00FFFF" />
                <Threshold Range="(64,80]" Color="#0000FF" />
                <Threshold Range="&gt;80" Color="#FFA500" />
            </Thresholds>
        </Parameter>
        <Parameter Name="HSPA_Phys_Request_Thr_2st" Desc="DC Phys Request Thr 2nd" Key="0x7F02064F" NetType="WCDMA" MaxValue="100" MinValue="0">
            <Thresholds CodeSign="&lt;=16|(16,32]|(32,48]|(48,64]|(64,80]|&gt;31">
                <Threshold Range="&lt;=16" Color="#FFC0CB" />
                <Threshold Range="(16,32]" Color="#8B008B" />
                <Threshold Range="(32,48]" Color="#9932CC" />
                <Threshold Range="(48,64]" Color="#00FFFF" />
                <Threshold Range="(64,80]" Color="#0000FF" />
                <Threshold Range="&gt;80" Color="#FFA500" />
            </Thresholds>
        </Parameter>
        <Parameter Name="HSPA_Phys_Schedule_Thr_2st" Desc="DC Phys Schedule Thr 2nd" Key="0x7F020650" NetType="WCDMA" MaxValue="100" MinValue="0">
            <Thresholds CodeSign="&lt;=16|(16,32]|(32,48]|(48,64]|(64,80]|&gt;31">
                <Threshold Range="&lt;=16" Color="#FFC0CB" />
                <Threshold Range="(16,32]" Color="#8B008B" />
                <Threshold Range="(32,48]" Color="#9932CC" />
                <Threshold Range="(48,64]" Color="#00FFFF" />
                <Threshold Range="(64,80]" Color="#0000FF" />
                <Threshold Range="&gt;80" Color="#FFA500" />
            </Thresholds>
        </Parameter>
        <Parameter Name="HSPA_Phys_Service_Thr_2st" Desc="DC Phys Service Thr 2nd" Key="0x7F020651" NetType="WCDMA" MaxValue="100" MinValue="0">
            <Thresholds CodeSign="&lt;=16|(16,32]|(32,48]|(48,64]|(64,80]|&gt;80">
                <Threshold Range="&lt;=16" Color="#FFC0CB" />
                <Threshold Range="(16,32]" Color="#8B008B" />
                <Threshold Range="(32,48]" Color="#9932CC" />
                <Threshold Range="(48,64]" Color="#00FFFF" />
                <Threshold Range="(64,80]" Color="#0000FF" />
                <Threshold Range="&gt;80" Color="#FFA500" />
            </Thresholds>
        </Parameter>

        <!--  TDSDMA-->
        <Parameter Name="TDS_UTRA_CarrierRSSI" Desc="UTRA CarrierRSSI" Key="0x7F030101" NetType="TDSDMA" MaxValue="-32" MinValue="-94">
            <Thresholds CodeSign="&lt;=-90|(-90,-80]|(-80,-70]|(-70,-60]|(-60,-50]|&gt;-50">
                <Threshold Range="&lt;=-90" Color="#FFC0CB" />
                <Threshold Range="(-90,-80]" Color="#8B008B" />
                <Threshold Range="(-80,-70]" Color="#9932CC" />
                <Threshold Range="(-70,-60]" Color="#0000FF" />
                <Threshold Range="(-60,-50]" Color="#FFA500" />
                <Threshold Range="&gt;-50" Color="#FF0000" />
            </Thresholds>
        </Parameter>
        <Parameter Name="TDS_UE_TxPower" Desc="UE TxPower" Key="0x7F030102" NetType="TDSDMA" MaxValue="34" MinValue="-50">
            <Thresholds CodeSign="&lt;=-85|(-85,-75]|(-75,-70]|&gt;-70">
                <Threshold Range="&lt;=-85" Color="#FFC0CB" />
                <Threshold Range="(-85,-75]" Color="#9932CC" />
                <Threshold Range="(-75,-70]" Color="#0000FF" />
                <Threshold Range="&gt;-70" Color="#FF0000" />
            </Thresholds>
        </Parameter>
        <Parameter Name="TDS_DPCH_RSCP" Desc="DPCH RSCP" Key="0x7F030112" NetType="TDSDMA" MaxValue="-25" MinValue="-115">
            <Thresholds CodeSign="&lt;=-100|(-100,-90]|(-90,-80]|&gt;-80">
                <Threshold Range="&lt;=-100" Color="#FFC0CB" />
                <Threshold Range="(-100,-90]" Color="#9932CC" />
                <Threshold Range="(-90,-80]" Color="#0000FF" />
                <Threshold Range="&gt;-80" Color="#FF0000" />
            </Thresholds>
        </Parameter>
        <Parameter Name="TDS_DPCH_CI" Desc="DPCH_C/I" Key="0x7F030114" NetType="TDSDMA" MaxValue="25" MinValue="-20">
            <Thresholds CodeSign="&lt;=-10|(-10,-5]|(-5,0]|(0,5]|(5,10]|&gt;10">
                <Threshold Range="&lt;=-10" Color="#FFC0CB" />
                <Threshold Range="(-10,-5]" Color="#8B008B" />
                <Threshold Range="(-5,0]" Color="#9932CC" />
                <Threshold Range="(0,5]" Color="#0000FF" />
                <Threshold Range="(5,10]" Color="#FFA500" />
                <Threshold Range="&gt;10" Color="#FF0000" />
            </Thresholds>
        </Parameter>
        <Parameter Name="TDS_BLER" Desc="BLER" Key="0x7F030119" NetType="TDSDMA" MaxValue="100" MinValue="0">
            <Thresholds CodeSign="&lt;=5|(5,10]|(10,15]|(15,20]|&gt;20">
                <Threshold Range="&lt;=5" Color="#FFC0CB" />
                <Threshold Range="(5,10]" Color="#8B008B" />
                <Threshold Range="(10,15]" Color="#9932CC" />
                <Threshold Range="(15,20]" Color="#0000FF" />
                <Threshold Range="&gt;20" Color="#FF0000" />
            </Thresholds>
        </Parameter>
        <Parameter Name="TDS_PCCPCH_RSCP" Desc="PCCPCH RSCP" Key="0x7F03011B" NetType="TDSDMA" MaxValue="-25" MinValue="-115">
            <Thresholds CodeSign="&lt;=-110|(-110,-100]|(-100,-90]|(-90,-80]|(-80,-70]|&gt;-70">
                <Threshold Range="&lt;=-110" Color="#FFC0CB" />
                <Threshold Range="(-110,-100]" Color="#8B008B" />
                <Threshold Range="(-100,-90]" Color="#9932CC" />
                <Threshold Range="(-90,-80]" Color="#0000FF" />
                <Threshold Range="(-80,-70]" Color="#FFA500" />
                <Threshold Range="&gt;-70" Color="#FF0000" />
            </Thresholds>
        </Parameter>
        <Parameter Name="TDS_PCCPCH_CI" Desc="PCCPCH_C/I" Key="0x7F030120" NetType="TDSDMA" MaxValue="-25" MinValue="-115">
            <Thresholds CodeSign="&lt;=-10|(-10,-5]|(-5,0]|(0,5]|(5,10]|&gt;10">
                <Threshold Range="&lt;=-10" Color="#FFC0CB" />
                <Threshold Range="(-10,-5]" Color="#8B008B" />
                <Threshold Range="(-5,0]" Color="#9932CC" />
                <Threshold Range="(0,5]" Color="#0000FF" />
                <Threshold Range="(5,10]" Color="#FFA500" />
                <Threshold Range="&gt;10" Color="#FF0000" />
            </Thresholds>
        </Parameter>
        <Parameter Name="TDS_DL_RLC_Thr" Desc="DL RLC Thr" Key="0x7F030601" NetType="TDSDMA" MaxValue="250" MinValue="0">
            <Thresholds CodeSign="&lt;=100|(100,150]|(150,200]|&gt;200">
                <Threshold Range="&lt;=100" Color="#FFC0CB" />
                <Threshold Range="(100,150]" Color="#8B008B" />
                <Threshold Range="(150,200]" Color="#9932CC" />
                <Threshold Range="&gt;200" Color="#FF0000" />
            </Thresholds>
        </Parameter>
        <Parameter Name="TDS_UL_RLC_Thr" Desc="UL RLC Thr" Key="0x7F030602" NetType="TDSDMA" MaxValue="200" MinValue="0">
            <Thresholds CodeSign="&lt;=50|(50,100]|(100,150]|&gt;150">
                <Threshold Range="&lt;=50" Color="#FFC0CB" />
                <Threshold Range="(50,100]" Color="#8B008B" />
                <Threshold Range="(100,150]" Color="#9932CC" />
                <Threshold Range="&gt;150" Color="#FF0000" />
            </Thresholds>
        </Parameter>
        <Parameter Name="TDS_Phys_Schedule_Thr" Desc="Phys Schedule Thr" Key="0x7F03072A" NetType="TDSDMA" MaxValue="250" MinValue="0">
            <Thresholds CodeSign="&lt;=100|(100,150]|(150,200]|&gt;200">
                <Threshold Range="&lt;=100" Color="#FFC0CB" />
                <Threshold Range="(100,150]" Color="#8B008B" />
                <Threshold Range="(150,200]" Color="#9932CC" />
                <Threshold Range="&gt;200" Color="#FF0000" />
            </Thresholds>
        </Parameter>
        <Parameter Name="TDS_Phys_Service_Thr" Desc="Phys Service Thr" Key="0x7F03072B" NetType="TDSDMA" MaxValue="250" MinValue="0">
            <Thresholds CodeSign="&lt;=100|(100,150]|(150,200]|&gt;200">
                <Threshold Range="&lt;=100" Color="#FFC0CB" />
                <Threshold Range="(100,150]" Color="#8B008B" />
                <Threshold Range="(150,200]" Color="#9932CC" />
                <Threshold Range="&gt;200" Color="#FF0000" />
            </Thresholds>
        </Parameter>

        <!--  LTE-->
        <Parameter Name="LTE_RSRP" Desc="RSRP" Key="0x7F06000E" NetType="LTE" MaxValue="-40" MinValue="-141">
            <Thresholds CodeSign="&lt;=-110|(-110,-105]|(-105,-100]|(-100,-95]|(-95,-85]|&gt;-85">
                <Threshold Range="&lt;=-110" Color="#FFC0CB" />
                <Threshold Range="(-110,-105]" Color="#8B008B" />
                <Threshold Range="(-105,-100]" Color="#9932CC" />
                <Threshold Range="(-100,-95]" Color="#0000FF" />
                <Threshold Range="(-95,-85]" Color="#FFA500" />
                <Threshold Range="&gt;-85" Color="#FF0000" />
            </Thresholds>
        </Parameter>
        <Parameter Name="LTE_RSRQ" Desc="RSRQ" Key="0x7F06000F" NetType="LTE" MaxValue="-6" MinValue="-40">
            <Thresholds CodeSign="&lt;=-35|(-35,-30]|(-30,-25]|(-25,-20]|(-20,-15]|&gt;-15">
                <Threshold Range="&lt;=-35" Color="#FFC0CB" />
                <Threshold Range="(-35,-30]" Color="#8B008B" />
                <Threshold Range="(-30,-25]" Color="#9932CC" />
                <Threshold Range="(-25,-20]" Color="#0000FF" />
                <Threshold Range="(-20,-15]" Color="#FFA500" />
                <Threshold Range="&gt;-15" Color="#FF0000" />
            </Thresholds>
        </Parameter>
        <Parameter Name="LTE_RSSI" Desc="RSSI" Key="0x7F060010" NetType="LTE" MaxValue="0" MinValue="-125">
            <Thresholds CodeSign="&lt;=-110|(-110,-100]|(-100,-90]|(-90,-80]|(-80,-70]|&gt;-70">
                <Threshold Range="&lt;=-110" Color="#FFC0CB" />
                <Threshold Range="(-110,-100]" Color="#8B008B" />
                <Threshold Range="(-100,-90]" Color="#9932CC" />
                <Threshold Range="(-90,-80]" Color="#0000FF" />
                <Threshold Range="(-80,-70]" Color="#FFA500" />
                <Threshold Range="&gt;-70" Color="#FF0000" />
            </Thresholds>
        </Parameter>
        <Parameter Name="LTE_SINR" Desc="SINR" Key="0x7F060001" NetType="LTE" MaxValue="20" MinValue="-50">
            <Thresholds CodeSign="&lt;=-3|(-3,0]|(0,5]|(5,10]|(10,15]|&gt;15">
                <Threshold Range="&lt;=-3" Color="#FFC0CB" />
                <Threshold Range="(-3,0]" Color="#8B008B" />
                <Threshold Range="(0,5]" Color="#9932CC" />
                <Threshold Range="(5,10]" Color="#0000FF" />
                <Threshold Range="(10,15]" Color="#FFA500" />
                <Threshold Range="&gt;15" Color="#FF0000" />
            </Thresholds>
        </Parameter>
        <Parameter Name="LTE_UL_PDCP_Thr" Desc="UL PDCP Thr" Key="0x7F060B03" NetType="LTE" MaxValue="8000" MinValue="0">
            <Thresholds CodeSign="&lt;=256|(256,512]|(512,1000]|(1000,2000]|(2000,4000]|&gt;4000">
                <Threshold Range="&lt;=256" Color="#FFC0CB" />
                <Threshold Range="(256,512]" Color="#8B008B" />
                <Threshold Range="(512,1000]" Color="#9932CC" />
                <Threshold Range="(1000,2000]" Color="#0000FF" />
                <Threshold Range="(2000,4000]" Color="#FFA500" />
                <Threshold Range="&gt;4000" Color="#FF0000" />
            </Thresholds>
        </Parameter>
        <Parameter Name="LTE_UL_RLC_Thr" Desc="UL RLC Thr" Key="0x7F060B07" NetType="LTE" MaxValue="8000" MinValue="0">
            <Thresholds CodeSign="&lt;=256|(256,512]|(512,1000]|(1000,2000]|(2000,4000]|&gt;4000">
                <Threshold Range="&lt;=256" Color="#FFC0CB" />
                <Threshold Range="(256,512]" Color="#8B008B" />
                <Threshold Range="(512,1000]" Color="#9932CC" />
                <Threshold Range="(1000,2000]" Color="#0000FF" />
                <Threshold Range="(2000,4000]" Color="#FFA500" />
                <Threshold Range="&gt;4000" Color="#FF0000" />
            </Thresholds>
        </Parameter>
        <Parameter Name="LTE_UL_MAC_Thr" Desc="UL MAC Thr" Key="0x7F060B01" NetType="LTE" MaxValue="8000" MinValue="0">
            <Thresholds CodeSign="&lt;=256|(256,512]|(512,1000]|(1000,2000]|(2000,4000]|&gt;4000">
                <Threshold Range="&lt;=256" Color="#FFC0CB" />
                <Threshold Range="(256,512]" Color="#8B008B" />
                <Threshold Range="(512,1000]" Color="#9932CC" />
                <Threshold Range="(1000,2000]" Color="#0000FF" />
                <Threshold Range="(2000,4000]" Color="#FFA500" />
                <Threshold Range="&gt;4000" Color="#FF0000" />
            </Thresholds>
        </Parameter>
        <Parameter Name="LTE_UL_Phy_Thr" Desc="UL Phy Thr" Key="0x7F060B05" NetType="LTE" MaxValue="8000" MinValue="0">
            <Thresholds CodeSign="&lt;=256|(256,512]|(512,1000]|(1000,2000]|(2000,4000]|&gt;4000">
                <Threshold Range="&lt;=256" Color="#FFC0CB" />
                <Threshold Range="(256,512]" Color="#8B008B" />
                <Threshold Range="(512,1000]" Color="#9932CC" />
                <Threshold Range="(1000,2000]" Color="#0000FF" />
                <Threshold Range="(2000,4000]" Color="#FFA500" />
                <Threshold Range="&gt;4000" Color="#FF0000" />
            </Thresholds>
        </Parameter>
        <Parameter Name="LTE_DL_PDCP_Thr" Desc="DL PDCP Thr" Key="0x7F060B02" NetType="LTE" MaxValue="50000" MinValue="0">
            <Thresholds CodeSign="&lt;=1000|(1000,4000]|(4000,10000]|(10000,15000]|(15000,20000]|&gt;20000">
                <Threshold Range="&lt;=1000" Color="#FFC0CB" />
                <Threshold Range="(1000,4000]" Color="#8B008B" />
                <Threshold Range="(4000,10000]" Color="#9932CC" />
                <Threshold Range="(10000,15000]" Color="#0000FF" />
                <Threshold Range="(15000,20000]" Color="#FFA500" />
                <Threshold Range="&gt;20000" Color="#FF0000" />
            </Thresholds>
        </Parameter>
        <Parameter Name="LTE_DL_RLC_Thr" Desc="DL RLC Thr" Key="0x7F060B06" NetType="LTE" MaxValue="50000" MinValue="0">
            <Thresholds CodeSign="&lt;=1000|(1000,4000]|(4000,10000]|(10000,15000]|(15000,20000]|&gt;20000">
                <Threshold Range="&lt;=1000" Color="#FFC0CB" />
                <Threshold Range="(1000,4000]" Color="#8B008B" />
                <Threshold Range="(4000,10000]" Color="#9932CC" />
                <Threshold Range="(10000,15000]" Color="#0000FF" />
                <Threshold Range="(15000,20000]" Color="#FFA500" />
                <Threshold Range="&gt;20000" Color="#FF0000" />
            </Thresholds>
        </Parameter>
        <Parameter Name="LTE_DL_MAC_Thr" Desc="DL MAC Thr" Key="0x7F060B00" NetType="LTE" MaxValue="50000" MinValue="0">
            <Thresholds CodeSign="&lt;=1000|(1000,4000]|(4000,10000]|(10000,15000]|(15000,20000]|&gt;20000">
                <Threshold Range="&lt;=1000" Color="#FFC0CB" />
                <Threshold Range="(1000,4000]" Color="#8B008B" />
                <Threshold Range="(4000,10000]" Color="#9932CC" />
                <Threshold Range="(10000,15000]" Color="#0000FF" />
                <Threshold Range="(15000,20000]" Color="#FFA500" />
                <Threshold Range="&gt;20000" Color="#FF0000" />
            </Thresholds>
        </Parameter>
        <Parameter Name="LTE_UL_Phy_Thr" Desc="DL Phy Thr" Key="0x7F060B04" NetType="LTE" MaxValue="50000" MinValue="0">
            <Thresholds CodeSign="&lt;=1000|(1000,4000]|(4000,10000]|(10000,15000]|(15000,20000]|&gt;20000">
                <Threshold Range="&lt;=1000" Color="#FFC0CB" />
                <Threshold Range="(1000,4000]" Color="#8B008B" />
                <Threshold Range="(4000,10000]" Color="#9932CC" />
                <Threshold Range="(10000,15000]" Color="#0000FF" />
                <Threshold Range="(15000,20000]" Color="#FFA500" />
                <Threshold Range="&gt;20000" Color="#FF0000" />
            </Thresholds>
        </Parameter>
        <Parameter Name="LTE_DL_Phy_Thr_Code0" Desc="DL PhyThrCode0" Key="0x7F060b08" NetType="LTE" MaxValue="50000" MinValue="0">
            <Thresholds CodeSign="&lt;=1000|(1000,4000]|(4000,10000]|(10000,15000]|(15000,20000]|&gt;20000">
                <Threshold Range="&lt;=1000" Color="#FFC0CB" />
                <Threshold Range="(1000,4000]" Color="#8B008B" />
                <Threshold Range="(4000,10000]" Color="#9932CC" />
                <Threshold Range="(10000,15000]" Color="#0000FF" />
                <Threshold Range="(15000,20000]" Color="#FFA500" />
                <Threshold Range="&gt;20000" Color="#FF0000" />
            </Thresholds>
        </Parameter>
        <Parameter Name="LTE_DL_Phy_Thr_Code1" Desc="DL PhyThrCode1" Key="0x7F060b09" NetType="LTE" MaxValue="50000" MinValue="0">
            <Thresholds CodeSign="&lt;=1000|(1000,4000]|(4000,10000]|(10000,15000]|(15000,20000]|&gt;20000">
                <Threshold Range="&lt;=1000" Color="#FFC0CB" />
                <Threshold Range="(1000,4000]" Color="#8B008B" />
                <Threshold Range="(4000,10000]" Color="#9932CC" />
                <Threshold Range="(10000,15000]" Color="#0000FF" />
                <Threshold Range="(15000,20000]" Color="#FFA500" />
                <Threshold Range="&gt;20000" Color="#FF0000" />
            </Thresholds>
        </Parameter>
        <Parameter Name="LTE_PDSCH_BLER" Desc="PDSCH BLER" Key="0x7F06006E" NetType="LTE" MaxValue="20" MinValue="0">
            <Thresholds CodeSign="&lt;=5|(5,10]|(10,15]|&gt;15">
                <Threshold Range="&lt;=5" Color="#FFC0CB" />
                <Threshold Range="(5,10]" Color="#8B008B" />
                <Threshold Range="(10,15]" Color="#9932CC" />
                <Threshold Range="&gt;15" Color="#FF0000" />
            </Thresholds>
        </Parameter>
        <Parameter Name="LTE_PDCCH_BLER" Desc="PDCCH BLER" Key="0x7F060068" NetType="LTE" MaxValue="20" MinValue="0">
            <Thresholds CodeSign="&lt;=5|(5,10]|(10,15]|&gt;15">
                <Threshold Range="&lt;=5" Color="#FFC0CB" />
                <Threshold Range="(5,10]" Color="#8B008B" />
                <Threshold Range="(10,15]" Color="#9932CC" />
                <Threshold Range="&gt;15" Color="#FF0000" />
            </Thresholds>
        </Parameter>
        <Parameter Name="LTE_PUSCH_BLER" Desc="PUSCH BLER" Key="0x7F060069" NetType="LTE" MaxValue="20" MinValue="0">
            <Thresholds CodeSign="&lt;=5|(5,10]|(10,15]|&gt;15">
                <Threshold Range="&lt;=5" Color="#FFC0CB" />
                <Threshold Range="(5,10]" Color="#8B008B" />
                <Threshold Range="(10,15]" Color="#9932CC" />
                <Threshold Range="&gt;15" Color="#FF0000" />
            </Thresholds>
        </Parameter>
        <!--  LTE-->
        <Parameter Name="DL_APP_LayerThr_Mean" Desc="DL APP LayerThr Mean" Key="0x0A002151,0x0A002201,0x0A002310,0x0A002331" NetType="PUBLIC" MaxValue="51200" MinValue="0">
            <Thresholds CodeSign="&lt;=1024|(1024,15360]|(15360,20480]|&gt;20480">
                <Threshold Range="&lt;=1024" Color="#FFC0CB" />
                <Threshold Range="(1024,15360]" Color="#8B008B" />
                <Threshold Range="(15360,20480]" Color="#9932CC" />
                <Threshold Range="&gt;20480" Color="#FF0000" />
            </Thresholds>
        </Parameter>
        <Parameter Name="UL_APP_Layer_Thr_Mean" Desc="UL APP Layer Thr Mean" Key="0x0A002153,0x0A002200,0x0A0024A0,0x0A002330" NetType="PUBLIC" MaxValue="3000" MinValue="0">
            <Thresholds CodeSign="&lt;=50|(50,1000]|(1000,1500]|&gt;1500">
                <Threshold Range="&lt;=50" Color="#FFC0CB" />
                <Threshold Range="(50,1000]" Color="#8B008B" />
                <Threshold Range="(1000,1500]" Color="#9932CC" />
                <Threshold Range="&gt;1500" Color="#FF0000" />
            </Thresholds>
        </Parameter>
    </Parameters>
</Profile>