<?xml version="1.0" encoding="UTF-8"?>
<Statistics Id="135424" DecodedPath="D:\DecodeData" TempFilePath="C:\Users\HansPeng\Desktop\新建文件夹\TempData" ResultFile="C:\Users\HansPeng\Desktop\新建文件夹\voLET.uk" Version="2.0.0.0">
	<CheckNo>DFEFAED38BCBDF22DFEFAED38BCBDF229205F16FBFDC13434E5CD2AA23168CDDF52EB769E4AD7EC46ACFDB3DFB24E194DFEFAED38BCBDF22</CheckNo>
	<Scenes>
		<Scene>
			<DataSource>
				<Data>
					<Item Port="2" FileName="D:\DecodeData\7.4.4标清语音加数据速八酒店20次_source\Port2\7.4.4标清语音加数据速八酒店20次_source_Port2.ddib" DeviceModel="ZTE Nubia Z9 NX508J"/>
				</Data>
				<Data>
					<Item Port="2" FileName="D:\DecodeData\9199900120150724091311ms1\Port2\9199900120150724091311ms1.ddib" DeviceModel="ZTE Nubia Z9 NX508J"/>
				</Data>
				<Data>
					<Item Port="2" FileName="D:\DecodeData\9199900120150724132916ms1_Port2.ddib" DeviceModel="ZTE Nubia Z9 NX508J"/>
				</Data>
				<Data>
					<Item Port="2" FileName="D:\DecodeData\9199900420151023104739ms1_Port2.ddib" DeviceModel="ZTE Nubia Z9 NX508J"/>
				</Data>
			</DataSource>
		</Scene>
	</Scenes>
	<StatisticConfig>
		<ConfigItem Name="ConfigPropertyKey_Logic_StatisticMethod" PropertyKey="501" PropertyValue="0"/>
	</StatisticConfig>
	<ReportElement>
		<Businesses>
			<Businesse Name="MO" Spid="4097" ConditionId="1" SumMode="Detail" Orders="" OutputDir="Down:Right" ObtainNetType="All" ResultType="All">
				<BSStatModes>
					<BSStatMode Name="SPResult" StatMode="BusinessResult"  Alias="0" ObtainNetType="All" ResultType="All"/>
					<BSStatMode Name="MO_Attempt" StatMode="PointIndex" EventFlag="0x30170"  Alias="0x30170" ObtainNetType="All" ResultType="All"/>
					<BSStatMode Name="MO_Attempt" StatMode="ComputerTime" EventFlag="0x30170"  Alias="0x30170" ObtainNetType="All" ResultType="All"/>
					<BSStatMode Name="MO_Alerting" StatMode="PointIndex" EventFlag="0x30171"  Alias="0x30171" ObtainNetType="All" ResultType="All"/>
					<BSStatMode Name="MO_Alerting" StatMode="ComputerTime" EventFlag="0x30171"  Alias="0x30171" ObtainNetType="All" ResultType="All"/>
					<BSStatMode Name="MO_Connect" StatMode="PointIndex" EventFlag="0x30172"  Alias="0x30172" ObtainNetType="All" ResultType="All"/>
					<BSStatMode Name="MO_Connect" StatMode="ComputerTime" EventFlag="0x30172"  Alias="0x30172" ObtainNetType="All" ResultType="All"/>
					<BSStatMode Name="MO_End" StatMode="PointIndex" EventFlag="0x30173"  Alias="0x30173" ObtainNetType="All" ResultType="All"/>
					<BSStatMode Name="MO_End" StatMode="ComputerTime" EventFlag="0x30173"  Alias="0x30173" ObtainNetType="All" ResultType="All"/>
					<BSStatMode Name="MO_Drop" StatMode="PointIndex" EventFlag="0x30174"  Alias="0x30174" ObtainNetType="All" ResultType="All"/>
					<BSStatMode Name="MO_Drop" StatMode="ComputerTime" EventFlag="0x30174"  Alias="0x30174" ObtainNetType="All" ResultType="All"/>
					<BSStatMode Name="MO_Block" StatMode="PointIndex" EventFlag="0x30176"  Alias="0x30176" ObtainNetType="All" ResultType="All"/>
				  <BSStatMode Name="MO_Block" StatMode="ComputerTime" EventFlag="0x30176"  Alias="0x30176" ObtainNetType="All" ResultType="All"/>
				</BSStatModes>
				<BSStatPropertys>
					<BSStatProperty Name="VoLTE_Exception_Reason" Statistics="-100"  StatMode="Average" Alias="1"/>
				</BSStatPropertys>
			</Businesse>
		</Businesses>
	</ReportElement>
</Statistics>
