﻿<?xml version="1.0" encoding="UTF-8"?>
<Root>
	<!-- ClientType=0 表示该客户端不接受数据， ClientType=1 表示为该客户端可以接收数据-->
	<ClientType>1</ClientType>
	<!--RecvDataType为接收端配置项，MessageType表示该客户端可接收处理的数据类型，TopicID表示同一种数据类型可以定义由不同服务器接收，通过分流实现负载均衡 -->
	<RecvDataType>
		<Type MessageType="8193" TopicID="1"/>
		<Type MessageType="8195" TopicID="1"/>
		<Type MessageType="8196" TopicID="1"/>
		<Type MessageType="8193" TopicID="2"/>
		<Type MessageType="8195" TopicID="2"/>
		<Type MessageType="8196" TopicID="2"/>
		<Type MessageType="8193" TopicID="3"/>
		<Type MessageType="8195" TopicID="3"/>
		<Type MessageType="8196" TopicID="3"/>
		<Type MessageType="8193" TopicID="4"/>
		<Type MessageType="8195" TopicID="4"/>
		<Type MessageType="8196" TopicID="4"/>
		<Type MessageType="8193" TopicID="5"/>
		<Type MessageType="8195" TopicID="5"/>
		<Type MessageType="8196" TopicID="5"/>
		<Type MessageType="8193" TopicID="6"/>
		<Type MessageType="8195" TopicID="6"/>
		<Type MessageType="8196" TopicID="6"/>
		<Type MessageType="8193" TopicID="7"/>
		<Type MessageType="8195" TopicID="7"/>
		<Type MessageType="8196" TopicID="7"/>
		<Type MessageType="8193" TopicID="8"/>
		<Type MessageType="8195" TopicID="8"/>
		<Type MessageType="8196" TopicID="8"/>
		<Type MessageType="8193" TopicID="9"/>
		<Type MessageType="8195" TopicID="9"/>
		<Type MessageType="8196" TopicID="9"/>
		<Type MessageType="8193" TopicID="10"/>
		<Type MessageType="8195" TopicID="10"/>
		<Type MessageType="8196" TopicID="10"/>
		<Type MessageType="8193" TopicID="11"/>
		<Type MessageType="8195" TopicID="11"/>
		<Type MessageType="8196" TopicID="11"/>
		<Type MessageType="12295" TopicID="1"/>
		<Type MessageType="12295" TopicID="2"/>
		<Type MessageType="12295" TopicID="3"/>
		<Type MessageType="12295" TopicID="4"/>
		<Type MessageType="12295" TopicID="5"/>
		<Type MessageType="12295" TopicID="6"/>
		<Type MessageType="12295" TopicID="7"/>
		<Type MessageType="12295" TopicID="8"/>
		<Type MessageType="12295" TopicID="9"/>
		<Type MessageType="12295" TopicID="10"/>
    <Type MessageType="12295" TopicID="15"/>
  </RecvDataType>
	<Connector>
		<!-- ServerIp:antbus服务端所在的服务器IP-->
		<ServerIP>127.0.0.1</ServerIP>
		<!-- ServerPort:antbus服务端所在的服务器打开的通信端口-->
		<ServerPort>9900</ServerPort>
	</Connector>
	<!-- Taskclient线程池配置-->
	<ThreadPool>
		<!-- TaskThreadNum：Taskclent线程池的最大线程数-->
		<TaskThreadNum>1</TaskThreadNum>
	</ThreadPool>
</Root>
