<?xml version="1.0" encoding="UTF-8"?>
<!--Language: 界面显示语言, 包括, English, Chinese两个值-->
<Configs Language="Chinese">
	<MatchAnalysisInfos>
		<MatchAnalysisInfo MOSP="4097" MTSP="4098" Code="4097" CHName="主被叫配对" Name="Voice Match" CHDescription="主被叫配对分析项"/>
		<MatchAnalysisInfo MOSP="4099" MTSP="4100" Code="4098" CHName="VP配对" Name="VP Match" CHDescription="VP配对分析项"/>
		<MatchAnalysisInfo MOSP="1281" MTSP="1282" Code="4100" CHName="短信配对" Name="SMS Match" CHDescription="短信配对分析项"/>
		<MatchAnalysisInfo MOSP="10" MTSP="11" Code="4101" CHName="彩信配对" Name="MMS Match" CHDescription="彩信配对分析项"/>
		<MatchAnalysisInfo MOSP="23" MTSP="24" Code="4106" CHName="微博配对" Name="MicroBlog Match" CHDescription="微博配对分析项"/>
		<MatchAnalysisInfo MOSP="25" MTSP="26" Code="4107" CHName="QQ配对" Name="QQ Match" CHDescription="QQ配对分析项"/>
		<MatchAnalysisInfo MOSP="4352" MTSP="4353" Code="4108" CHName="QChat配对" Name="QChat Match" CHDescription="QChat配对分析项"/>
		<MatchAnalysisInfo MOSP="29" MTSP="30" Code="4110" CHName="VOIP配对" Name="VOIP Match" CHDescription="VOIP配对分析项"/>
	</MatchAnalysisInfos>
	<BSStatInfos>
		<!--SuportType由低到高的三位分别是详情, ByLog, Summary, 为1时支持, 为0时不支持, 第四位为0表示业务统计指标, 否则不是, 第五位为1表示基础统计指标, 否则不是, 第六位为1表示参数指标, 否则不是, 第七位为1表示参数分段指标, 否则不是; 第八位为1表示参数分段指标, 否则不是-->
		<BSStatInfo SuportType="6" ENName="Business Count" CHName="业务次数" Name="BusinessCount" CHDescription="业务次数包含：请求次数,成功次数,失败次数,掉线次数等,可以根据不同的类型,返回不同的结果."/>
		<BSStatInfo SuportType="6" ENName="Success Rate" CHName="成功率" Name="SuccessRate" CHDescription="成功次数除以尝试次数"/>
		<BSStatInfo SuportType="6" ENName="Droped Rate" CHName="掉线率" Name="DroppedRate" CHDescription="分子是掉线次数,分母是成功次数加掉线次数"/>
		<BSStatInfo SuportType="7" ENName="Delay" CHName="业务时长" Name="BusinessDelay" CHDescription="指业务开始事件和业务结束事件之间的时间差"/>
		<BSStatInfo SuportType="7" ENName="Transfer Size" CHName="传输大小" Name="TransferSize" CHDescription="数据业务相关指标,比如FTP/HTTP的下载上传大小等,单位是KByte"/>
		<BSStatInfo SuportType="7" ENName="Transfer Time" CHName="传输时长" Name="TransferTime" CHDescription="数据业务相关指标,比如FTP/HTTP的下载上传时长等,单位是秒"/>
		<BSStatInfo SuportType="7" ENName="Transfer Speed" CHName="传输速率" Name="TransferRate" CHDescription="数据业务相关指标, 是传输大小与传输时长的比值, 单位是KBps"/>
		<BSStatInfo SuportType="6" ENName="Transfer Dropped Rate" CHName="传输掉线比" Name="TransferDroppedRate" CHDescription="传输大小与掉线次数的比值"/>
		<BSStatInfo SuportType="1" ENName="Source IP Address" CHName="源IP地址" Name="SourceIPAddress"/>
		<BSStatInfo SuportType="1" ENName="Dest IP Address" CHName="目标IP地址" Name="DestIPAddress"/>
		<BSStatInfo SuportType="1" ENName="Result" CHName="结果" Name="BusinessResult" CHDescription="业务的判定结果，如：成功、失败、掉线、抛掉等"/>
		<BSStatInfo SuportType="1" ENName="Reason" CHName="原因" Name="BusinessReason" CHDescription="输出判定业务异常的原因"/>
		<BSStatInfo SuportType="19" ENName="Index" CHName="记录序号" Name="Index" CHDescription="Bylog或Detail模式输出时的记录序号"/>
		<BSStatInfo SuportType="23" ENName="Empty" CHName="空(占位符)" Name="Empty" CHDescription="占位符，用来控制其它指标输出位置，本身不输出内容."/>
		<BSStatInfo SuportType="20" ENName="Scene Name" CHName="场景名" Name="Log"/>
		<BSStatInfo SuportType="19" ENName="File Name" CHName="数据LOG名称" Name="Log"/>
		<BSStatInfo SuportType="30" ENName="Test Time" CHName="数据测试总时长" Name="TestTotalTime" CHDescription="测试Log的总时长，单位：秒"/>
		<BSStatInfo SuportType="30" ENName="Test Mileage" CHName="数据测试总里程" Name="TestTotalMileage" CHDescription="测试Log的总里程，单位：米"/>
		<BSStatInfo SuportType="30" ENName="Out Of Service Time" CHName="数据脱网时长" Name="OutOfServiceTime" CHDescription="脱网状态所持续的时长。"/>
		<BSStatInfo SuportType="30" ENName="Out Of Service Mileage" CHName="数据脱网里程" Name="OutOfServiceMileage" CHDescription="脱网状态所持续的里程。"/>
		<BSStatInfo SuportType="30" ENName="Start Time" CHName="数据开始时间" Name="StartTime" CHDescription="数据第一个采样点的时间值。"/>
		<BSStatInfo SuportType="30" ENName="End Time" CHName="数据结束时间" Name="EndTime" CHDescription="数据最后一个采样点的时间值。"/>
		<BSStatInfo SuportType="30" ENName="Max Longitude" CHName="数据最大经度" Name="MaxLongitude" CHDescription=""/>
		<BSStatInfo SuportType="30" ENName="Min Longitude" CHName="数据最小经度" Name="MinLongitude" CHDescription=""/>
		<BSStatInfo SuportType="30" ENName="Max Latitude" CHName="数据最大纬度" Name="MaxLatitude" CHDescription=""/>
		<BSStatInfo SuportType="30" ENName="Min Latitude" CHName="数据最小纬度" Name="MinLatitude" CHDescription=""/>
		<BSStatInfo SuportType="26" ENName="Log ID" CHName="数据LogID" Name="LogID" CHDescription=""/>
		<BSStatInfo SuportType="26" ENName="Device Model" CHName="设备名称" Name="DeviceModel" CHDescription=""/>
		<BSStatInfo SuportType="129" ENName="Computer Time" CHName="电脑时间" Name="ComputerTime" CHDescription=""/>
		<BSStatInfo SuportType="129" ENName="Handset Time" CHName="手机时间" Name="HandsetTime" CHDescription=""/>
		<BSStatInfo SuportType="129" ENName="Event Time" CHName="事件时间" Name="EventTime" CHDescription=""/>
		<BSStatInfo SuportType="129" ENName="Longitude" CHName="经度" Name="Longitude" CHDescription=""/>
		<BSStatInfo SuportType="129" ENName="Latitude" CHName="纬度" Name="Latitude" CHDescription=""/>
		<BSStatInfo SuportType="7" ENName="Other KPI" CHName="其它业务指标" Name="StatisticProperty" CHDescription=""/>
		<BSStatInfo SuportType="1" ENName="Attach Params" CHName="参数指标" Name="AttachParams" CHDescription=""/>
		<!--参数统计模式-->
		<BSStatInfo SuportType="46" ENName="Average" CHName="平均值" Name="Average" CHDescription=""/>
		<BSStatInfo SuportType="46" ENName="Total Count" CHName="总采样个数" Name="TotalCount" CHDescription=""/>
		<BSStatInfo SuportType="46" ENName="Total Value" CHName="总值" Name="TotalValue" CHDescription=""/>
		<BSStatInfo SuportType="46" ENName="Max" CHName="最大值" Name="Max" CHDescription=""/>
		<BSStatInfo SuportType="46" ENName="Min" CHName="最小值" Name="Min" CHDescription=""/>
		<BSStatInfo SuportType="46" ENName="Variance" CHName="方差" Name="Variance" CHDescription=""/>
		<BSStatInfo SuportType="46" ENName="Discrete Count" CHName="离散值个数" Name="DiscreteCount" CHDescription=""/>
		<BSStatInfo SuportType="46" ENName="Interval" CHName="分段阈值" Name="Interval" CHDescription="分段阈值设置"/>
		<BSStatInfo SuportType="46" ENName="Empty" CHName="空格" Name="Empty" CHDescription="占位符，用来控制其它指标输出位置，本身不输出内容."/>
		<!--参数统计模式(时长)-->
		<BSStatInfo SuportType="46" StatisticsType="Time" ENName="Total Time" CHName="时长" Name="TotalCount" CHDescription=""/>
		<BSStatInfo SuportType="46" StatisticsType="Time" ENName="Interval" CHName="分段阈值" Name="Interval" CHDescription="分段阈值设置"/>
		<BSStatInfo SuportType="46" StatisticsType="Time" ENName="Empty" CHName="空格" Name="Empty" CHDescription="占位符，用来控制其它指标输出位置，本身不输出内容."/>
		<!--参数统计模式(里程)-->
		<BSStatInfo SuportType="46" StatisticsType="Mileage" ENName="Total Mileage" CHName="里程" Name="TotalCount" CHDescription=""/>
		<BSStatInfo SuportType="46" StatisticsType="Mileage" ENName="Interval" CHName="分段阈值" Name="Interval" CHDescription="分段阈值设置"/>
		<BSStatInfo SuportType="46" StatisticsType="Mileage" ENName="Empty" CHName="空格" Name="Empty" CHDescription="占位符，用来控制其它指标输出位置，本身不输出内容."/>
		<!--参数分段统计模式-->
		<BSStatInfo SuportType="78" ENName="Index" CHName="序号" Name="Index" CHDescription="Bylog或Detail模式输出时的记录序号"/>
		<BSStatInfo SuportType="78" ENName="Interval Name" CHName="分段名称" Name="IntervalName" CHDescription=""/>
		<BSStatInfo SuportType="78" ENName="Average" CHName="平均值" Name="Average" CHDescription=""/>
		<BSStatInfo SuportType="78" ENName="Total Count" CHName="总采样个数" Name="TotalCount" CHDescription=""/>
		<BSStatInfo SuportType="78" ENName="Total Value" CHName="总值" Name="TotalValue" CHDescription=""/>
		<BSStatInfo SuportType="78" ENName="Max" CHName="最大值" Name="Max" CHDescription=""/>
		<BSStatInfo SuportType="78" ENName="Min" CHName="最小值" Name="Min" CHDescription=""/>
		<BSStatInfo SuportType="78" ENName="Pdf" CHName="占比" Name="Pdf" CHDescription=""/>
		<BSStatInfo SuportType="78" ENName="Cdf" CHName="累计占比" Name="Cdf" CHDescription=""/>
		<BSStatInfo SuportType="78" ENName="Max PDF Threshold Name" CHName="最大占比分段名称" Name="MaxPDFThresholdName" CHDescription=""/>
		<!--参数分段统计模式(时长)-->
		<BSStatInfo SuportType="78" StatisticsType="Time" ENName="Index" CHName="序号" Name="Index" CHDescription="Bylog或Detail模式输出时的记录序号"/>
		<BSStatInfo SuportType="78" StatisticsType="Time" ENName="Interval Name" CHName="分段名称" Name="IntervalName" CHDescription=""/>
		<BSStatInfo SuportType="78" StatisticsType="Time" ENName="Total Time" CHName="时长" Name="TotalCount" CHDescription=""/>
		<BSStatInfo SuportType="78" StatisticsType="Time" ENName="Pdf" CHName="占比" Name="Pdf" CHDescription=""/>
		<BSStatInfo SuportType="78" StatisticsType="Time" ENName="Cdf" CHName="累计占比" Name="Cdf" CHDescription=""/>
		<BSStatInfo SuportType="78" StatisticsType="Time" ENName="Max PDF Threshold Name" CHName="最大占比分段名称" Name="MaxPDFThresholdName" CHDescription=""/>
		<BSStatInfo SuportType="78" StatisticsType="Time" ENName="Empty" CHName="空格" Name="Empty" CHDescription="占位符，用来控制其它指标输出位置，本身不输出内容."/>
		<!--参数分段统计模式(时长)-->
		<BSStatInfo SuportType="78" StatisticsType="Mileage" ENName="Index" CHName="序号" Name="Index" CHDescription="Bylog或Detail模式输出时的记录序号"/>
		<BSStatInfo SuportType="78" StatisticsType="Mileage" ENName="Interval Name" CHName="分段名称" Name="IntervalName" CHDescription=""/>
		<BSStatInfo SuportType="78" StatisticsType="Mileage" ENName="Total Mileage" CHName="里程" Name="TotalCount" CHDescription=""/>
		<BSStatInfo SuportType="78" StatisticsType="Mileage" ENName="Pdf" CHName="占比" Name="Pdf" CHDescription=""/>
		<BSStatInfo SuportType="78" StatisticsType="Mileage" ENName="Cdf" CHName="累计占比" Name="Cdf" CHDescription=""/>
		<BSStatInfo SuportType="78" StatisticsType="Mileage" ENName="Max PDF Threshold Name" CHName="最大占比分段名称" Name="MaxPDFThresholdName" CHDescription=""/>
		<BSStatInfo SuportType="78" StatisticsType="Mileage" ENName="Empty" CHName="空格" Name="Empty" CHDescription="占位符，用来控制其它指标输出位置，本身不输出内容."/>
	</BSStatInfos>
	<SPEvents>
		<EventTable Spid="1" Name="Network Connect">
			<Event Keys="0x70|0x10041|0x51301|0x0601" Name="PPP Start"/>
			<Event Keys="0x10001|0x10042|0x51302|0x0602" Name="PPP Sucess"/>
			<Event Keys="0x10002|0x10043|0x51303|0x0603" Name="PPP Failure"/>
			<Event Keys="0x72|0x10044|0x51304|0x0604" Name="PPP Hangup"/>
		</EventTable>
		<EventTable Spid="2" Name="FtpDown">
			<Event Keys="0x80|0x250" Name="FTP Download Connect Start"/>
			<Event Keys="0x81|0x254" Name="FTP Download Send RETR"/>
			<Event Keys="0x82|0x255" Name="FTP Download First Data"/>
			<Event Keys="0x83|0x259" Name="FTP Download Last Data"/>
			<Event Keys="0x85|0x25A" Name="FTP Download Disconnect"/>
			<Event Keys="0x84|0x258" Name="FTP Download Drop"/>
			<Event Keys="0x89" Name="FTP Download Connect Failure"/>
			<Event Keys="0x8B|0x25C" Name="FTP Download Login Failure"/>
			<Event Keys="0x8C|0x25D" Name="FTP Download Failure"/>
			<Event Keys="0x88|0x251" Name="FTP Download Connect Success"/>
			<Event Keys="0x8A|0x25B" Name="FTP Download Login Success"/>
			<Event Keys="0x51320" Name="CTI FTP Download Connect Start"/>
			<Event Keys="0x51321" Name="CTI FTP Download Connect Success"/>
			<Event Keys="0x51323" Name="CTI FTP Download Login Attempt"/>
			<Event Keys="0x51324" Name="CTI FTP Download Login Success"/>
			<Event Keys="0x51326" Name="CTI FTP Download Start"/>
			<Event Keys="0x51327" Name="CTI FTP Download Success"/>
			<Event Keys="0x51322" Name="CTI FTP Download Connect Failure"/>
			<Event Keys="0x51325" Name="CTI FTP Download Login Failure"/>
			<Event Keys="0x51328" Name="CTI FTP Download Drop"/>
			<Event Keys="0x10047" Name="DTLog Ftp download Attempt"/>
			<Event Keys="0x10048" Name="DTLog Ftp download Success"/>
			<Event Keys="0x10049" Name="DTLog Ftp download Failure"/>
			<Event Keys="0x1004A" Name="DTLog Ftp download Drop"/>
		</EventTable>
		<EventTable Spid="3" Name="FTPup" SupportDelay="1,2">
			<Event Keys="0x90|0x260" Name="FTP Upload Connect Start"/>
			<Event Keys="0x91|0x264" Name="FTP Upload Send RETR"/>
			<Event Keys="0x92|0x265" Name="FTP Upload First Data"/>
			<Event Keys="0x93|0x269" Name="FTP Upload Last Data"/>
			<Event Keys="0x95|0x26A" Name="FTP Upload Disconnect"/>
			<Event Keys="0x94|0x268" Name="FTP Upload Drop"/>
			<Event Keys="0x99" Name="FTP Upload Connect Failure"/>
			<Event Keys="0x9B|0x26C" Name="FTP Upload Login Failure"/>
			<Event Keys="0x9C|0x26D" Name="FTP Upload Failure"/>
			<Event Keys="0x98|0x261" Name="FTP Upload Connect Success"/>
			<Event Keys="0x9A|0x26B" Name="FTP Upload Login Success"/>
			<Event Keys="0x51330" Name="CTI FTP Upload Connect Start"/>
			<Event Keys="0x51331" Name="CTI FTP Upload Connect Success"/>
			<Event Keys="0x51333" Name="CTI FTP Upload Login Attempt"/>
			<Event Keys="0x51334" Name="CTI FTP Upload Login Success"/>
			<Event Keys="0x51336" Name="CTI FTP Upload Start"/>
			<Event Keys="0x51337" Name="CTI FTP Upload Success"/>
			<Event Keys="0x51332" Name="CTI FTP Upload Connect Failure"/>
			<Event Keys="0x51335" Name="CTI FTP Upload Login Failure"/>
			<Event Keys="0x51338" Name="CTI FTP Upload Drop"/>
			<Event Keys="0x1004B" Name="DTLog Ftp Upload Attempt"/>
			<Event Keys="0x1004C" Name="DTLog Ftp Upload Success"/>
			<Event Keys="0x1004D" Name="DTLog Ftp Upload Failure"/>
			<Event Keys="0x1004E" Name="DTLog Ftp Upload Drop"/>
		</EventTable>
		<EventTable Spid="4" Name="Ping" SupportDelay="1">
			<Event Keys="0x190|0x1004F|0x51370" Name="Ping Start"/>
			<Event Keys="0x192|0x10050|0x51371" Name="Ping Success"/>
			<Event Keys="0x193|0x10051|0x51372" Name="Ping Failure"/>
		</EventTable>
		<EventTable Spid="5" Name="HttpDown" SupportDelay="1,2">
			<Event Keys="0xAB" Name="Http Download Start"/>
			<Event Keys="0xA0" Name="HTTP Download Connect Start"/>
			<Event Keys="0xA1" Name="HTTP Download Send Get"/>
			<Event Keys="0xA2" Name="HTTP Download First Data"/>
			<Event Keys="0xA3" Name="HTTP Download Last Data"/>
			<Event Keys="0xA5" Name="HTTP Download Disconnect"/>
			<Event Keys="0xA4" Name="HTTP Download Drop"/>
			<Event Keys="0xA8" Name="HTTP Download Connect Failure"/>
			<Event Keys="0xA9" Name="HTTP Download Failure"/>
			<Event Keys="0xA7" Name="HTTP Download Connect Success"/>
			<Event Keys="0xAA" Name="HTTP Download GetFileSize"/>
			<Event Keys="0xA6" Name="HTTP Download UrlRedirect"/>
			<Event Keys="0x51340" Name="CTI Http Download Start"/>
			<Event Keys="0x51341" Name="CTI Http Download Success"/>
			<Event Keys="0x51342" Name="CTI Http Download Drop"/>
			<Event Keys="0x51343" Name="CTI Http Download UrlRedirect"/>
			<Event Keys="0x60009" Name="DTLog Http Download Attempt"/>
			<Event Keys="0x6000A" Name="DTLog Http Download Success"/>
			<Event Keys="0x6000B" Name="DTLog Http Download Failure"/>
		</EventTable>
		<EventTable Spid="8" Name="WapPage" SupportDelay="1,2,24">
			<Event Keys="0xFB" Name="WAP Page Start"/>
			<Event Keys="0xF1" Name="WAP Page Connect Gateway Request"/>
			<Event Keys="0x10028" Name="WAP Page Connect Success"/>
			<Event Keys="0xF6" Name="WAP Page Request"/>
			<Event Keys="0xF7" Name="WAP Page First Data Ex"/>
			<Event Keys="0xF4" Name="ET_WAP_LastData"/>
			<Event Keys="0x10029" Name="WAP Page Connect Gateway Failure"/>
			<Event Keys="0xF5" Name="WAP Page Drop"/>
			<Event Keys="0x10052" Name="DTLog Wap Page Gateway Connected"/>
			<Event Keys="0x10053" Name="DTLog Wap Page Login Attempt"/>
			<Event Keys="0x10054" Name="DTLog Wap Page Login Success"/>
			<Event Keys="0x10056" Name="DTLog Wap Page Refresh Attempt"/>
			<Event Keys="0x10057" Name="DTLog Wap Page Refresh Success"/>
			<Event Keys="0x10055" Name="DTLog Wap Page Login Failure"/>
			<Event Keys="0x10058" Name="DTLog Wap Page Refresh Failure"/>
			<Event Keys="0x51310" Name="CTI Wap Page Login Gateway Request"/>
			<Event Keys="0x51311" Name="CTI Wap Page Login Gateway Success"/>
			<Event Keys="0x51312" Name="CTI Wap Page Login Gateway Failure"/>
			<Event Keys="0x51313" Name="CTI Wap Page Login Attempt"/>
			<Event Keys="0x51314" Name="CTI Wap Page Login Success"/>
			<Event Keys="0x51315" Name="CTI Wap Page Login Fail"/>
			<Event Keys="0x51316" Name="CTI Wap Page Refresh Attempt"/>
			<Event Keys="0x51317" Name="CTI Wap Page Refresh Success"/>
			<Event Keys="0x51318" Name="CTI Wap Page Refresh Fail"/>
		</EventTable>
		<EventTable Spid="9" Name="WapDown" SupportDelay="1,2">
			<Event Keys="0x10A" Name="WAP Download Start"/>
			<Event Keys="0x100" Name="WAP Download Socket Connect"/>
			<Event Keys="0x101" Name="WAP Download Connect Gateway Request"/>
			<Event Keys="0x1002A" Name="WAP Download Connect Gateway Success"/>
			<Event Keys="0x1002B" Name="WAP Download Connect Gateway Failure"/>
			<Event Keys="0x106" Name="WAP Download Get Request"/>
			<Event Keys="0x107" Name="WAP Download First Data Ex"/>
			<Event Keys="0x104" Name="WAP Download Last Data"/>
			<Event Keys="0x105" Name="WAP Download Drop"/>
			<Event Keys="0x10059" Name="DTLog Wap Download Start"/>
			<Event Keys="0x1005A" Name="DTLog Wap Download Success"/>
			<Event Keys="0x1005B" Name="DTLog Wap Download Failure"/>
			<Event Keys="0x51319" Name="CTI Wap Download Gateway Request"/>
			<Event Keys="0x5131A" Name="CTI Wap Download Gateway Success"/>
			<Event Keys="0x5131C" Name="CTI Wap Download Attempt"/>
			<Event Keys="0x5131D" Name="CTI Wap Download Success"/>
			<Event Keys="0x5131B" Name="CTI Wap Download Gateway Failure"/>
			<Event Keys="0x5131E" Name="CTI Wap Download Failure"/>
		</EventTable>
		<EventTable Spid="6" Name="Pop3" SupportDelay="1">
			<Event Keys="0xB7" Name="Email Pop3 Start"/>
			<Event Keys="0xB0" Name="Email Pop3 Connect"/>
			<Event Keys="0xB1" Name="Email Pop3 SendCmd"/>
			<Event Keys="0xB2" Name="Email Pop3 FirstData"/>
			<Event Keys="0xB3" Name="Email Pop3 LastData"/>
			<Event Keys="0xB5" Name="Email Pop3 RetrFinished"/>
			<Event Keys="0xB4" Name="Email Pop3 Drop"/>
			<Event Keys="0xB6" Name="Email Pop3 Failure"/>
			<Event Keys="0xB9" Name="Email Pop3 SockConnectFailure"/>
			<Event Keys="0xBB" Name="Email Pop3 Login Failure"/>
			<Event Keys="0xB8" Name="Email Pop3 SockConnectSuccess"/>
			<Event Keys="0xBA" Name="Email Pop3 Login Success"/>
			<Event Keys="0x51350" Name="CTI Email Pop3 Start"/>
			<Event Keys="0x51351" Name="CTI Email Pop3 Success"/>
			<Event Keys="0x51352" Name="CTI Email Pop3 Drop"/>
		</EventTable>
		<EventTable Spid="7" Name="SMTP" SupportDelay="1">
			<Event Keys="0xC7" Name="Email SMTP Start"/>
			<Event Keys="0xC0" Name="Email SMTP Connect"/>
			<Event Keys="0xC1" Name="Email SMTP SendCmd"/>
			<Event Keys="0xC2" Name="Email SMTP FirstData"/>
			<Event Keys="0xC3" Name="Email SMTP LastData"/>
			<Event Keys="0xC5" Name="Email SMTP EOMACK"/>
			<Event Keys="0xC4" Name="Email SMTP Drop"/>
			<Event Keys="0xC6" Name="Email SMTP Failure"/>
			<Event Keys="0xC9" Name="Email SMTP SockConnectFailure"/>
			<Event Keys="0xCB" Name="Email SMTP Login Failure"/>
			<Event Keys="0xC8" Name="Email SMTP SockConnectSuccess"/>
			<Event Keys="0xCA" Name="Email SMTP Login Success"/>
			<Event Keys="0x51360" Name="CTI Email SMTP Start"/>
			<Event Keys="0x51361" Name="CTI Email SMTP Success"/>
			<Event Keys="0x51362" Name="CTI Email SMTP Drop"/>
		</EventTable>
		<EventTable Spid="18" Name="VideoStream" SupportDelay="1,7,23,25,26">
			<Event Keys="0x1030" Name="VideoStream Request"/>
			<Event Keys="0x1031" Name="VideoStream FirstData"/>
			<Event Keys="0x1033" Name="VideoStream Reproduction Start"/>
			<Event Keys="0x1035" Name="VideoStream LastData"/>
			<Event Keys="0x1037" Name="VideoStream Finished"/>
			<Event Keys="0x1032" Name="VideoStream Request Failure"/>
			<Event Keys="0x1034" Name="VideoStream Reproduction Failure"/>
			<Event Keys="0x1036" Name="VideoStream Drop"/>
			<Event Keys="0x1038" Name="VideoStream Rebuffer Start"/>
			<Event Keys="0x1039" Name="VideoStream Rebuffer End"/>
			<Event Keys="0x513C0" Name="CTI VideoStream Start"/>
			<Event Keys="0x513C1" Name="CTI VideoStream First Data"/>
			<Event Keys="0x513C2" Name="CTI VideoStream Reproduction Start"/>
			<Event Keys="0x513C3" Name="CTI VideoStream Reproduction End"/>
			<Event Keys="0x513C4" Name="CTI VideoStream Request Success"/>
			<Event Keys="0x513C6" Name="CTI VideoStream Finished"/>
			<Event Keys="0x513C5" Name="CTI VideoStream Request Failure"/>
			<Event Keys="0x513C7" Name="CTI VideoStream Drop"/>
		</EventTable>
		<EventTable Spid="27" Name="HttpPage" SupportDelay="1,2,338">
			<Event Keys="0xF0C" Name="HTTP Page Start"/>
			<Event Keys="0xF01" Name="HTTP Page Socket Connecting"/>
			<Event Keys="0xF02" Name="HTTP Page Send Cmd"/>
			<Event Keys="0xF03" Name="HTTP Page First Data"/>
			<Event Keys="0xF04" Name="HTTP Page Last Data"/>
			<Event Keys="0xF06" Name="HTTP Page Disconnect"/>
			<Event Keys="0xF0A" Name="HTTP Page Socket Connect Success"/>
			<Event Keys="0xF0D" Name="HTTP Page MainPageOK"/>
			<Event Keys="0xF08" Name="HTTP Page Socket Failed"/>
			<Event Keys="0xF05" Name="HTTP Page Drop"/>
			<Event Keys="0xF0B" Name="HTTP Page Failure"/>
			<Event Keys="0xF09" Name="HTTP Page SendGetCmd Failure"/>
			<Event Keys="0x513B0" Name="CTI HTTP Page Start"/>
			<Event Keys="0x513B1" Name="CTI HTTP Page Success"/>
			<Event Keys="0x513B2" Name="CTI HTTP Page Failure"/>
			<Event Keys="0x513B3" Name="CTI HTTP Page UrlRedirect"/>
		</EventTable>
		<EventTable Spid="28" Name="TraceRoute" SupportDelay="1">
			<Event Keys="0x290|0x513D0" Name="Trace Route Start"/>
			<Event Keys="0x293|0x513D3" Name="Trace Route Success"/>
			<Event Keys="0x294|0x513D4" Name="Trace Route Failure"/>
			<Event Keys="0x295|0x513D5" Name="Trace Route Address Reslv Error"/>
			<Event Keys="0x291|0x513D1" Name="Trace Route Point Reply"/>
			<Event Keys="0x292|0x513D2" Name="Trace Route Point Timeout"/>
		</EventTable>
		<EventTable Spid="32" Name="HttpVideo" SupportDelay="1,7,25">
			<Event Keys="0x1010" Name="Http Video Request"/>
			<Event Keys="0x1011|0x7600A" Name="Http Video First data"/>
			<Event Keys="0x1012|0x7600B" Name="Http Video Request Failure"/>
			<Event Keys="0x1013|0x7600C" Name="Http Video Reproduction Start"/>
			<Event Keys="0x1014|0x7600D" Name="Http Video Reproduction Start Failure"/>
			<Event Keys="0x1015|0x76010" Name="Http Video LastData"/>
			<Event Keys="0x1016|0x76011" Name="Http Video Drop"/>
			<Event Keys="0x1017|0x76012" Name="Http Video Finished"/>
			<Event Keys="0x1018|0x7600E" Name="Http Video Rebuffer Start"/>
			<Event Keys="0x1019|0x7600F" Name="Http Video Rebuffer End"/>
			<Event Keys="0x101A|0x76007" Name="Http Video Connect Start"/>
			<Event Keys="0x101B|0x76008" Name="Http Video Connect Success"/>
			<Event Keys="0x101C|0x76009" Name="Http Video Connect Failure"/>
			<Event Keys="0x60050" Name="Streaming Play Attempt"/>
			<Event Keys="0x60051" Name="Streaming Play Success"/>
			<Event Keys="0x60052" Name="Streaming Play Failure"/>
			<Event Keys="0x60053" Name="Streaming Real Play"/>
			<Event Keys="0x60054" Name="Streaming Buffer Begin"/>
			<Event Keys="0x60055" Name="Streaming Buffer End"/>
			<Event Keys="0x60056" Name="Streaming Play Drop"/>
		</EventTable>
		<EventTable Spid="10" Name="Send MMS" SupportDelay="1,14,15,17">
			<Event Keys="0xE9|0x51393|0x60020" Name="MMS Send Request"/>
			<Event Keys="0xEA|0x51394|0x60021" Name="MMS Send Sock Connect"/>
			<Event Keys="0xE0" Name="MMS WSP Connect Request"/>
			<Event Keys="0x10020" Name="MMS Send WSP Connect Success"/>
			<Event Keys="0x10022" Name="MMS Send Success"/>
			<Event Keys="0x51390" Name="CTI MMS Send WSP Request"/>
			<Event Keys="0x51391" Name="CTI MMS Send WSP Success"/>
			<Event Keys="0x10021" Name="MMS Send WSP Connect Failure"/>
			<Event Keys="0x10023" Name="MMS Send Failure"/>
			<Event Keys="0x51392" Name="CTI MMS Send WSP Failure"/>
			<Event Keys="0x51395" Name="CTI MM SSend Failure"/>
			<Event Keys="0x60022" Name="DTLog MMS Send Fail"/>
			<Event Keys="0x73" Name="ATD Drop"/>
			<Event Keys="0x51305" Name="CTI PPP Dial Drop"/>
		</EventTable>
		<EventTable Spid="11" Name="Receive MMS" SupportDelay="1,16">
			<Event Keys="0xEB|0x5139B|0x60023" Name="MMS Receive Request"/>
			<Event Keys="0xE5" Name="WSP Connect Request"/>
			<Event Keys="0x10024" Name="WSP Connect Success"/>
			<Event Keys="0x10026|0x5139C|0x60024" Name="MMS Recv Success"/>
			<Event Keys="0x51398" Name="CTI MMS Receive WSP Request"/>
			<Event Keys="0x51399" Name="CTI MMS Receive WSP Success"/>
			<Event Keys="0x10025" Name="MMS Recv WSP Connect Failure"/>
			<Event Keys="0x10027" Name="MMS Recv Failure"/>
			<Event Keys="0x5139A" Name="CTI MMS Receive WSP Failure"/>
			<Event Keys="0x5139D" Name="CTI MMS Receive Failure"/>
			<Event Keys="0x60025" Name="DTLog MMS Receive Fail"/>
			<Event Keys="0xEC" Name="MMS Recv First Data"/>
			<Event Keys="0x73" Name="ATD Drop"/>
			<Event Keys="0x51305" Name="CTI PPP Dial Drop"/>
		</EventTable>
		<EventTable Spid="1281" Name="Send SMS" SupportDelay="1,11,13">
			<Event Keys="0xD0|0x51380|0x60010" Name="SMS Send Request"/>
			<Event Keys="0x10003|0x51381|0x60011" Name="SMS Send Sucess"/>
			<Event Keys="0xD2" Name="SMS Status Report"/>
			<Event Keys="0x10004|0x51384|0x60012" Name="SMS Send Failure"/>
			<Event Keys="0x51383" Name="CTI SMS Report Sucess"/>
			<Event Keys="0x51382" Name="CTI SMS Send Failure"/>
			<Event Keys="0x60016" Name="DTLog SMS P2P Report"/>
			<Event Keys="0x60017" Name="DTLog SMS P2P Failure"/>
		</EventTable>
		<EventTable Spid="1282" Name="Receive SMS" SupportDelay="1,12">
			<Event Keys="0x10005" Name="SMS Receive Success"/>
			<Event Keys="0x10006" Name="SMS Receive Failure"/>
			<Event Keys="0x51385" Name="CTI SMS Receive Sucess"/>
			<Event Keys="0x51386" Name="CTI SMS Receive Failure"/>
			<Event Keys="0x60013" Name="DTLog SMS Receive Request"/>
			<Event Keys="0x60014" Name="DTLog SMS Receive Sucess"/>
			<Event Keys="0x60015" Name="DTLog SMS Receive Failure"/>
		</EventTable>
	</SPEvents>
</Configs>
