<?xml version="1.0" encoding="UTF-8"?>
<Root>
	<!-- ClientType=0 表示该客户端不接受数据， ClientType=1 表示为该客户端可以接收数据-->
	<ClientType>1</ClientType>
	<!--RecvDataType为接收端配置项，MessageType表示数据类型，TopicID表示同一种数据类型可以定义由不同服务器接收，通过分流实现负载均衡 -->
	<RecvDataType>
		<Type MessageType="12296" TopicID="1"/>
		<Type MessageType="12296" TopicID="2"/>
		<Type MessageType="12296" TopicID="3"/>
		<Type MessageType="12296" TopicID="4"/>
		<Type MessageType="12296" TopicID="5"/>
		<Type MessageType="12296" TopicID="6"/>
		<Type MessageType="12296" TopicID="7"/>
		<Type MessageType="12296" TopicID="8"/>
		<Type MessageType="12296" TopicID="9"/>
	</RecvDataType>
	<Connector>
		<ServerIP>127.0.0.1</ServerIP>
		<ServerPort>9900</ServerPort>
	</Connector>
	<ThreadPool>
		<TaskThreadNum>16</TaskThreadNum>
	</ThreadPool>
</Root>
