<?xml version="1.0" encoding="UTF-8"?>
<KPIConfig>
	<!--基础指标-->
	<BasicsKPI ID="0x00100000">
		<KPI ID="0x00100000" CNDescribe="测试总采样点" ENDescribe="TestTotalSample">
			<Statistics Model="TestTotalSample"/>
			<UKMerge Algorithm="Add"/>
		</KPI>
		<KPI ID="0x00100001" CNDescribe="测试总时长">
			<Statistics Model="TestTotalTime"/>
			<UKMerge Algorithm="Add"/>
		</KPI>
		<KPI ID="0x00100002" CNDescribe="测试总里程">
			<Statistics Model="TestTotalMileage"/>
			<UKMerge Algorithm="Add"/>
		</KPI>
		<KPI ID="0x00100003" CNDescribe="业务总时长">
			<Statistics Model="ServiceTotalTime"/>
			<UKMerge Algorithm="Add"/>
		</KPI>
		<KPI ID="0x00100004" CNDescribe="业务总里程">
			<Statistics Model="ServiceTotalMileage"/>
			<UKMerge Algorithm="Add"/>
		</KPI>
		<KPI ID="0x00100005" CNDescribe="脱网总时长">
			<Statistics Model="OutOfServiceTime"/>
			<UKMerge Algorithm="Add"/>
		</KPI>
		<KPI ID="0x00100006" CNDescribe="脱网总里程">
			<Statistics Model="OutOfServiceMileage"/>
			<UKMerge Algorithm="Add"/>
		</KPI>
		<KPI ID="0x00100007" CNDescribe="脱网时长占比">
			<Statistics Model="OutOfServiceTimeRatio"/>
			<UKMerge Algorithm="Ratio" Member="0x00100005" Denominator="0x00100001"/>
		</KPI>
		<KPI ID="0x00100008" CNDescribe="脱网里程占比">
			<Statistics Model="OutOfServiceMileageRatio"/>
			<UKMerge Algorithm="Ratio" Member="0x00100006" Denominator="0x00100002"/>
		</KPI>
		<KPI ID="0x00100009" CNDescribe="测试开始时间">
			<Statistics Model="StartTime"/>
			<UKMerge Algorithm="Min"/>
		</KPI>
		<KPI ID="0x0010000A" CNDescribe="测试结束时间">
			<Statistics Model="EndTime"/>
			<UKMerge Algorithm="Max"/>
		</KPI>
	</BasicsKPI>
	<!--参数指标-->
	<ParametersKPI ID="0x00200000">
		<KPI ID="0x00200000" CNDescribe="总采样点">
			<Statistics Model="TotalSample" Alias="Total,TotalCount" Type="Sample"/>
			<UKMerge Algorithm="Add"/>
		</KPI>
		<KPI ID="0x00200001" CNDescribe="总占用时长">
			<Statistics Model="TotalTime" Alias="Total,TotalCount" Type="Time"/>
			<UKMerge Algorithm="Add"/>
		</KPI>
		<KPI ID="0x00200002" CNDescribe="总占用里程">
			<Statistics Model="TotalMileage" Alias="Total,TotalCount" Type="Mileage"/>
			<UKMerge Algorithm="Add"/>
		</KPI>
		<KPI ID="0x00200003" CNDescribe="平均值">
			<Statistics Model="Average"/>
			<UKMerge Algorithm="Average" Relevance="0x00200000"/>
		</KPI>
		<KPI ID="0x00200004" CNDescribe="最大值">
			<Statistics Model="Max"/>
			<UKMerge Algorithm="Max"/>
		</KPI>
		<KPI ID="0x00200005" CNDescribe="最小值">
			<Statistics Model="Min"/>
			<UKMerge Algorithm="Min"/>
		</KPI>
		<KPI ID="0x00200006" CNDescribe="方差">
			<Statistics Model="Variance"/>
			<UKMerge Algorithm="Variance"/>
		</KPI>
		<KPI ID="0x00200007" CNDescribe="标准方差">
			<Statistics Model="StandardVariance"/>
			<UKMerge Algorithm="Variance"/>
		</KPI>
		<KPI ID="0x00200008" CNDescribe="总值">
			<Statistics Model="TotalValue"/>
			<UKMerge Algorithm="Add"/>
		</KPI>
		<KPI ID="0x00200009" CNDescribe="离散值个数">
			<Statistics Model="DiscreteCount"/>
			<UKMerge Algorithm="Add"/>
		</KPI>
	</ParametersKPI>
	<!--业务基础指标-->
	<!--业务属性 PropertyID：属性ID；StatTypeID：统计类型ID；ValueType：结果值类型：0数值类型，1字符串类型； Scale：单位转换时使用，UK中时延单位为毫秒-->
	<!--业务时延 DelayID：时延ID；DelayType：时延类型，0电脑时间；1手机时间(默认)；2事件时间；3事件属性中的时间。Scale：单位转换时使用，UK中时延单位为毫秒-->
	<BusinessesKPI ID="0x00300000">
		<KPI ID="0x00300000" CNDescribe="业务尝试次数">
			<Statistics Model="Attempts"/>
			<UKMerge Algorithm="Add"/>
		</KPI>
		<KPI ID="0x00300001" CNDescribe="业务成功次数">
			<Statistics Model="SuccessCount"/>
			<UKMerge Algorithm="Add"/>
		</KPI>
		<KPI ID="0x00300002" CNDescribe="业务失败次数">
			<Statistics Model="FailureCount"/>
			<UKMerge Algorithm="Add"/>
		</KPI>
		<KPI ID="0x00300003" CNDescribe="业务成功率">
			<Statistics Model="SuccessRate"/>
			<UKMerge Algorithm="Ratio" Member="0x00300001" Denominator="0x00300000"/>
		</KPI>
		<KPI ID="0x00300004" CNDescribe="业务掉线次数">
			<Statistics Model="DroppedCount"/>
			<UKMerge Algorithm="Add"/>
		</KPI>
		<KPI ID="0x00300005" CNDescribe="业务掉线率">
			<Statistics Model="DroppedRate"/>
			<UKMerge Algorithm="Ratio" Member="0x00300004" Denominator="0x00300001"/>
		</KPI>
		<KPI ID="0x00300006" CNDescribe="业务平均时延">
			<Statistics Model="BusinessDelay"/>
			<UKMerge Algorithm="Average" Relevance="0x00300001"/>
		</KPI>
		<KPI ID="0x00300007" CNDescribe="业务失败率">
			<Statistics Model="FailureRate"/>
			<UKMerge Algorithm="Ratio" Member="0x00300002" Denominator="0x00300000"/>
		</KPI>
		<KPI ID="0x00300008" CNDescribe="业务总时长">
			<Statistics Model="BusinessTotalTime"/>
			<UKMerge Algorithm="Add"/>
		</KPI>
		<KPI ID="0x00300009" CNDescribe="业务统计时长(AB算法)">
			<Statistics Model="BusinessStatTime"/>
			<UKMerge Algorithm="Add"/>
		</KPI>
		<KPI ID="0x0030000A" CNDescribe="业务时延最大值">
			<Statistics Model="MaximumDelay"/>
			<UKMerge Algorithm="Max"/>
		</KPI>
		<KPI ID="0x0030000B" CNDescribe="业务时延最小值">
			<Statistics Model="MinimumDelay"/>
			<UKMerge Algorithm="Min"/>
		</KPI>
		<KPI ID="0x0030000C" CNDescribe="业务总时延">
			<Statistics Model="TotalDelay"/>
			<UKMerge Algorithm="Add"/>
		</KPI>
		<KPI ID="0x0030000D" CNDescribe="业务的次数">
			<Statistics Model="BusinessCount"/>
			<UKMerge Algorithm="Add"/>
		</KPI>
		<KPI ID="0x0030000E" CNDescribe="事件统计次数">
			<Statistics Model="EventCount" Alias="Total"/>
			<UKMerge Algorithm="Add"/>
		</KPI>
		<KPI ID="0x0030000F" CNDescribe="业务按属性过滤后的次数">
			<Statistics Model="TotalCount"/>
			<UKMerge Algorithm="Add"/>
		</KPI>
		<KPI ID="0x00300010" CNDescribe="业务指标的方差">
			<Statistics Model="Variance"/>
			<UKMerge Algorithm="Variance"/>
		</KPI>
		<KPI ID="0x00300011" CNDescribe="业务属性值的总合">
			<Statistics Model="TotalValue"/>
			<UKMerge Algorithm="Add"/>
		</KPI>
		<KPI ID="0x00300012" CNDescribe="业务属性值的最大值">
			<Statistics Model="Max"/>
			<UKMerge Algorithm="Max"/>
		</KPI>
		<KPI ID="0x00300013" CNDescribe="业务属性值的最小值">
			<Statistics Model="Min"/>
			<UKMerge Algorithm="Min"/>
		</KPI>
		<KPI ID="0x00300014" CNDescribe="业务统计时长">
			<Statistics Model="SPDelay" DelayID="2"/>
			<UKMerge Algorithm="Average" Relevance="0x00300001"/>
		</KPI>
		<KPI ID="0x00300015" CNDescribe="业务的并发标记">
			<Statistics Model="SPProperty" PropertyID="162"/>
			<UKMerge Algorithm="Add"/>
		</KPI>
		<KPI ID="0x00300016" CNDescribe="(一般只应用于信令层业务)返回信令层业务所在的应用层业务的SPID">
			<Statistics Model="SPProperty" PropertyID="309" StatTypeID="75"/>
			<UKMerge Algorithm="Add"/>
		</KPI>
		<KPI ID="0x00300017" CNDescribe="业务的原因码">
			<Statistics Model="SPProperty" PropertyID="1"/>
			<UKMerge Algorithm="Add"/>
		</KPI>
		<KPI ID="0x00300018" CNDescribe="时延最大值">
			<Statistics Model="DelayMax"/>
			<UKMerge Algorithm="Max"/>
		</KPI>
		<KPI ID="0x00300019" CNDescribe="时延最小值">
			<Statistics Model="DelayMin"/>
			<UKMerge Algorithm="Min"/>
		</KPI>
		<KPI ID="0x0030001A" CNDescribe="时延个数">
			<Statistics Model="DelayCount"/>
			<UKMerge Algorithm="Add"/>
		</KPI>
		<KPI ID="0x0030001B" CNDescribe="时延总值">
			<Statistics Model="DelayTotalValue"/>
			<UKMerge Algorithm="Add"/>
		</KPI>
		<KPI ID="0x0030001C" CNDescribe="时延平均值">
			<Statistics Model="DelayAvg"/>
			<UKMerge Algorithm="Average" Relevance="0x0030001A"/>
		</KPI>
		<KPI ID="0x0030001D" CNDescribe="时延PDF">
			<Statistics Model="DelayPdf"/>
			<UKMerge Algorithm="Average" Relevance="0x0030001A"/>
		</KPI>
		<!--语音业务类通用指标-->
		<KPI ID="0x00300100" CNDescribe="试呼次数">
			<Statistics Model="CallAttempt"/>
			<UKMerge Algorithm="Add"/>
		</KPI>
		<KPI ID="0x00300101" CNDescribe="接通次数">
			<Statistics Model="CallConnect"/>
			<UKMerge Algorithm="Add"/>
		</KPI>
		<KPI ID="0x00300102" CNDescribe="掉话次数(业务)">
			<Statistics Model="ServiceDroppedCall"/>
			<UKMerge Algorithm="Add"/>
		</KPI>
		<KPI ID="0x00300103" CNDescribe="掉话次数(信令)">
			<Statistics Model="MessageDroppedCall"/>
			<UKMerge Algorithm="Add"/>
		</KPI>
		<KPI ID="0x00300104" CNDescribe="未接通次数">
			<Statistics Model="BlockedCall"/>
			<UKMerge Algorithm="Add"/>
		</KPI>
		<KPI ID="0x00300105" CNDescribe="接通率">
			<Statistics Model="CallConnectRate"/>
			<UKMerge Algorithm="Ratio" Member="0x00300101" Denominator="0x00300100"/>
		</KPI>
		<KPI ID="0x00300106" CNDescribe="掉话率(业务)">
			<Statistics Model="ServiceDroppedCallRate"/>
			<UKMerge Algorithm="Ratio" Member="0x00300102" Denominator="0x00300101"/>
		</KPI>
		<KPI ID="0x00300107" CNDescribe="掉话率(信令)">
			<Statistics Model="MessageDroppedCallRate"/>
			<UKMerge Algorithm="Ratio" Member="0x00300103" Denominator="0x00300101"/>
		</KPI>
		<KPI ID="0x00300108" CNDescribe="里程掉话比">
			<Statistics Model="MileageDroppedCallRatio"/>
			<UKMerge Algorithm="Ratio" Member="0x00100002" Denominator="0x00300102"/>
		</KPI>
		<KPI ID="0x00300109" CNDescribe="平均呼叫建立时延">
			<Statistics Model="AverageCallDelay"/>
			<UKMerge Algorithm="Average" Relevance="0x00300001"/>
		</KPI>
		<KPI ID="0x0030010A" CNDescribe="寻呼时延">
			<Statistics Model="PagingDelay"/>
			<UKMerge Algorithm="Average" Relevance="0x00300001"/>
		</KPI>
		<KPI ID="0x0030010B" CNDescribe="端到端建立时延">
			<Statistics Model="EndToEndDelay"/>
			<UKMerge Algorithm="Average" Relevance="0x00300001"/>
		</KPI>
		<KPI ID="0x0030010C" CNDescribe="呼叫建立时延">
			<Statistics Model="SPDelay" DelayID="3"/>
			<UKMerge Algorithm="Average" Relevance="0x00300001"/>
		</KPI>
		<KPI ID="0x0030010D" CNDescribe="呼叫接入时延">
			<Statistics Model="SPDelay" DelayID="6"/>
			<UKMerge Algorithm="Average" Relevance="0x00300001"/>
		</KPI>
		<KPI ID="0x0030010E" CNDescribe="Return To LTE Delay(TAUAccept)">
			<Statistics Model="SPProperty" PropertyID="247" StatTypeID="84" Scale="0.001"/>
			<UKMerge Algorithm="Average" Relevance="0x00300001"/>
		</KPI>
		<KPI ID="0x0030010F" CNDescribe="CSFB通话中，LTE RRCRelease信令到GSM起呼之间的时长">
			<Statistics Model="SPProperty" PropertyID="197" Scale="0.001"/>
			<UKMerge Algorithm="Average" Relevance="0x00300001"/>
		</KPI>
		<KPI ID="0x00300110" CNDescribe="语音业务结束后，是否恢复数据业务传输">
			<Statistics Model="SPProperty" PropertyID="171" StatTypeID="85"/>
			<UKMerge Algorithm="Add"/>
		</KPI>
		<KPI ID="0x00300111" CNDescribe="返回LTE的类型">
			<Statistics Model="SPProperty" PropertyID="157" StatTypeID="84"/>
			<UKMerge Algorithm="Add"/>
		</KPI>
		<KPI ID="0x00300112" CNDescribe="记录是从LTE回落到哪个网络(起呼时)">
			<Statistics Model="SPProperty" PropertyID="196"/>
			<UKMerge Algorithm="Add"/>
		</KPI>
		<KPI ID="0x00300113" CNDescribe="语音业务类型">
			<Statistics Model="SPProperty" PropertyID="161"/>
			<UKMerge Algorithm="Add"/>
		</KPI>
		<KPI ID="0x00300114" CNDescribe="中国移动规范的呼叫建立时延">
			<Statistics Model="SPDelay" DelayID="49"/>
			<UKMerge Algorithm="Average" Relevance="0x00300001"/>
		</KPI>
		<KPI ID="0x00300115" CNDescribe="语音业务通话总时长">
			<Statistics Model="SPProperty" PropertyID="2304" StatTypeID="88" Scale="0.001"/>
			<UKMerge Algorithm="Average" Relevance="0x00300001"/>
		</KPI>
		<KPI ID="0x00300116" CNDescribe="移动规范的CSFB回落结果">
			<Statistics Model="SPProperty" PropertyID="211"/>
			<UKMerge Algorithm="Add"/>
		</KPI>
		<KPI ID="0x00300117" CNDescribe="移动规范，从LTE RRC Connection Release到起呼的时延">
			<Statistics Model="SPProperty" PropertyID="212" Scale="0.001"/>
			<UKMerge Algorithm="Average" Relevance="0x00300001"/>
		</KPI>
		<KPI ID="0x00300118" CNDescribe="呼叫建立时延">
			<Statistics Model="SPDelay" DelayID="3"/>
			<UKMerge Algorithm="Average" Relevance="0x00300001"/>
		</KPI>
		<KPI ID="0x00300119" CNDescribe="主被叫呼叫建立时延">
			<Statistics Model="SPDelay" DelayID="256"/>
			<UKMerge Algorithm="Average" Relevance="0x00300001"/>
		</KPI>
		<KPI ID="0x0030011A" CNDescribe="主被叫寻呼时延">
			<Statistics Model="SPDelay" DelayID="257"/>
			<UKMerge Algorithm="Average" Relevance="0x00300001"/>
		</KPI>
		<KPI ID="0x0030011B" CNDescribe="CSFB通话中，LTE RRCRelease信令到CDMA起呼之间的时长">
			<Statistics Model="SPProperty" PropertyID="198" Scale="0.001"/>
			<UKMerge Algorithm="Average" Relevance="0x00300001"/>
		</KPI>
		<KPI ID="0x0030011C" CNDescribe="CSFB通话中，LTE RRCRelease信令到WCDMA起呼之间的时长">
			<Statistics Model="SPProperty" PropertyID="199" Scale="0.001"/>
			<UKMerge Algorithm="Average" Relevance="0x00300001"/>
		</KPI>
		<KPI ID="0x0030011D" CNDescribe="CSFB通话中，LTE RRCRelease信令到TDSCDMA起呼之间的时长">
			<Statistics Model="SPProperty" PropertyID="200" Scale="0.001"/>
			<UKMerge Algorithm="Average" Relevance="0x00300001"/>
		</KPI>
		<KPI ID="0x0030011E" CNDescribe="LTE ExtendService Request到LTE RRC Release之间的时延">
			<Statistics Model="SPDelay" DelayID="50"/>
			<UKMerge Algorithm="Average" Relevance="0x00300001"/>
		</KPI>
		<KPI ID="0x0030011F" CNDescribe="返回LTE网络时延">
			<Statistics Model="SPProperty" PropertyID="246" StatTypeID="84" Scale="0.001"/>
			<UKMerge Algorithm="Average" Relevance="0x00300001"/>
		</KPI>
		<KPI ID="0x00300120" CNDescribe="CSFB指标，从LTE Paging到LTE RRC Connection Release的时延">
			<Statistics Model="SPProperty" PropertyID="1793" Scale="0.001"/>
			<UKMerge Algorithm="Average" Relevance="0x00300001"/>
		</KPI>
		<KPI ID="0x00300121" CNDescribe="CSFB指标，从LTE RRC Connection Release到起呼的时延">
			<Statistics Model="SPProperty" PropertyID="1794" Scale="0.001"/>
			<UKMerge Algorithm="Average" Relevance="0x00300001"/>
		</KPI>
		<KPI ID="0x00300122" CNDescribe="CSFB指标，从LTE Service Notification到LTE RRC Connection Release的时延">
			<Statistics Model="SPProperty" PropertyID="1795" Scale="0.001"/>
			<UKMerge Algorithm="Average" Relevance="0x00300001"/>
		</KPI>
		<KPI ID="0x00300123" CNDescribe="CSFB指标，从LTE RRC Connection Request到LTE RRC Connection Release的时延">
			<Statistics Model="SPProperty" PropertyID="1792" Scale="0.001"/>
			<UKMerge Algorithm="Average" Relevance="0x00300001"/>
		</KPI>
		<KPI ID="0x00300124" CNDescribe="2012联通报表:语音长呼业务次数">
			<Statistics Model="SPProperty" PropertyID="775" StatTypeID="261"/>
			<UKMerge Algorithm="Average" Relevance="0x00300001"/>
		</KPI>
		<KPI ID="0x00300125" CNDescribe="2012联通报表:语音长呼业务掉话次数">
			<Statistics Model="SPProperty" PropertyID="776" StatTypeID="261"/>
			<UKMerge Algorithm="Average" Relevance="0x00300001"/>
		</KPI>
		<KPI ID="0x00300126" CNDescribe="VoLTE通话前，随机接入过程的时延">
			<Statistics Model="SPProperty" PropertyID="2310" StatTypeID="88" Scale="0.001"/>
			<UKMerge Algorithm="Average" Relevance="0x00300001"/>
		</KPI>
		<KPI ID="0x00300127" CNDescribe="VoLTe挂机时延">
			<Statistics Model="SPProperty" PropertyID="2312" StatTypeID="88" Scale="0.001"/>
			<UKMerge Algorithm="Average" Relevance="0x00300001"/>
		</KPI>
		<KPI ID="0x00300128" CNDescribe="MO/MT中Established至EVENT_SIP_FirstIMSRTPRecieved(0xEEBB0001)之间的信令时长">
			<Statistics Model="SPProperty" PropertyID="204" Scale="0.001"/>
			<UKMerge Algorithm="Average" Relevance="0x00300001"/>
		</KPI>
		<KPI ID="0x00300129" CNDescribe="Return Back To LTE，是否配置了FR，0：未配置，1：配置，2：未配置且桥接">
			<Statistics Model="SPProperty" PropertyID="213" StatTypeID="84"/>
			<UKMerge Algorithm="Add"/>
		</KPI>
		<KPI ID="0x0030012A" CNDescribe="Return Back To LTE失败原因">
			<Statistics Model="SPProperty" PropertyID="174" StatTypeID="84"/>
			<UKMerge Algorithm="Add"/>
		</KPI>
		<KPI ID="0x0030012B" CNDescribe="ChannelRelease到第一条LTE系统消息的时延">
			<Statistics Model="SPProperty" PropertyID="214" StatTypeID="84" Scale="0.001"/>
			<UKMerge Algorithm="Average" Relevance="0x00300001"/>
		</KPI>
		<KPI ID="0x0030012C" CNDescribe="第一条LTE系统消息到RRCConnection的时延">
			<Statistics Model="SPProperty" PropertyID="215" StatTypeID="84" Scale="0.001"/>
			<UKMerge Algorithm="Average" Relevance="0x00300001"/>
		</KPI>
		<KPI ID="0x0030012D" CNDescribe="RRCConnection到TAUAccept的时延">
			<Statistics Model="SPProperty" PropertyID="216" StatTypeID="84" Scale="0.001"/>
			<UKMerge Algorithm="Average" Relevance="0x00300001"/>
		</KPI>
		<KPI ID="0x0030012E" CNDescribe="ChannelRelease到第一条3G系统消息的时延">
			<Statistics Model="SPProperty" PropertyID="217" StatTypeID="84" Scale="0.001"/>
			<UKMerge Algorithm="Average" Relevance="0x00300001"/>
		</KPI>
		<KPI ID="0x0030012F" CNDescribe="第一条3G系统消息到3G下RRCConnectionRequest的时延">
			<Statistics Model="SPProperty" PropertyID="218" StatTypeID="84" Scale="0.001"/>
			<UKMerge Algorithm="Average" Relevance="0x00300001"/>
		</KPI>
		<KPI ID="0x00300130" CNDescribe="3G下RRCConnectionRequest到3G下RAUAccept的时延">
			<Statistics Model="SPProperty" PropertyID="219" StatTypeID="84" Scale="0.001"/>
			<UKMerge Algorithm="Average" Relevance="0x00300001"/>
		</KPI>
		<KPI ID="0x00300131" CNDescribe="23G控制面总时延">
			<Statistics Model="SPProperty" PropertyID="220" StatTypeID="84" Scale="0.001"/>
			<UKMerge Algorithm="Average" Relevance="0x00300001"/>
		</KPI>
		<KPI ID="0x00300132" CNDescribe="3G下RAUAccept到3G下RRCRelease的时延">
			<Statistics Model="SPProperty" PropertyID="221" StatTypeID="84" Scale="0.001"/>
			<UKMerge Algorithm="Average" Relevance="0x00300001"/>
		</KPI>
		<KPI ID="0x00300133" CNDescribe="3G下RRCRelease到第一条LTE系统消息的时延">
			<Statistics Model="SPProperty" PropertyID="222" StatTypeID="84" Scale="0.001"/>
			<UKMerge Algorithm="Average" Relevance="0x00300001"/>
		</KPI>
		<KPI ID="0x00300134" CNDescribe="CSFB通话中，ReturnToLTE失败时延">
			<Statistics Model="SPProperty" PropertyID="1796" StatTypeID="84" Scale="0.001"/>
			<UKMerge Algorithm="Average" Relevance="0x00300001"/>
		</KPI>
		<KPI ID="0x00300135" CNDescribe="语音业务是否接通,Alerting事件或Connect事件两者有其一就算接通属性值=0标识未接通,属性值=1标识接通">
			<Statistics Model="SPProperty" PropertyID="10"/>
			<UKMerge Algorithm="Add"/>
		</KPI>
		<KPI ID="0x00300136" CNDescribe="语音业务主被叫配对掉话原因">
			<Statistics Model="SPProperty" PropertyID="35"/>
			<UKMerge Algorithm="Add"/>
		</KPI>
		<!--数据业务类通用指标-->
		<KPI ID="0x00300200" CNDescribe="数据传输大小">
			<Statistics Model="TransferSize"/>
			<UKMerge Algorithm="Add"/>
		</KPI>
		<KPI ID="0x00300201" CNDescribe="数据传输时长">
			<Statistics Model="TransferTime"/>
			<UKMerge Algorithm="Add"/>
		</KPI>
		<KPI ID="0x00300202" CNDescribe="数据传输率">
			<Statistics Model="TransferRate"/>
			<UKMerge Algorithm="Ratio" Member="0x00300200" Denominator="0x00300201"/>
		</KPI>
		<KPI ID="0x00300203" CNDescribe="数据传输掉线比">
			<Statistics Model="TransferDroppedRate"/>
			<UKMerge Algorithm="Ratio" Member="0x00300200" Denominator="0x00300004"/>
		</KPI>
		<KPI ID="0x00300204" CNDescribe="数据传输大小(Avg)">
			<Statistics Model="TransferSizeAvg"/>
			<UKMerge Algorithm="Average" Relevance="0x00300001"/>
		</KPI>
		<KPI ID="0x00300205" CNDescribe="数据传输大小(Max)">
			<Statistics Model="TransferSizeMax"/>
			<UKMerge Algorithm="Max"/>
		</KPI>
		<KPI ID="0x00300206" CNDescribe="数据传输大小(Min)">
			<Statistics Model="TransferSizeMin"/>
			<UKMerge Algorithm="Min"/>
		</KPI>
		<KPI ID="0x00300207" CNDescribe="数据传输时长(Avg)">
			<Statistics Model="TransferTimeAvg"/>
			<UKMerge Algorithm="Average" Relevance="0x00300001"/>
		</KPI>
		<KPI ID="0x00300208" CNDescribe="数据传输时长(Max)">
			<Statistics Model="TransferTimeMax"/>
			<UKMerge Algorithm="Max"/>
		</KPI>
		<KPI ID="0x00300209" CNDescribe="数据传输时长(Min)">
			<Statistics Model="TransferTimeMin"/>
			<UKMerge Algorithm="Min"/>
		</KPI>
		<KPI ID="0x0030020A" CNDescribe="FTP Drop By No Data">
			<Statistics Model="SPProperty" PropertyID="36"/>
			<UKMerge Algorithm="Add"/>
		</KPI>
		<KPI ID="0x0030020B" CNDescribe="FTP Drop By PPP Drop">
			<Statistics Model="SPProperty" PropertyID="37"/>
			<UKMerge Algorithm="Add"/>
		</KPI>
		<KPI ID="0x0030020C" CNDescribe="PPP拨号模式">
			<Statistics Model="SPProperty" PropertyID="82" StatTypeID="53"/>
			<UKMerge Algorithm="Add"/>
		</KPI>
		<KPI ID="0x0030020D" CNDescribe="每一次FTP下载业务的传输速率">
			<Statistics Model="SPProperty" PropertyID="143"/>
			<UKMerge Algorithm="Average" Relevance="0x00300001"/>
		</KPI>
		<KPI ID="0x0030020E" CNDescribe="爱立信LTE数据业务掉线，1表示掉线，否则表示未掉线">
			<Statistics Model="SPProperty" PropertyID="201" StatTypeID="768"/>
			<UKMerge Algorithm="Add"/>
		</KPI>
		<KPI ID="0x0030020F" CNDescribe="ET_Email_POP3_Start到ET_Email_POP3_LoginSuccess的时间差">
			<Statistics Model="SPProperty" PropertyID="1548" StatTypeID="81"/>
			<UKMerge Algorithm="Average" Relevance="0x00300001"/>
		</KPI>
		<KPI ID="0x00300210" CNDescribe="中国电信2014数据业务无线建立成功次数（90秒算一次业务）">
			<Statistics Model="SPProperty" PropertyID="848" StatTypeID="336"/>
			<UKMerge Algorithm="Add"/>
		</KPI>
		<KPI ID="0x00300211" CNDescribe="中国电信2014数据业务无线掉线次数（90秒算一次业务）">
			<Statistics Model="SPProperty" PropertyID="849" StatTypeID="336"/>
			<UKMerge Algorithm="Add"/>
		</KPI>
		<KPI ID="0x00300212" CNDescribe="判断本次FTP业务是否是多路业务，如果是属性值等于1">
			<Statistics Model="SPProperty" PropertyID="86"/>
			<UKMerge Algorithm="Add"/>
		</KPI>
		<KPI ID="0x00300213" CNDescribe="业务掉线或失败事件中的由业务库输出的标准原因码">
			<Statistics Model="SPProperty" PropertyID="327"/>
			<UKMerge Algorithm="Add"/>
		</KPI>
		<!--PPP-->
		<KPI ID="0x00310000" CNDescribe="PDP时延">
			<Statistics Model="SPDelay" DelayID="4" DelayType="3"/>
			<UKMerge Algorithm="Average" Relevance="0x00300001"/>
		</KPI>
		<KPI ID="0x00310001" CNDescribe="HSPA接入时延">
			<Statistics Model="SPDelay" DelayID="5" DelayType="3"/>
			<UKMerge Algorithm="Average" Relevance="0x00300001"/>
		</KPI>
		<KPI ID="0x00310002" CNDescribe="记录PPP拨号后所测试的业务过程的SPID">
			<Statistics Model="SPProperty" PropertyID="18"/>
			<UKMerge Algorithm="Add"/>
		</KPI>
		<KPI ID="0x00310003" CNDescribe="判断本次PPP业务是否是感知掉话">
			<Statistics Model="SPProperty" PropertyID="79" StatTypeID="24"/>
			<UKMerge Algorithm="Add"/>
		</KPI>
		<KPI ID="0x00310004" CNDescribe="本次PPP业务中RRC的请求次数">
			<Statistics Model="SPProperty" PropertyID="120" StatTypeID="60"/>
			<UKMerge Algorithm="Add"/>
		</KPI>
		<KPI ID="0x00310005" CNDescribe="本次PPP业务中RRC的成功次数">
			<Statistics Model="SPProperty" PropertyID="121" StatTypeID="60"/>
			<UKMerge Algorithm="Add"/>
		</KPI>
		<KPI ID="0x00310006" CNDescribe="本次PPP业务中RRC的时延">
			<Statistics Model="SPProperty" PropertyID="122" StatTypeID="60"/>
			<UKMerge Algorithm="Average" Relevance="0x00300001"/>
		</KPI>
		<KPI ID="0x00310007" CNDescribe="本次PPP业务中RAB的请求次数">
			<Statistics Model="SPProperty" PropertyID="123" StatTypeID="61"/>
			<UKMerge Algorithm="Add"/>
		</KPI>
		<KPI ID="0x00310008" CNDescribe="本次PPP业务中RAB的成功次数">
			<Statistics Model="SPProperty" PropertyID="124" StatTypeID="61"/>
			<UKMerge Algorithm="Add"/>
		</KPI>
		<KPI ID="0x00310009" CNDescribe="本次PPP业务中PDP激活的请求次数">
			<Statistics Model="SPProperty" PropertyID="125" StatTypeID="62"/>
			<UKMerge Algorithm="Add"/>
		</KPI>
		<KPI ID="0x0031000A" CNDescribe="本次PPP业务中PDP激活的成功次数">
			<Statistics Model="SPProperty" PropertyID="126" StatTypeID="62"/>
			<UKMerge Algorithm="Add"/>
		</KPI>
		<KPI ID="0x0031000B" CNDescribe="本次PPP业务中上行PDP异常去激活次数">
			<Statistics Model="SPProperty" PropertyID="127" StatTypeID="63"/>
			<UKMerge Algorithm="Add"/>
		</KPI>
		<KPI ID="0x0031000C" CNDescribe="本次PPP业务中下行PDP去激活次数">
			<Statistics Model="SPProperty" PropertyID="128" StatTypeID="63"/>
			<UKMerge Algorithm="Add"/>
		</KPI>
		<KPI ID="0x0031000D" CNDescribe="本次ppp业务过程中发生GSM硬切换的次数">
			<Statistics Model="SPProperty" PropertyID="67" StatTypeID="22"/>
			<UKMerge Algorithm="Add"/>
		</KPI>
		<KPI ID="0x0031000E" CNDescribe="本次ppp业务过程中发生GSM硬切换的成功次数">
			<Statistics Model="SPProperty" PropertyID="68" StatTypeID="22"/>
			<UKMerge Algorithm="Add"/>
		</KPI>
		<KPI ID="0x00310010" CNDescribe="本次ppp业务过程中发生3G网内切换次数">
			<Statistics Model="SPProperty" PropertyID="70" StatTypeID="22"/>
			<UKMerge Algorithm="Add"/>
		</KPI>
		<KPI ID="0x00310011" CNDescribe="本次ppp业务过程中发生3G网内切换成功次数">
			<Statistics Model="SPProperty" PropertyID="71" StatTypeID="22"/>
			<UKMerge Algorithm="Add"/>
		</KPI>
		<KPI ID="0x00310013" CNDescribe="本次ppp业务过程中发生3G到2G的切换次数">
			<Statistics Model="SPProperty" PropertyID="74" StatTypeID="22"/>
			<UKMerge Algorithm="Add"/>
		</KPI>
		<KPI ID="0x00310014" CNDescribe="本次ppp业务过程中发生3G到2G的切换成功次数">
			<Statistics Model="SPProperty" PropertyID="75" StatTypeID="22"/>
			<UKMerge Algorithm="Add"/>
		</KPI>
		<KPI ID="0x00310015" CNDescribe="判断本次PPP业务是否都在3G网，属性值=1是，属性值=0不是">
			<Statistics Model="SPProperty" PropertyID="73" StatTypeID="22"/>
			<UKMerge Algorithm="Add"/>
		</KPI>
		<KPI ID="0x00310016" CNDescribe="2012联通报表:PPP连续失败差点次数">
			<Statistics Model="SPProperty" PropertyID="769" StatTypeID="254"/>
			<UKMerge Algorithm="Add"/>
		</KPI>
		<KPI ID="0x00310017" CNDescribe="在PPP业务期间，不存在PPP Start中的TestType指定的应用层业务时，保存TestType对应的SPID">
			<Statistics Model="SPProperty" PropertyID="1538" StatTypeID="81"/>
			<UKMerge Algorithm="Add"/>
		</KPI>
		<!--FTP DL-->
		<KPI ID="0x00310100" CNDescribe="业务掉线次数">
			<Statistics Model="SPProperty" PropertyID="3" StatTypeID="1"/>
			<UKMerge Algorithm="Add"/>
		</KPI>
		<KPI ID="0x00310101" CNDescribe="FTP服务器下载响应时延">
			<Statistics Model="SPProperty" PropertyID="130" StatTypeID="65"/>
			<UKMerge Algorithm="Average" Relevance="0x00300001"/>
		</KPI>
		<KPI ID="0x00310102" CNDescribe="FTP下载建立时延">
			<Statistics Model="SPProperty" PropertyID="131" StatTypeID="66"/>
			<UKMerge Algorithm="Average" Relevance="0x00300001"/>
		</KPI>
		<KPI ID="0x00310103" CNDescribe="FTPDown IP服务接入时延">
			<Statistics Model="SPProperty" PropertyID="1539" StatTypeID="81"/>
			<UKMerge Algorithm="Average" Relevance="0x00300001"/>
		</KPI>
		<KPI ID="0x00310104" CNDescribe="FTPDown IP服务接入成功次数">
			<Statistics Model="SPProperty" PropertyID="1547" StatTypeID="81"/>
			<UKMerge Algorithm="Add"/>
		</KPI>
		<KPI ID="0x00310105" CNDescribe="FTPDown IP服务接入失败次数">
			<Statistics Model="SPProperty" PropertyID="1546" StatTypeID="81"/>
			<UKMerge Algorithm="Add"/>
		</KPI>
		<KPI ID="0x00310106" CNDescribe="FTPDown 会话时延">
			<Statistics Model="SPProperty" PropertyID="1540" StatTypeID="81"/>
			<UKMerge Algorithm="Average" Relevance="0x00300001"/>
		</KPI>
		<!--FTP UL-->
		<KPI ID="0x00310200" CNDescribe="业务掉线次数">
			<Statistics Model="SPProperty" PropertyID="3" StatTypeID="1"/>
			<UKMerge Algorithm="Add"/>
		</KPI>
		<KPI ID="0x00310201" CNDescribe="FTP服务器上传响应时延">
			<Statistics Model="SPProperty" PropertyID="130" StatTypeID="65"/>
			<UKMerge Algorithm="Average" Relevance="0x00300001"/>
		</KPI>
		<KPI ID="0x00310202" CNDescribe="FTP上传建立时延">
			<Statistics Model="SPProperty" PropertyID="131" StatTypeID="66"/>
			<UKMerge Algorithm="Average" Relevance="0x00300001"/>
		</KPI>
		<KPI ID="0x00310203" CNDescribe="FTPUp IP服务接入时延">
			<Statistics Model="SPProperty" PropertyID="1539" StatTypeID="81"/>
			<UKMerge Algorithm="Average" Relevance="0x00300001"/>
		</KPI>
		<KPI ID="0x00310204" CNDescribe="FTPUp IP服务接入成功次数">
			<Statistics Model="SPProperty" PropertyID="1547" StatTypeID="81"/>
			<UKMerge Algorithm="Add"/>
		</KPI>
		<KPI ID="0x00310205" CNDescribe="FTPUp IP服务接入失败次数">
			<Statistics Model="SPProperty" PropertyID="1546" StatTypeID="81"/>
			<UKMerge Algorithm="Add"/>
		</KPI>
		<KPI ID="0x00310206" CNDescribe="FTPUp 会话时延">
			<Statistics Model="SPProperty" PropertyID="1540" StatTypeID="81"/>
			<UKMerge Algorithm="Average" Relevance="0x00300001"/>
		</KPI>
		<!--MMS-->
		<KPI ID="0x00310300" CNDescribe="彩信发送时延">
			<Statistics Model="SPProperty" PropertyID="1543" StatTypeID="81"/>
			<UKMerge Algorithm="Average" Relevance="0x00300001"/>
		</KPI>
		<KPI ID="0x00310301" CNDescribe="彩信接收时延">
			<Statistics Model="SPProperty" PropertyID="1544" StatTypeID="81"/>
			<UKMerge Algorithm="Average" Relevance="0x00300001"/>
		</KPI>
		<KPI ID="0x00310302" CNDescribe="彩信发送时延">
			<Statistics Model="SPDelay" DelayID="14" Scale="0.001"/>
			<UKMerge Algorithm="Average" Relevance="0x00300001"/>
		</KPI>
		<KPI ID="0x00310303" CNDescribe="彩信PUSH时延">
			<Statistics Model="SPDelay" DelayID="15" Scale="0.001"/>
			<UKMerge Algorithm="Average" Relevance="0x00300001"/>
		</KPI>
		<KPI ID="0x00310304" CNDescribe="彩信接收时延">
			<Statistics Model="SPDelay" DelayID="16" Scale="0.001"/>
			<UKMerge Algorithm="Average" Relevance="0x00300001"/>
		</KPI>
		<!--Ping-->
		<KPI ID="0x00310400" CNDescribe="休眠重激活时延">
			<Statistics Model="SPProperty" PropertyID="136" StatTypeID="70"/>
			<UKMerge Algorithm="Average" Relevance="0x00300001"/>
		</KPI>
		<KPI ID="0x00310401" CNDescribe="2012联通报表:Ping连续失败差点次数">
			<Statistics Model="SPProperty" PropertyID="770" StatTypeID="258"/>
			<UKMerge Algorithm="Add"/>
		</KPI>
		<!--Http-->
		<KPI ID="0x00310500" CNDescribe="IP服务建立时延">
			<Statistics Model="SPProperty" PropertyID="1539" StatTypeID="81"/>
			<UKMerge Algorithm="Average" Relevance="0x00300001"/>
		</KPI>
		<KPI ID="0x00310501" CNDescribe="会话时延">
			<Statistics Model="SPProperty" PropertyID="1540" StatTypeID="81"/>
			<UKMerge Algorithm="Average" Relevance="0x00300001"/>
		</KPI>
		<KPI ID="0x00310502" CNDescribe="建立时延">
			<Statistics Model="SPProperty" PropertyID="1541" StatTypeID="81"/>
			<UKMerge Algorithm="Average" Relevance="0x00300001"/>
		</KPI>
		<KPI ID="0x00310503" CNDescribe="IP服务接入失败">
			<Statistics Model="SPProperty" PropertyID="1546" StatTypeID="81"/>
			<UKMerge Algorithm="Add"/>
		</KPI>
		<KPI ID="0x00310504" CNDescribe="IP服务接入成功">
			<Statistics Model="SPProperty" PropertyID="1547" StatTypeID="81"/>
			<UKMerge Algorithm="Add"/>
		</KPI>
		<KPI ID="0x00310505" CNDescribe="网站登录或刷新时延">
			<Statistics Model="SPDelay" DelayID="338" DelayType="3"/>
			<UKMerge Algorithm="Average" Relevance="0x00300001"/>
		</KPI>
		<KPI ID="0x00310506" CNDescribe="HttpPage登录时延">
			<Statistics Model="SPProperty" PropertyID="169" Scale="0.001"/>
			<UKMerge Algorithm="Average" Relevance="0x00300001"/>
		</KPI>
		<KPI ID="0x00310507" CNDescribe="HttpPage浏览时长">
			<Statistics Model="SPProperty" PropertyID="170" Scale="0.001"/>
			<UKMerge Algorithm="Average" Relevance="0x00300001"/>
		</KPI>
		<KPI ID="0x00310508" CNDescribe="视频总时长">
			<Statistics Model="SPProperty" PropertyID="600" Scale="0.001"/>
			<UKMerge Algorithm="Average" Relevance="0x00300001"/>
		</KPI>
		<KPI ID="0x00310509" CNDescribe="重缓冲时间">
			<Statistics Model="SPProperty" PropertyID="593" Scale="0.001"/>
			<UKMerge Algorithm="Average" Relevance="0x00300001"/>
		</KPI>
		<KPI ID="0x0031050A" CNDescribe="总缓冲次数">
			<Statistics Model="SPProperty" PropertyID="595"/>
			<UKMerge Algorithm="Add"/>
		</KPI>
		<KPI ID="0x0031050B" CNDescribe="主页面打开时延(PPP拨号到主页面打开)">
			<Statistics Model="SPProperty" PropertyID="160" StatTypeID="67"/>
			<UKMerge Algorithm="Average" Relevance="0x00300001"/>
		</KPI>
		<KPI ID="0x0031050C" CNDescribe="本次业务的网站地址">
			<Statistics Model="SPProperty" PropertyID="229" StatTypeID="29" ValueType="1"/>
			<UKMerge Algorithm="Add"/>
		</KPI>
		<KPI ID="0x0031050D" CNDescribe="主页面大小">
			<Statistics Model="SPProperty" PropertyID="311" Scale="0.001"/>
			<UKMerge Algorithm="Add"/>
		</KPI>
		<KPI ID="0x0031050E" CNDescribe="http完成时延">
			<Statistics Model="SPProperty" PropertyID="133" StatTypeID="67"/>
			<UKMerge Algorithm="Add"/>
		</KPI>
		<KPI ID="0x0031050F" CNDescribe="http建立时延">
			<Statistics Model="SPProperty" PropertyID="132" StatTypeID="67"/>
			<UKMerge Algorithm="Add"/>
		</KPI>
		<KPI ID="0x00310510" CNDescribe="判断本次业务的类型">
			<Statistics Model="SPProperty" PropertyID="81"/>
			<UKMerge Algorithm="Add"/>
		</KPI>
		<KPI ID="0x00310511" CNDescribe="从FirstData到MainPageOK事件的时延">
			<Statistics Model="SPProperty" PropertyID="310" Scale="0.001"/>
			<UKMerge Algorithm="Average" Relevance="0x00300001"/>
		</KPI>
		<KPI ID="0x00310512" CNDescribe="累积播放时长，PlayFinished事件的时刻减去ReproductionStart事件的时刻，再减去LastData事件中的累积缓冲时延">
			<Statistics Model="SPProperty" PropertyID="601" Scale="0.001"/>
			<UKMerge Algorithm="Add"/>
		</KPI>
		<KPI ID="0x00310513" CNDescribe="掉线时从Drop事件中取掉线时已经传输的时长,未掉线时从LastData事件中取TransmitTime的时长,单位：毫秒">
			<Statistics Model="SPProperty" PropertyID="324" Scale="0.001"/>
			<UKMerge Algorithm="Average" Relevance="0x00300001"/>
		</KPI>
		<KPI ID="0x00310514" CNDescribe="从LastData事件中取ConnectTime的时长，单位：毫秒">
			<Statistics Model="SPProperty" PropertyID="325" Scale="0.001"/>
			<UKMerge Algorithm="Average" Relevance="0x00300001"/>
		</KPI>
		<KPI ID="0x00310515" CNDescribe="UrlOrIp">
			<Statistics Model="SPProperty" PropertyID="249" StatTypeID="29" ValueType="1"/>
			<UKMerge Algorithm="Add"/>
		</KPI>
		<KPI ID="0x00310516" CNDescribe="VSNR-VMOS分">
			<Statistics Model="SPProperty" PropertyID="592"/>
			<UKMerge Algorithm="Average" Relevance="0x00300001"/>
		</KPI>
		<KPI ID="0x00310517" CNDescribe="总比特率，单位：bps">
			<Statistics Model="SPProperty" PropertyID="594" Scale="0.001"/>
			<UKMerge Algorithm="Average" Relevance="0x00300001"/>
		</KPI>
		<KPI ID="0x00310518" CNDescribe="视频帧率，单位：FPS">
			<Statistics Model="SPProperty" PropertyID="596" />
			<UKMerge Algorithm="Average" Relevance="0x00300001"/>
		</KPI>
		<KPI ID="0x00310519" CNDescribe="音视频不同步概率，已经*100, 百分比">
			<Statistics Model="SPProperty" PropertyID="597"/>
			<UKMerge Algorithm="Average" Relevance="0x00300001"/>
		</KPI>
		<KPI ID="0x0031051A" CNDescribe="视频质量">
			<Statistics Model="SPProperty" PropertyID="598" />
			<UKMerge Algorithm="Average" Relevance="0x00300001"/>
		</KPI>
		<KPI ID="0x0031051B" CNDescribe="网站类型">
			<Statistics Model="SPProperty" PropertyID="599" />
			<UKMerge Algorithm="Average" Relevance="0x00300001"/>
		</KPI>
		<!--WapPage-->
		<KPI ID="0x00310600" CNDescribe="Wap IP服务建立时延">
			<Statistics Model="SPProperty" PropertyID="1539" StatTypeID="81"/>
			<UKMerge Algorithm="Average" Relevance="0x00300001"/>
		</KPI>
		<KPI ID="0x00310601" CNDescribe="Wap 会话时延">
			<Statistics Model="SPProperty" PropertyID="1540" StatTypeID="81"/>
			<UKMerge Algorithm="Average" Relevance="0x00300001"/>
		</KPI>
		<KPI ID="0x00310602" CNDescribe="Wap 请求时延">
			<Statistics Model="SPProperty" PropertyID="1542" StatTypeID="81"/>
			<UKMerge Algorithm="Average" Relevance="0x00300001"/>
		</KPI>
		<KPI ID="0x00310603" CNDescribe="Wap登录时延">
			<Statistics Model="SPDelay" DelayID="24" DelayType="3"/>
			<UKMerge Algorithm="Average" Relevance="0x00300001"/>
		</KPI>
		<KPI ID="0x00310604" CNDescribe="Wap Login URL">
			<Statistics Model="SPProperty" PropertyID="235" StatTypeID="29" ValueType="1"/>
			<UKMerge Algorithm="Add"/>
		</KPI>
		<KPI ID="0x00310605" CNDescribe="Wap Refresh URL">
			<Statistics Model="SPProperty" PropertyID="236" StatTypeID="29" ValueType="1"/>
			<UKMerge Algorithm="Add"/>
		</KPI>
		<!--Video Stream-->
		<KPI ID="0x00310700" CNDescribe="视频流接入时延">
			<Statistics Model="SPDelay" DelayID="7" DelayType="3" Scale="0.001"/>
			<UKMerge Algorithm="Average" Relevance="0x00300001"/>
		</KPI>
		<KPI ID="0x00310701" CNDescribe="视频流播放时长">
			<Statistics Model="SPDelay" DelayID="23" DelayType="3" Scale="0.001"/>
			<UKMerge Algorithm="Average" Relevance="0x00300001"/>
		</KPI>
		<KPI ID="0x00310702" CNDescribe="视频流复制开始时延">
			<Statistics Model="SPDelay" DelayID="25" DelayType="3" Scale="0.001"/>
			<UKMerge Algorithm="Average" Relevance="0x00300001"/>
		</KPI>
		<KPI ID="0x00310703" CNDescribe="视频流复制时延">
			<Statistics Model="SPDelay" DelayID="26" DelayType="3" Scale="0.001"/>
			<UKMerge Algorithm="Average" Relevance="0x00300001"/>
		</KPI>
		<KPI ID="0x00310704" CNDescribe="属性值保存本次业务过程中总的缓冲次数">
			<Statistics Model="SPProperty" PropertyID="526"/>
			<UKMerge Algorithm="Average" Relevance="0x00300001"/>
		</KPI>
		<KPI ID="0x00310705" CNDescribe="属性值保存本次业务过程中总的缓冲时长">
			<Statistics Model="SPProperty" PropertyID="527" Scale="0.001"/>
			<UKMerge Algorithm="Average" Relevance="0x00300001"/>
		</KPI>
		<KPI ID="0x00310706" CNDescribe="不同步率(ET_NewVideoStream_LastData或ET_NewVideoStream_Drop中的不同步率)">
			<Statistics Model="SPProperty" PropertyID="528"/>
			<UKMerge Algorithm="Average" Relevance="0x00300001"/>
		</KPI>
		<KPI ID="0x00310707" CNDescribe="重缓冲失败:出现drop事件并且drop事件的原因码为4,5,6,-103，属性值设为1">
			<Statistics Model="SPProperty" PropertyID="529"/>
			<UKMerge Algorithm="Average" Relevance="0x00300001"/>
		</KPI>
		<KPI ID="0x00310708" CNDescribe="属性值保存本次业务过程中丢失音频包数">
			<Statistics Model="SPProperty" PropertyID="514"/>
			<UKMerge Algorithm="Average" Relevance="0x00300001"/>
		</KPI>
		<KPI ID="0x00310709" CNDescribe="属性值保存本次业务过程中音频丢包率">
			<Statistics Model="SPProperty" PropertyID="515"/>
			<UKMerge Algorithm="Average" Relevance="0x00300001"/>
		</KPI>
		<KPI ID="0x0031070A" CNDescribe="属性值保存本次业务过程中接收视频包数">
			<Statistics Model="SPProperty" PropertyID="516"/>
			<UKMerge Algorithm="Average" Relevance="0x00300001"/>
		</KPI>
		<KPI ID="0x0031070B" CNDescribe="属性值保存本次业务过程中丢失视频包数">
			<Statistics Model="SPProperty" PropertyID="517"/>
			<UKMerge Algorithm="Average" Relevance="0x00300001"/>
		</KPI>
		<KPI ID="0x0031070C" CNDescribe="属性值保存本次业务过程中视频丢包率">
			<Statistics Model="SPProperty" PropertyID="518"/>
			<UKMerge Algorithm="Average" Relevance="0x00300001"/>
		</KPI>
		<KPI ID="0x0031070D" CNDescribe="属性值保存本次业务过程中整体丢包率">
			<Statistics Model="SPProperty" PropertyID="519"/>
			<UKMerge Algorithm="Average" Relevance="0x00300001"/>
		</KPI>
		<KPI ID="0x0031070E" CNDescribe="属性值保存本次业务过程中AV同步纠正时间   单位：毫秒">
			<Statistics Model="SPProperty" PropertyID="520" Scale="0.001"/>
			<UKMerge Algorithm="Average" Relevance="0x00300001"/>
		</KPI>
		<KPI ID="0x0031070F" CNDescribe="属性值保存本次业务过程中AV同步丢帧数">
			<Statistics Model="SPProperty" PropertyID="521"/>
			<UKMerge Algorithm="Average" Relevance="0x00300001"/>
		</KPI>
		<KPI ID="0x00310710" CNDescribe="属性值保存本次业务过程中缓冲区填充次数">
			<Statistics Model="SPProperty" PropertyID="522"/>
			<UKMerge Algorithm="Average" Relevance="0x00300001"/>
		</KPI>
		<KPI ID="0x00310711" CNDescribe="属性值保存本次业务过程中视频帧率">
			<Statistics Model="SPProperty" PropertyID="523"/>
			<UKMerge Algorithm="Average" Relevance="0x00300001"/>
		</KPI>
		<KPI ID="0x00310712" CNDescribe="属性值保存本次业务过程中复制开始故障率">
			<Statistics Model="SPProperty" PropertyID="524"/>
			<UKMerge Algorithm="Average" Relevance="0x00300001"/>
		</KPI>
		<KPI ID="0x00310713" CNDescribe="属性值保存本次业务过程中复制中断率">
			<Statistics Model="SPProperty" PropertyID="525"/>
			<UKMerge Algorithm="Average" Relevance="0x00300001"/>
		</KPI>
		<KPI ID="0x00310714" CNDescribe="累积播放时长，PlayFinished事件的时刻减去ReproductionStart事件的时刻，再减去LastData事件中的累积缓冲时延，单位：毫秒">
			<Statistics Model="SPProperty" PropertyID="530" Scale="0.001"/>
			<UKMerge Algorithm="Average" Relevance="0x00300001"/>
		</KPI>
		<KPI ID="0x00310715" CNDescribe="视频总时长，取自ET_NewVideoStream_FirstData事件中FileDuration属性，单位：毫秒">
			<Statistics Model="SPProperty" PropertyID="531" Scale="0.001"/>
			<UKMerge Algorithm="Average" Relevance="0x00300001"/>
		</KPI>
		<!--Video Phone-->
		<KPI ID="0x00310800" CNDescribe="视频电话建立时延">
			<Statistics Model="SPDelay" DelayID="8"/>
			<UKMerge Algorithm="Average" Relevance="0x00300001"/>
		</KPI>
		<KPI ID="0x00310801" CNDescribe="视频电话第一视频帧时延">
			<Statistics Model="SPDelay" DelayID="9"/>
			<UKMerge Algorithm="Average" Relevance="0x00300001"/>
		</KPI>
		<KPI ID="0x00310802" CNDescribe="视频接入时延">
			<Statistics Model="SPDelay" DelayID="10"/>
			<UKMerge Algorithm="Average" Relevance="0x00300001"/>
		</KPI>
		<KPI ID="0x00310803" CNDescribe="视频电话第一音频帧时延">
			<Statistics Model="SPDelay" DelayID="28"/>
			<UKMerge Algorithm="Average" Relevance="0x00300001"/>
		</KPI>
		<KPI ID="0x00310804" CNDescribe="音频/视频建立是否成功">
			<Statistics Model="SPProperty" PropertyID="245"/>
			<UKMerge Algorithm="Add"/>
		</KPI>
		<KPI ID="0x00310805" CNDescribe="音频/视频建立时延">
			<Statistics Model="SPProperty" PropertyID="1545" StatTypeID="81"/>
			<UKMerge Algorithm="Average" Relevance="0x00300001"/>
		</KPI>
		<!--PDP-->
		<KPI ID="0x00310900" CNDescribe="PDP Decative掉线次数">
			<Statistics Model="SPProperty" PropertyID="1536" StatTypeID="81"/>
			<UKMerge Algorithm="Add"/>
		</KPI>
		<KPI ID="0x00310901" CNDescribe="本次PPP业务中上行PDP异常去激活次数">
			<Statistics Model="SPProperty" PropertyID="127" StatTypeID="63"/>
			<UKMerge Algorithm="Add"/>
		</KPI>
		<KPI ID="0x00310902" CNDescribe="本次PPP业务中下行PDP去激活次数">
			<Statistics Model="SPProperty" PropertyID="128" StatTypeID="63"/>
			<UKMerge Algorithm="Add"/>
		</KPI>
		<KPI ID="0x00310903" CNDescribe="本次PPP业务中PDP激活的成功次数">
			<Statistics Model="SPProperty" PropertyID="126" StatTypeID="62"/>
			<UKMerge Algorithm="Add"/>
		</KPI>
		<!--DNSLookup-->
		<KPI ID="0x00310A00" CNDescribe="DNS Lookup时延">
			<Statistics Model="SPProperty" PropertyID="1280" Scale="0.001" StatTypeID="82"/>
			<UKMerge Algorithm="Average" Relevance="0x00300001"/>
		</KPI>
		<KPI ID="0x00310A01" CNDescribe="服务器域名或IP地址">
			<Statistics Model="SPProperty" PropertyID="249" StatTypeID="29" ValueType="1"/>
			<UKMerge Algorithm="Add"/>
		</KPI>
		<KPI ID="0x00310A02" CNDescribe="所测试的业务类型">
			<Statistics Model="SPProperty" PropertyID="318"/>
			<UKMerge Algorithm="Add"/>
		</KPI>
		<KPI ID="0x00310A03" CNDescribe="DNS解析出的IP地址">
			<Statistics Model="SPProperty" PropertyID="321" ValueType="1"/>
			<UKMerge Algorithm="Add"/>
		</KPI>
		<KPI ID="0x00310A04" CNDescribe="DNS要解析的域名">
			<Statistics Model="SPProperty" PropertyID="322" ValueType="1"/>
			<UKMerge Algorithm="Add"/>
		</KPI>
		<!--SMS-->
		<KPI ID="0x00310B00" CNDescribe="短信发送时延">
			<Statistics Model="SPDelay" DelayID="11" DelayType="3" Scale="0.001"/>
			<UKMerge Algorithm="Average" Relevance="0x00300001"/>
		</KPI>
		<KPI ID="0x00310B01" CNDescribe="短息接收时延">
			<Statistics Model="SPDelay" DelayID="12" DelayType="3" Scale="0.001"/>
			<UKMerge Algorithm="Average" Relevance="0x00300001"/>
		</KPI>
		<KPI ID="0x00310B02" CNDescribe="短息端到端时延">
			<Statistics Model="SPDelay" DelayID="13" DelayType="1" Scale="0.001"/>
			<UKMerge Algorithm="Average" Relevance="0x00300001"/>
		</KPI>
		<!--虚拟软切换-->
		<KPI ID="0x00310C00" CNDescribe="虚拟软切换时延">
			<Statistics Model="SPDelay" DelayID="22" DelayType="3" Scale="0.001"/>
			<UKMerge Algorithm="Average" Relevance="0x00300001"/>
		</KPI>
		<!--QChat-->
		<KPI ID="0x00310D00" CNDescribe="QChat起始呼叫时延">
			<Statistics Model="SPDelay" DelayID="27"/>
			<UKMerge Algorithm="Average" Relevance="0x00300001"/>
		</KPI>
		<KPI ID="0x00310D01" CNDescribe="QChat主叫建立连接时延">
			<Statistics Model="SPDelay" DelayID="30"/>
			<UKMerge Algorithm="Average" Relevance="0x00300001"/>
		</KPI>
		<KPI ID="0x00310D02" CNDescribe="QChat主叫前向捕获时延">
			<Statistics Model="SPDelay" DelayID="31"/>
			<UKMerge Algorithm="Average" Relevance="0x00300001"/>
		</KPI>
		<KPI ID="0x00310D03" CNDescribe="QChat主叫反向捕获时延">
			<Statistics Model="SPDelay" DelayID="32"/>
			<UKMerge Algorithm="Average" Relevance="0x00300001"/>
		</KPI>
		<KPI ID="0x00310D04" CNDescribe="QChat被叫建立连接时延">
			<Statistics Model="SPDelay" DelayID="33"/>
			<UKMerge Algorithm="Average" Relevance="0x00300001"/>
		</KPI>
		<KPI ID="0x00310D05" CNDescribe="QChat被叫前向捕获时延">
			<Statistics Model="SPDelay" DelayID="34"/>
			<UKMerge Algorithm="Average" Relevance="0x00300001"/>
		</KPI>
		<KPI ID="0x00310D06" CNDescribe="QChat被叫反向捕获时延">
			<Statistics Model="SPDelay" DelayID="35"/>
			<UKMerge Algorithm="Average" Relevance="0x00300001"/>
		</KPI>
		<!--VOIP-->
		<KPI ID="0x00310E00" CNDescribe="VOIP登录服务器时延">
			<Statistics Model="SPDelay" DelayID="36" DelayType="3" Scale="0.001"/>
			<UKMerge Algorithm="Average" Relevance="0x00300001"/>
		</KPI>
		<KPI ID="0x00310E01" CNDescribe="VOIP第一音频接收时延">
			<Statistics Model="SPDelay" DelayID="37" DelayType="3" Scale="0.001"/>
			<UKMerge Algorithm="Average" Relevance="0x00300001"/>
		</KPI>
		<KPI ID="0x00310E02" CNDescribe="VOIP第一视频接收时延">
			<Statistics Model="SPDelay" DelayID="38" DelayType="3" Scale="0.001"/>
			<UKMerge Algorithm="Average" Relevance="0x00300001"/>
		</KPI>
		<KPI ID="0x00310E03" CNDescribe="VOIP接收音频包时延">
			<Statistics Model="SPDelay" DelayID="39" DelayType="3" Scale="0.001"/>
			<UKMerge Algorithm="Average" Relevance="0x00300001"/>
		</KPI>
		<KPI ID="0x00310E04" CNDescribe="VOIP接收视频包时延">
			<Statistics Model="SPDelay" DelayID="40" DelayType="3" Scale="0.001"/>
			<UKMerge Algorithm="Average" Relevance="0x00300001"/>
		</KPI>
		<KPI ID="0x00310E05" CNDescribe="VOIP发送音频包时延">
			<Statistics Model="SPDelay" DelayID="41" DelayType="3" Scale="0.001"/>
			<UKMerge Algorithm="Average" Relevance="0x00300001"/>
		</KPI>
		<KPI ID="0x00310E06" CNDescribe="VOIP发送视频包时延">
			<Statistics Model="SPDelay" DelayID="42" DelayType="3" Scale="0.001"/>
			<UKMerge Algorithm="Average" Relevance="0x00300001"/>
		</KPI>
		<!--SpeedTest-->
		<KPI ID="0x00310F00" CNDescribe="SpeedTest中Ping时延">
			<Statistics Model="SPDelay" DelayID="43" DelayType="3" Scale="0.001"/>
			<UKMerge Algorithm="Average" Relevance="0x00300001"/>
		</KPI>
		<KPI ID="0x00310F01" CNDescribe="下载速度   单位：Kbps">
			<Statistics Model="SPProperty" PropertyID="293"/>
			<UKMerge Algorithm="Average" Relevance="0x00300001"/>
		</KPI>
		<KPI ID="0x00310F02" CNDescribe="上传速度   单位：Kbps">
			<Statistics Model="SPProperty" PropertyID="294"/>
			<UKMerge Algorithm="Average" Relevance="0x00300001"/>
		</KPI>
		<KPI ID="0x00310F03" CNDescribe="国家(结果为字符串)">
			<Statistics Model="SPProperty" PropertyID="295" ValueType="1"/>
			<UKMerge Algorithm="Add"/>
		</KPI>
		<KPI ID="0x00310F04" CNDescribe="城市(结果为字符串)">
			<Statistics Model="SPProperty" PropertyID="296" ValueType="1"/>
			<UKMerge Algorithm="Add"/>
		</KPI>
		<KPI ID="0x00310F05" CNDescribe="服务商(结果为字符串)">
			<Statistics Model="SPProperty" PropertyID="297" ValueType="1"/>
			<UKMerge Algorithm="Add"/>
		</KPI>
		<KPI ID="0x00310F06" CNDescribe="服务器域名或IP地址(字符串)">
			<Statistics Model="SPProperty" PropertyID="298" ValueType="1"/>
			<UKMerge Algorithm="Add"/>
		</KPI>
		<!--FaceBook-->
		<KPI ID="0x00311000" CNDescribe="FaceBook登录时延">
			<Statistics Model="SPDelay" DelayID="44"/>
			<UKMerge Algorithm="Average" Relevance="0x00300001"/>
		</KPI>
		<KPI ID="0x00311001" CNDescribe="消息发送尝试次数">
			<Statistics Model="SPProperty" PropertyID="1024"/>
			<UKMerge Algorithm="Add"/>
		</KPI>
		<KPI ID="0x00311002" CNDescribe="消息发送成功次数">
			<Statistics Model="SPProperty" PropertyID="1025"/>
			<UKMerge Algorithm="Add"/>
		</KPI>
		<KPI ID="0x00311003" CNDescribe="消息发送总时延">
			<Statistics Model="SPProperty" PropertyID="1026" Scale="0.001"/>
			<UKMerge Algorithm="Average" Relevance="0x00300001"/>
		</KPI>
		<KPI ID="0x00311004" CNDescribe="消息发送平均时延">
			<Statistics Model="SPProperty" PropertyID="1027" Scale="0.001"/>
			<UKMerge Algorithm="Average" Relevance="0x00300001"/>
		</KPI>
		<KPI ID="0x00311005" CNDescribe="接收消息尝试次数">
			<Statistics Model="SPProperty" PropertyID="1028"/>
			<UKMerge Algorithm="Add"/>
		</KPI>
		<KPI ID="0x00311006" CNDescribe="接收消息成功次数">
			<Statistics Model="SPProperty" PropertyID="1029"/>
			<UKMerge Algorithm="Add"/>
		</KPI>
		<KPI ID="0x00311007" CNDescribe="接收消息总时延">
			<Statistics Model="SPProperty" PropertyID="1030" Scale="0.001"/>
			<UKMerge Algorithm="Average" Relevance="0x00300001"/>
		</KPI>
		<KPI ID="0x00311008" CNDescribe="接收消息平均时延">
			<Statistics Model="SPProperty" PropertyID="1031" Scale="0.001"/>
			<UKMerge Algorithm="Average" Relevance="0x00300001"/>
		</KPI>
		<KPI ID="0x00311009" CNDescribe="博客发送尝试次数">
			<Statistics Model="SPProperty" PropertyID="1032"/>
			<UKMerge Algorithm="Add"/>
		</KPI>
		<KPI ID="0x0031100A" CNDescribe="博客发送成功次数">
			<Statistics Model="SPProperty" PropertyID="1033"/>
			<UKMerge Algorithm="Add"/>
		</KPI>
		<KPI ID="0x0031100B" CNDescribe="博客发送总时延">
			<Statistics Model="SPProperty" PropertyID="1034" Scale="0.001"/>
			<UKMerge Algorithm="Average" Relevance="0x00300001"/>
		</KPI>
		<KPI ID="0x0031100C" CNDescribe="博客发送平均时延">
			<Statistics Model="SPProperty" PropertyID="1035" Scale="0.001"/>
			<UKMerge Algorithm="Average" Relevance="0x00300001"/>
		</KPI>
		<KPI ID="0x0031100D" CNDescribe="博客接收尝试次数">
			<Statistics Model="SPProperty" PropertyID="1036"/>
			<UKMerge Algorithm="Add"/>
		</KPI>
		<KPI ID="0x0031100E" CNDescribe="博客接收成功次数">
			<Statistics Model="SPProperty" PropertyID="1037"/>
			<UKMerge Algorithm="Add"/>
		</KPI>
		<KPI ID="0x0031100F" CNDescribe="博客接收总时延">
			<Statistics Model="SPProperty" PropertyID="1038" Scale="0.001"/>
			<UKMerge Algorithm="Average" Relevance="0x00300001"/>
		</KPI>
		<KPI ID="0x00311010" CNDescribe="博客接收平均时延">
			<Statistics Model="SPProperty" PropertyID="1039" Scale="0.001"/>
			<UKMerge Algorithm="Average" Relevance="0x00300001"/>
		</KPI>
		<KPI ID="0x00311011" CNDescribe="发送评论尝试次数">
			<Statistics Model="SPProperty" PropertyID="1040"/>
			<UKMerge Algorithm="Add"/>
		</KPI>
		<KPI ID="0x00311012" CNDescribe="发送评论成功次数">
			<Statistics Model="SPProperty" PropertyID="1041"/>
			<UKMerge Algorithm="Add"/>
		</KPI>
		<KPI ID="0x00311013" CNDescribe="发送评论总时延">
			<Statistics Model="SPProperty" PropertyID="1042" Scale="0.001"/>
			<UKMerge Algorithm="Average" Relevance="0x00300001"/>
		</KPI>
		<KPI ID="0x00311014" CNDescribe="发送评论平均时延">
			<Statistics Model="SPProperty" PropertyID="1043" Scale="0.001"/>
			<UKMerge Algorithm="Average" Relevance="0x00300001"/>
		</KPI>
		<KPI ID="0x00311015" CNDescribe="接收评论尝试次数">
			<Statistics Model="SPProperty" PropertyID="1044"/>
			<UKMerge Algorithm="Add"/>
		</KPI>
		<KPI ID="0x00311016" CNDescribe="接收评论成功次数">
			<Statistics Model="SPProperty" PropertyID="1045"/>
			<UKMerge Algorithm="Add"/>
		</KPI>
		<KPI ID="0x00311017" CNDescribe="接收评论总时延">
			<Statistics Model="SPProperty" PropertyID="1046" Scale="0.001"/>
			<UKMerge Algorithm="Average" Relevance="0x00300001"/>
		</KPI>
		<KPI ID="0x00311018" CNDescribe="接收评论平均时延">
			<Statistics Model="SPProperty" PropertyID="1047" Scale="0.001"/>
			<UKMerge Algorithm="Average" Relevance="0x00300001"/>
		</KPI>
		<KPI ID="0x00311019" CNDescribe="上传尝试次数">
			<Statistics Model="SPProperty" PropertyID="1048"/>
			<UKMerge Algorithm="Add"/>
		</KPI>
		<KPI ID="0x0031101A" CNDescribe="上传成功次数">
			<Statistics Model="SPProperty" PropertyID="1049"/>
			<UKMerge Algorithm="Add"/>
		</KPI>
		<KPI ID="0x0031101B" CNDescribe="上传平均速率">
			<Statistics Model="SPProperty" PropertyID="1050"/>
			<UKMerge Algorithm="Average" Relevance="0x00300001"/>
		</KPI>
		<!--CSFB-->
		<KPI ID="0x00311100" CNDescribe="CSFB建立时延">
			<Statistics Model="SPDelay" DelayID="45"/>
			<UKMerge Algorithm="Average" Relevance="0x00300001"/>
		</KPI>
		<KPI ID="0x00311101" CNDescribe="CSFB呼叫时延">
			<Statistics Model="SPDelay" DelayID="46"/>
			<UKMerge Algorithm="Average" Relevance="0x00300001"/>
		</KPI>
		<KPI ID="0x00311102" CNDescribe="CSFB注册时延">
			<Statistics Model="SPDelay" DelayID="47"/>
			<UKMerge Algorithm="Average" Relevance="0x00300001"/>
		</KPI>
		<KPI ID="0x00311103" CNDescribe="CSFB Coverage建立时延">
			<Statistics Model="SPDelay" DelayID="48"/>
			<UKMerge Algorithm="Average" Relevance="0x00300001"/>
		</KPI>
		<!--Microblog-->
		<KPI ID="0x00311200" CNDescribe="微博发评时延，收评论事件中的时延">
			<Statistics Model="SPDelay" DelayID="340" DelayType="3"/>
			<UKMerge Algorithm="Average" Relevance="0x00300001"/>
		</KPI>
		<!--23GHandover-->
		<KPI ID="0x00311300" CNDescribe="23G切换时延">
			<Statistics Model="SPDelay" DelayID="512"/>
			<UKMerge Algorithm="Average" Relevance="0x00300001"/>
		</KPI>
		<KPI ID="0x00311301" CNDescribe="切换前BCCH">
			<Statistics Model="SPProperty" PropertyID="16" StatTypeID="44"/>
			<UKMerge Algorithm="Max"/>
		</KPI>
		<KPI ID="0x00311302" CNDescribe="切换后BCCH">
			<Statistics Model="SPProperty" PropertyID="17" StatTypeID="45"/>
			<UKMerge Algorithm="Max"/>
		</KPI>
		<KPI ID="0x00311303" CNDescribe="切换前BSIC">
			<Statistics Model="SPProperty" PropertyID="38" StatTypeID="49"/>
			<UKMerge Algorithm="Max"/>
		</KPI>
		<KPI ID="0x00311304" CNDescribe="切换后BSIC">
			<Statistics Model="SPProperty" PropertyID="39" StatTypeID="50"/>
			<UKMerge Algorithm="Max"/>
		</KPI>
		<!--TDDLTE测试时延-->
		<KPI ID="0x00311400" CNDescribe="DisconnectToDetach">
			<Statistics Model="SPDelay" DelayID="592"/>
			<UKMerge Algorithm="Average" Relevance="0x00300001"/>
		</KPI>
		<KPI ID="0x00311401" CNDescribe="DetachToAttach">
			<Statistics Model="SPDelay" DelayID="593"/>
			<UKMerge Algorithm="Average" Relevance="0x00300001"/>
		</KPI>
		<KPI ID="0x00311402" CNDescribe="AttachToConnect">
			<Statistics Model="SPDelay" DelayID="594"/>
			<UKMerge Algorithm="Average" Relevance="0x00300001"/>
		</KPI>
		<KPI ID="0x00311403" CNDescribe="DisconnectToConnect">
			<Statistics Model="SPDelay" DelayID="595"/>
			<UKMerge Algorithm="Average" Relevance="0x00300001"/>
		</KPI>
		<!--LTEHandover-->
		<KPI ID="0x00311500" CNDescribe="上行中断时延">
			<Statistics Model="SPDelay" DelayID="596"/>
			<UKMerge Algorithm="Average" Relevance="0x00300001"/>
		</KPI>
		<KPI ID="0x00311501" CNDescribe="下行中断时延">
			<Statistics Model="SPDelay" DelayID="597"/>
			<UKMerge Algorithm="Average" Relevance="0x00300001"/>
		</KPI>
		<KPI ID="0x00311502" CNDescribe="LTE切换用户面时延(PDCP层)">
			<Statistics Model="SPProperty" PropertyID="202" StatTypeID="90" Scale="0.001"/>
			<UKMerge Algorithm="Average" Relevance="0x00300001"/>
		</KPI>
		<KPI ID="0x00311503" CNDescribe="LTE切换用户面时延(MAC层)">
			<Statistics Model="SPProperty" PropertyID="203" StatTypeID="90" Scale="0.001"/>
			<UKMerge Algorithm="Average" Relevance="0x00300001"/>
		</KPI>
		<KPI ID="0x00311504" CNDescribe="LTE切换控制面时延">
			<Statistics Model="SPProperty" PropertyID="57" Scale="0.001"/>
			<UKMerge Algorithm="Average" Relevance="0x00300001"/>
		</KPI>
		<KPI ID="0x00311505" CNDescribe="LTE切换控制面时延（从MR信令算起）">
			<Statistics Model="SPProperty" PropertyID="159" Scale="0.001"/>
			<UKMerge Algorithm="Average" Relevance="0x00300001"/>
		</KPI>
		<KPI ID="0x00311506" CNDescribe="LTE频段间切换的类型">
			<Statistics Model="SPProperty" PropertyID="167"/>
			<UKMerge Algorithm="Add"/>
		</KPI>
		<KPI ID="0x00311507" CNDescribe="是否为异频重选，1表示是异频重选，0表示同频重选">
			<Statistics Model="SPProperty" PropertyID="168"/>
			<UKMerge Algorithm="Add"/>
		</KPI>
		<KPI ID="0x00311508" CNDescribe="LTE切换用户面时延(RLC层)">
			<Statistics Model="SPProperty" PropertyID="51" Scale="0.001"/>
			<UKMerge Algorithm="Average" Relevance="0x00300001"/>
		</KPI>
		<KPI ID="0x00311509" CNDescribe="FDD与TDD互操作，1表示FDD切换到TDD，2表示TDD切换到FDD">
			<Statistics Model="SPProperty" PropertyID="250"/>
			<UKMerge Algorithm="Add"/>
		</KPI>
		<KPI ID="0x0031150A" CNDescribe="LTE Redirection to CDMA2000-HRPD RRC Release事件到LTE to CDMA2000-HRPD Coverage事件之间的时延">
			<Statistics Model="SPProperty" PropertyID="251" Scale="0.001"/>
			<UKMerge Algorithm="Average" Relevance="0x00300001"/>
		</KPI>
		<KPI ID="0x0031150B" CNDescribe="电信规范，LTE与EVDO互操作（重选）的时延">
			<Statistics Model="SPProperty" PropertyID="850" StatTypeID="337" Scale="0.001"/>
			<UKMerge Algorithm="Average" Relevance="0x00300001"/>
		</KPI>
		<!--234GReselect-->
		<KPI ID="0x00311600" CNDescribe="ToFirstSysInfo">
			<Statistics Model="SPDelay" DelayID="768"/>
			<UKMerge Algorithm="Average" Relevance="0x00300001"/>
		</KPI>
		<KPI ID="0x00311601" CNDescribe="FirstSysInfoToFirstRRC">
			<Statistics Model="SPDelay" DelayID="769"/>
			<UKMerge Algorithm="Average" Relevance="0x00300001"/>
		</KPI>
		<KPI ID="0x00311602" CNDescribe="FirstRRCToFirstRAUAccept">
			<Statistics Model="SPDelay" DelayID="770"/>
			<UKMerge Algorithm="Average" Relevance="0x00300001"/>
		</KPI>
		<KPI ID="0x00311603" CNDescribe="ToRAUAccept">
			<Statistics Model="SPDelay" DelayID="771"/>
			<UKMerge Algorithm="Average" Relevance="0x00300001"/>
		</KPI>
		<KPI ID="0x00311604" CNDescribe="重选前BCCH">
			<Statistics Model="SPProperty" PropertyID="16"/>
			<UKMerge Algorithm="Add"/>
		</KPI>
		<KPI ID="0x00311605" CNDescribe="重选后BCCH">
			<Statistics Model="SPProperty" PropertyID="17"/>
			<UKMerge Algorithm="Add"/>
		</KPI>
		<KPI ID="0x00311606" CNDescribe="重选前BSIC">
			<Statistics Model="SPProperty" PropertyID="259"/>
			<UKMerge Algorithm="Add"/>
		</KPI>
		<KPI ID="0x00311607" CNDescribe="重选后BSIC">
			<Statistics Model="SPProperty" PropertyID="260"/>
			<UKMerge Algorithm="Add"/>
		</KPI>
		<KPI ID="0x00311608" CNDescribe="重选前CELLID">
			<Statistics Model="SPProperty" PropertyID="261"/>
			<UKMerge Algorithm="Add"/>
		</KPI>
		<KPI ID="0x00311609" CNDescribe="重选后CELLID">
			<Statistics Model="SPProperty" PropertyID="262"/>
			<UKMerge Algorithm="Add"/>
		</KPI>
		<KPI ID="0x0031160A" CNDescribe="重选前LAC">
			<Statistics Model="SPProperty" PropertyID="263"/>
			<UKMerge Algorithm="Add"/>
		</KPI>
		<KPI ID="0x0031160B" CNDescribe="重选后LAC">
			<Statistics Model="SPProperty" PropertyID="264"/>
			<UKMerge Algorithm="Add"/>
		</KPI>
		<!--PBM-->
		<KPI ID="0x00311700" CNDescribe="下行带宽">
			<Statistics Model="SPProperty" PropertyID="2048" Scale="0.000125"/>
			<UKMerge Algorithm="Average" Relevance="0x00300001"/>
		</KPI>
		<KPI ID="0x00311701" CNDescribe="下行带宽最大值">
			<Statistics Model="SPProperty" PropertyID="2049" Scale="0.000125"/>
			<UKMerge Algorithm="Max"/>
		</KPI>
		<KPI ID="0x00311702" CNDescribe="下行带宽最小值">
			<Statistics Model="SPProperty" PropertyID="2050" Scale="0.000125"/>
			<UKMerge Algorithm="Min"/>
		</KPI>
		<KPI ID="0x00311703" CNDescribe="下行时延">
			<Statistics Model="SPProperty" PropertyID="2051" Scale="0.001"/>
			<UKMerge Algorithm="Average" Relevance="0x00300001"/>
		</KPI>
		<KPI ID="0x00311704" CNDescribe="下行包数">
			<Statistics Model="SPProperty" PropertyID="2052"/>
			<UKMerge Algorithm="Add"/>
		</KPI>
		<KPI ID="0x00311705" CNDescribe="下行丢包数">
			<Statistics Model="SPProperty" PropertyID="2053"/>
			<UKMerge Algorithm="Add"/>
		</KPI>
		<!--KPI ID="0x00311706" CNDescribe="下行丢包率">
			<Statistics Model="SPProperty" PropertyID="2054"/>
			<UKMerge Algorithm="Ratio" Member="0x00311705" Denominator="0x00311704"/>
		</KPI-->
		<KPI ID="0x00311707" CNDescribe="下行包间隔">
			<Statistics Model="SPProperty" PropertyID="2055" Scale="0.001"/>
			<UKMerge Algorithm="Average" Relevance="0x00300001"/>
		</KPI>
		<KPI ID="0x00311708" CNDescribe="上行带宽">
			<Statistics Model="SPProperty" PropertyID="2056" Scale="0.000125"/>
			<UKMerge Algorithm="Average" Relevance="0x00300001"/>
		</KPI>
		<KPI ID="0x00311709" CNDescribe="上行带宽最大值">
			<Statistics Model="SPProperty" PropertyID="2057" Scale="0.000125"/>
			<UKMerge Algorithm="Max"/>
		</KPI>
		<KPI ID="0x0031170A" CNDescribe="上行带宽最小值">
			<Statistics Model="SPProperty" PropertyID="2058" Scale="0.000125"/>
			<UKMerge Algorithm="Min"/>
		</KPI>
		<KPI ID="0x0031170B" CNDescribe="上行时延">
			<Statistics Model="SPProperty" PropertyID="2059" Scale="0.001"/>
			<UKMerge Algorithm="Average" Relevance="0x00300001"/>
		</KPI>
		<KPI ID="0x0031170C" CNDescribe="上行包数">
			<Statistics Model="SPProperty" PropertyID="2060"/>
			<UKMerge Algorithm="Add"/>
		</KPI>
		<KPI ID="0x0031170D" CNDescribe="上行丢包数">
			<Statistics Model="SPProperty" PropertyID="2061"/>
			<UKMerge Algorithm="Add"/>
		</KPI>
		<!--KPI ID="0x0031170E" CNDescribe="上行丢包率">
			<Statistics Model="SPProperty" PropertyID="2062"/>
			<UKMerge Algorithm="Ratio" Member="0x0031170D" Denominator="0x0031170C"/>
		</KPI-->
		<KPI ID="0x0031170F" CNDescribe="上行包间隔">
			<Statistics Model="SPProperty" PropertyID="2063" Scale="0.001"/>
			<UKMerge Algorithm="Average" Relevance="0x00300001"/>
		</KPI>
		<KPI ID="0x00311710" CNDescribe="服务器时延">
			<Statistics Model="SPProperty" PropertyID="2064" Scale="0.001"/>
			<UKMerge Algorithm="Average" Relevance="0x00300001"/>
		</KPI>
		<KPI ID="0x00311711" CNDescribe="往返时延">
			<Statistics Model="SPProperty" PropertyID="2065" Scale="0.001"/>
			<UKMerge Algorithm="Average" Relevance="0x00300001"/>
		</KPI>
		<KPI ID="0x00311712" CNDescribe="失败的原因码">
			<Statistics Model="SPProperty" PropertyID="2066"/>
			<UKMerge Algorithm="Add"/>
		</KPI>
		<!--Handover-->
		<KPI ID="0x00311800" CNDescribe="切换结束时的激活集个数，用于计算软件换比例">
			<Statistics Model="SPProperty" PropertyID="4"/>
			<UKMerge Algorithm="Add"/>
		</KPI>
		<KPI ID="0x00311801" CNDescribe="描述软切换的PSC变化情况(结果为字符串)">
			<Statistics Model="SPProperty" PropertyID="244" ValueType="1"/>
			<UKMerge Algorithm="Add"/>
		</KPI>
		<KPI ID="0x00311802" CNDescribe="WCDMA软切换的类型：0:Addition,1:Removal,2:Replacement">
			<Statistics Model="SPProperty" PropertyID="255"/>
			<UKMerge Algorithm="Add"/>
		</KPI>
		<KPI ID="0x00311803" CNDescribe="切换前测量报告到切换请求的时延">
			<Statistics Model="SPProperty" PropertyID="2313" StatTypeID="770" Scale="0.001"/>
			<UKMerge Algorithm="Average" Relevance="0x00300001"/>
		</KPI>
		<KPI ID="0x00311804" CNDescribe="切换请求到HandoverCommand的时延">
			<Statistics Model="SPProperty" PropertyID="2314" StatTypeID="770" Scale="0.001"/>
			<UKMerge Algorithm="Average" Relevance="0x00300001"/>
		</KPI>
		<KPI ID="0x00311805" CNDescribe="HandoverCommand到切换完成的时延">
			<Statistics Model="SPProperty" PropertyID="2315" StatTypeID="770" Scale="0.001"/>
			<UKMerge Algorithm="Average" Relevance="0x00300001"/>
		</KPI>
		<!--LocationUpdate-->
		<KPI ID="0x00311900" CNDescribe="记录本次路位置更新的网络变化">
			<Statistics Model="SPProperty" PropertyID="2"/>
			<UKMerge Algorithm="Add"/>
		</KPI>
		<!--LTE Connect-->
		<KPI ID="0x00311A00" CNDescribe="LTE Connect后所测试的业务类型">
			<Statistics Model="SPProperty" PropertyID="318"/>
			<UKMerge Algorithm="Add"/>
		</KPI>
		<!--单个应用层业务发生的信令层业务统计-->
		<KPI ID="0x00311B00" CNDescribe="一次运用层业务过程期间发生的所有类型的切换请求次数">
			<Statistics Model="SPProperty" PropertyID="32" StatTypeID="1"/>
			<UKMerge Algorithm="Add"/>
		</KPI>
		<KPI ID="0x00311B01" CNDescribe="一次运用层业务过程期间发生的所有类型的切换请求次数">
			<Statistics Model="SPProperty" PropertyID="33" StatTypeID="1"/>
			<UKMerge Algorithm="Add"/>
		</KPI>
		<!--PSToCSHandover-->
		<KPI ID="0x00311C01" CNDescribe="切换前测量报告到切换请求的时延，单位：毫秒">
			<Statistics Model="SPProperty" PropertyID="2313" StatTypeID="770" Scale="0.001"/>
			<UKMerge Algorithm="Average" Relevance="0x00300001"/>
		</KPI>
		<KPI ID="0x00311C02" CNDescribe="切换前测量报告到切换请求的时延，单位：毫秒">
			<Statistics Model="SPProperty" PropertyID="2314" StatTypeID="770" Scale="0.001"/>
			<UKMerge Algorithm="Average" Relevance="0x00300001"/>
		</KPI>
		<KPI ID="0x00311C03" CNDescribe="切换前测量报告到切换请求的时延，单位：毫秒">
			<Statistics Model="SPProperty" PropertyID="2315" StatTypeID="770" Scale="0.001"/>
			<UKMerge Algorithm="Average" Relevance="0x00300001"/>
		</KPI>
		<KPI ID="0x00311C04" CNDescribe="切换前测量报告到切换请求的时延，单位：毫秒">
			<Statistics Model="SPProperty" PropertyID="17" />
			<UKMerge Algorithm="Average" Relevance="0x00300001"/>
		</KPI>
		<KPI ID="0x00311C05" CNDescribe="切换前测量报告到切换请求的时延，单位：毫秒">
			<Statistics Model="SPProperty" PropertyID="39" />
			<UKMerge Algorithm="Average" Relevance="0x00300001"/>
		</KPI>
		<KPI ID="0x00311C06" CNDescribe="切换前测量报告到切换请求的时延，单位：毫秒">
			<Statistics Model="SPProperty" PropertyID="2318" StatTypeID="770" Scale="0.001"/>
			<UKMerge Algorithm="Average" Relevance="0x00300001"/>
		</KPI>
		<KPI ID="0x00311C07" CNDescribe="切换前测量报告到切换请求的时延，单位：毫秒">
			<Statistics Model="SPProperty" PropertyID="2319" StatTypeID="770" Scale="0.001"/>
			<UKMerge Algorithm="Average" Relevance="0x00300001"/>
		</KPI>
		<KPI ID="0x00311C08" CNDescribe="切换前测量报告到切换请求的时延，单位：毫秒">
			<Statistics Model="SPProperty" PropertyID="2320" StatTypeID="770" Scale="0.001"/>
			<UKMerge Algorithm="Average" Relevance="0x00300001"/>
		</KPI>
		<!--WeCall-->
		<KPI ID="0x00311D01" CNDescribe="响铃时延">
			<Statistics Model="SPProperty" PropertyID="2560" Scale="0.001"/>
			<UKMerge Algorithm="Average" Relevance="0x00300001"/>
		</KPI>
		<KPI ID="0x00311D02" CNDescribe="建立时延">
			<Statistics Model="SPProperty" PropertyID="2561" Scale="0.001"/>
			<UKMerge Algorithm="Average" Relevance="0x00300001"/>
		</KPI>
		<KPI ID="0x00311D03" CNDescribe="通话时长">
			<Statistics Model="SPProperty" PropertyID="2562" Scale="0.001"/>
			<UKMerge Algorithm="Average" Relevance="0x00300001"/>
		</KPI>
		<KPI ID="0x00311D04" CNDescribe="本机IP地址，字符串属性">
			<Statistics Model="SPProperty" PropertyID="312" ValueType="1"/>
			<UKMerge Algorithm="Add"/>
		</KPI>
		<!--Power Test-->
		<KPI ID="0x00311E01" CNDescribe="Attach Delay">
			<Statistics Model="SPProperty" PropertyID="150" Scale="0.001"/>
			<UKMerge Algorithm="Average" Relevance="0x00300001"/>
		</KPI>
		<KPI ID="0x00311E02" CNDescribe="Search Delay">
			<Statistics Model="SPProperty" PropertyID="151" Scale="0.001"/>
			<UKMerge Algorithm="Average" Relevance="0x00300001"/>
		</KPI>
		<!--WeChat-->
		<KPI ID="0x00311F01" CNDescribe="登录结果：0表示失败，1表示成功">
			<Statistics Model="SPProperty" PropertyID="2816"/>
			<UKMerge Algorithm="Average" Relevance="0x00300001"/>
		</KPI>
		<KPI ID="0x00311F02" CNDescribe="登录时延，单位：毫秒">
			<Statistics Model="SPProperty" PropertyID="2817" Scale="0.001"/>
			<UKMerge Algorithm="Average" Relevance="0x00300001"/>
		</KPI>
		<KPI ID="0x00311F03" CNDescribe="退出登录结果：0表示失败，1表示成功">
			<Statistics Model="SPProperty" PropertyID="2818" />
			<UKMerge Algorithm="Average" Relevance="0x00300001"/>
		</KPI>
		<KPI ID="0x00311F04" CNDescribe="退出登录时延，单位：毫秒">
			<Statistics Model="SPProperty" PropertyID="2819" Scale="0.001"/>
			<UKMerge Algorithm="Average" Relevance="0x00300001"/>
		</KPI>
		<KPI ID="0x00311F05" CNDescribe="发送/接收文字信息尝试次数">
			<Statistics Model="SPProperty" PropertyID="2820" />
			<UKMerge Algorithm="Average" Relevance="0x00300001"/>
		</KPI>
		<KPI ID="0x00311F06" CNDescribe="发送/接收文字信息成功次数">
			<Statistics Model="SPProperty" PropertyID="2821" />
			<UKMerge Algorithm="Average" Relevance="0x00300001"/>
		</KPI>
		<KPI ID="0x00311F07" CNDescribe="发送/接收文字信息失败次数">
			<Statistics Model="SPProperty" PropertyID="2822" />
			<UKMerge Algorithm="Average" Relevance="0x00300001"/>
		</KPI>
		<KPI ID="0x00311F08" CNDescribe="发送/接收文字信息总时延，单位：毫秒">
			<Statistics Model="SPProperty" PropertyID="2823" Scale="0.001"/>
			<UKMerge Algorithm="Average" Relevance="0x00300001"/>
		</KPI>
		<KPI ID="0x00311F09" CNDescribe="发送/接收文字信息平均时延，单位：毫秒">
			<Statistics Model="SPProperty" PropertyID="2824" Scale="0.001"/>
			<UKMerge Algorithm="Average" Relevance="0x00300001"/>
		</KPI>
		<KPI ID="0x00311F0A" CNDescribe="发送文字信息端到端总时延，单位：毫秒">
			<Statistics Model="SPProperty" PropertyID="2825" Scale="0.001"/>
			<UKMerge Algorithm="Average" Relevance="0x00300001"/>
		</KPI>
		<KPI ID="0x00311F0B" CNDescribe="发送文字信息端到端平均时延，单位：毫秒">
			<Statistics Model="SPProperty" PropertyID="2826" Scale="0.001"/>
			<UKMerge Algorithm="Average" Relevance="0x00300001"/>
		</KPI>
		<KPI ID="0x00311F0C" CNDescribe="发送/接收图片信息尝试次数">
			<Statistics Model="SPProperty" PropertyID="2832" />
			<UKMerge Algorithm="Average" Relevance="0x00300001"/>
		</KPI>
		<KPI ID="0x00311F0D" CNDescribe="发送/接收图片信息成功次数">
			<Statistics Model="SPProperty" PropertyID="2833" />
			<UKMerge Algorithm="Average" Relevance="0x00300001"/>
		</KPI>
		<KPI ID="0x00311F0E" CNDescribe="发送/接收图片信息失败次数">
			<Statistics Model="SPProperty" PropertyID="2834" />
			<UKMerge Algorithm="Average" Relevance="0x00300001"/>
		</KPI>
		<KPI ID="0x00311F0F" CNDescribe="发送/接收图片信息总时延，单位：毫秒">
			<Statistics Model="SPProperty" PropertyID="2835" Scale="0.001"/>
			<UKMerge Algorithm="Average" Relevance="0x00300001"/>
		</KPI>
		<KPI ID="0x00311F10" CNDescribe="发送/接收图片信息平均时延，单位：毫秒">
			<Statistics Model="SPProperty" PropertyID="2836" Scale="0.001"/>
			<UKMerge Algorithm="Average" Relevance="0x00300001"/>
		</KPI>
		<KPI ID="0x00311F11" CNDescribe="发送图片信息端到端总时延，单位：毫秒">
			<Statistics Model="SPProperty" PropertyID="2837" Scale="0.001"/>
			<UKMerge Algorithm="Average" Relevance="0x00300001"/>
		</KPI>
		<KPI ID="0x00311F12" CNDescribe="发送图片信息端到端平均时延，单位：毫秒">
			<Statistics Model="SPProperty" PropertyID="2838" Scale="0.001"/>
			<UKMerge Algorithm="Average" Relevance="0x00300001"/>
		</KPI>
		<KPI ID="0x00311F13" CNDescribe="发送/接收声音信息尝试次数">
			<Statistics Model="SPProperty" PropertyID="2848" />
			<UKMerge Algorithm="Average" Relevance="0x00300001"/>
		</KPI>
		<KPI ID="0x00311F14" CNDescribe="发送/接收声音信息成功次数">
			<Statistics Model="SPProperty" PropertyID="2849" />
			<UKMerge Algorithm="Average" Relevance="0x00300001"/>
		</KPI>
		<KPI ID="0x00311F15" CNDescribe="发送/接收声音信息失败次数">
			<Statistics Model="SPProperty" PropertyID="2850" />
			<UKMerge Algorithm="Average" Relevance="0x00300001"/>
		</KPI>
		<KPI ID="0x00311F16" CNDescribe="发送/接收声音信息总时延，单位：毫秒">
			<Statistics Model="SPProperty" PropertyID="2851" Scale="0.001"/>
			<UKMerge Algorithm="Average" Relevance="0x00300001"/>
		</KPI>
		<KPI ID="0x00311F17" CNDescribe="发送/接收声音信息平均时延，单位：毫秒">
			<Statistics Model="SPProperty" PropertyID="2852" Scale="0.001"/>
			<UKMerge Algorithm="Average" Relevance="0x00300001"/>
		</KPI>
		<KPI ID="0x00311F18" CNDescribe="发送声音信息端到端总时延，单位：毫秒">
			<Statistics Model="SPProperty" PropertyID="2853" Scale="0.001"/>
			<UKMerge Algorithm="Average" Relevance="0x00300001"/>
		</KPI>
		<KPI ID="0x00311F19" CNDescribe="发送声音信息端到端平均时延，单位：毫秒">
			<Statistics Model="SPProperty" PropertyID="2854" Scale="0.001"/>
			<UKMerge Algorithm="Average" Relevance="0x00300001"/>
		</KPI>
		<KPI ID="0x00311F1A" CNDescribe="刷新朋友圈尝试次数">
			<Statistics Model="SPProperty" PropertyID="2864" />
			<UKMerge Algorithm="Average" Relevance="0x00300001"/>
		</KPI>
		<KPI ID="0x00311F1B" CNDescribe="刷新朋友圈成功次数">
			<Statistics Model="SPProperty" PropertyID="2865" />
			<UKMerge Algorithm="Average" Relevance="0x00300001"/>
		</KPI>
		<KPI ID="0x00311F1C" CNDescribe="刷新朋友圈失败次数">
			<Statistics Model="SPProperty" PropertyID="2866" />
			<UKMerge Algorithm="Average" Relevance="0x00300001"/>
		</KPI>
		<KPI ID="0x00311F1D" CNDescribe="刷新朋友圈总时延，单位：毫秒">
			<Statistics Model="SPProperty" PropertyID="2867" Scale="0.001"/>
			<UKMerge Algorithm="Average" Relevance="0x00300001"/>
		</KPI>
		<KPI ID="0x00311F1E" CNDescribe="刷新朋友圈平均时延，单位：毫秒">
			<Statistics Model="SPProperty" PropertyID="2868" Scale="0.001"/>
			<UKMerge Algorithm="Average" Relevance="0x00300001"/>
		</KPI>
		<KPI ID="0x00311F1F" CNDescribe="声音信息时长，单位：秒">
			<Statistics Model="SPProperty" PropertyID="2880" />
			<UKMerge Algorithm="Average" Relevance="0x00300001"/>
		</KPI>
		<KPI ID="0x00311F20" CNDescribe="登陆失败原因码">
			<Statistics Model="SPProperty" PropertyID="2881" />
			<UKMerge Algorithm="Average" Relevance="0x00300001"/>
		</KPI>
		<KPI ID="0x00311F21" CNDescribe="登陆失败原因描述">
			<Statistics Model="SPProperty" PropertyID="2882" ValueType="1"/>
			<UKMerge Algorithm="Add"/>
		</KPI>
		<KPI ID="0x00311F22" CNDescribe="退出登陆失败原因码">
			<Statistics Model="SPProperty" PropertyID="2883" />
			<UKMerge Algorithm="Average" Relevance="0x00300001"/>
		</KPI>
		<KPI ID="0x00311F23" CNDescribe="退出登陆失败原因描述">
			<Statistics Model="SPProperty" PropertyID="2884" ValueType="1"/>
			<UKMerge Algorithm="Add"/>
		</KPI>
		<!--Iperf-->
		<KPI ID="0x00312001" CNDescribe="Ping测试的往返时间   单位：ms">
			<Statistics Model="SPProperty" PropertyID="298" Scale="0.001"/>
			<UKMerge Algorithm="Average" Relevance="0x00300001"/>
		</KPI>
		<KPI ID="0x00312002" CNDescribe="上行字节总数   单位：KB">
			<Statistics Model="SPProperty" PropertyID="299" />
			<UKMerge Algorithm="Add"/>
		</KPI>
		<KPI ID="0x00312003" CNDescribe="上行平均速率   单位：Kbps">
			<Statistics Model="SPProperty" PropertyID="300" />
			<UKMerge Algorithm="Average" Relevance="0x00300001"/>
		</KPI>
		<KPI ID="0x00312004" CNDescribe="上行包总数">
			<Statistics Model="SPProperty" PropertyID="301" />
			<UKMerge Algorithm="Add"/>
		</KPI>
		<KPI ID="0x00312005" CNDescribe="下行字节总数   单位：KB">
			<Statistics Model="SPProperty" PropertyID="302" />
			<UKMerge Algorithm="Add"/>
		</KPI>
		<KPI ID="0x00312006" CNDescribe="下行平均速率   单位：Kbps">
			<Statistics Model="SPProperty" PropertyID="303" />
			<UKMerge Algorithm="Average" Relevance="0x00300001"/>
		</KPI>
		<KPI ID="0x00312007" CNDescribe="下行包总数">
			<Statistics Model="SPProperty" PropertyID="304" />
			<UKMerge Algorithm="Add"/>
		</KPI>
		<KPI ID="0x00312008" CNDescribe="下行抖动  单位：ms">
			<Statistics Model="SPProperty" PropertyID="305" Scale="0.001" />
			<UKMerge Algorithm="Average" Relevance="0x00300001"/>
		</KPI>
		<KPI ID="0x00312009" CNDescribe="下行丢包数">
			<Statistics Model="SPProperty" PropertyID="306" />
			<UKMerge Algorithm="Add"/>
		</KPI>
		<KPI ID="0x0031200A" CNDescribe="协议类型属性值=0 TCp  属性值=1 UDP">
			<Statistics Model="SPProperty" PropertyID="307" />
			<UKMerge Algorithm="Average" Relevance="0x00300001"/>
		</KPI>
		<KPI ID="0x0031200B" CNDescribe="测试类型0:单测上行 1:单测下行 2:同时测上下行">
			<Statistics Model="SPProperty" PropertyID="308" />
			<UKMerge Algorithm="Average" Relevance="0x00300001"/>
		</KPI>
	</BusinessesKPI>
	<AnalysisKPI ID="0x00400000">
		<!--分析项指标-->
		<!-- 重叠覆盖分析项指标 -->
		<KPI ID="0x00400101" CNDescribe="重叠覆盖点数">
			<Statistics Model="OlSample"/>
			<UKMerge Algorithm="Add"/>
		</KPI>
		<KPI ID="0x00400102" CNDescribe="计算重叠覆盖的总采样点数">
			<Statistics Model="OlTotalSample"/>
			<UKMerge Algorithm="Add"/>
		</KPI>
		<KPI ID="0x00400103" CNDescribe="重叠覆盖总里程">
			<Statistics Model="OlMileage"/>
			<UKMerge Algorithm="Add"/>
		</KPI>
		<KPI ID="0x00400104" CNDescribe="重叠覆盖总时长">
			<Statistics Model="OlTime"/>
			<UKMerge Algorithm="Add"/>
		</KPI>
		<KPI ID="0x00400105" CNDescribe="测试总里程">
			<Statistics Model="OlTotalMileage"/>
			<UKMerge Algorithm="Add"/>
		</KPI>
		<KPI ID="0x00400106" CNDescribe="测试总时长">
			<Statistics Model="OlTotalTime"/>
			<UKMerge Algorithm="Add"/>
		</KPI>
		<!-- 覆盖率分析项KPI -->
		<KPI ID="0x00400401" CNDescribe="覆盖总采样点">
			<Statistics Model="TotalSample"/>
			<UKMerge Algorithm="Add"/>
		</KPI>
		<KPI ID="0x00400402" CNDescribe="覆盖采样点">
			<Statistics Model="CoverageSample"/>
			<UKMerge Algorithm="Add"/>
		</KPI>
		<KPI ID="0x00400403" CNDescribe="采样点覆盖率">
			<Statistics Model="SampleCoverageRate"/>
			<UKMerge Algorithm="Ratio" Member="0x00400402" Denominator="0x00400401"/>
		</KPI>
		<KPI ID="0x00400404" CNDescribe="无覆盖采样点">
			<Statistics Model="DiscoverageSample"/>
			<UKMerge Algorithm="Add"/>
		</KPI>
		<KPI ID="0x00400405" CNDescribe="脱网补偿采样点">
			<Statistics Model="OutOfServiceSample"/>
			<UKMerge Algorithm="Add"/>
		</KPI>
		<KPI ID="0x00400406" CNDescribe="其他运营商网络的采样点">
			<Statistics Model="OtherOperatorSample"/>
			<UKMerge Algorithm="Add"/>
		</KPI>
		<KPI ID="0x00400407" CNDescribe="无覆盖采样点中，不满足用户设定条件的每个字段采样点个数">
			<Statistics Model="DiscoverageParamSample"/>
			<UKMerge Algorithm="Add"/>
		</KPI>
		<KPI ID="0x00400408" CNDescribe="覆盖率分析的总里程">
			<Statistics Model="TotalMileage"/>
			<UKMerge Algorithm="Add"/>
		</KPI>
		<KPI ID="0x00400409" CNDescribe="覆盖里程">
			<Statistics Model="CoverageMileage"/>
			<UKMerge Algorithm="Add"/>
		</KPI>
		<KPI ID="0x0040040A" CNDescribe="里程覆盖率">
			<Statistics Model="MileageCoverageRate"/>
			<UKMerge Algorithm="Ratio" Member="0x00400409" Denominator="0x00400408"/>
		</KPI>
		<KPI ID="0x0040040B" CNDescribe="覆盖率分析的总时长">
			<Statistics Model="TotalTime"/>
			<UKMerge Algorithm="Add"/>
		</KPI>
		<KPI ID="0x0040040C" CNDescribe="覆盖时长">
			<Statistics Model="CoverageTime"/>
			<UKMerge Algorithm="Add"/>
		</KPI>
		<KPI ID="0x0040040D" CNDescribe="时长覆盖率">
			<Statistics Model="TimeCoverageRate"/>
			<UKMerge Algorithm="Ratio" Member="0x0040040C" Denominator="0x0040040B"/>
		</KPI>
		<KPI ID="0x0040040E" CNDescribe="脱网里程">
			<Statistics Model="CoverageOOSMileage"/>
			<UKMerge Algorithm="Add"/>
		</KPI>
		//边缘分析
		<KPI ID="0x00400A01" CNDescribe="边缘分析值">
			<Statistics Model="EdgeValue"/>
			<UKMerge Algorithm=""/>
		</KPI>
		//质差分析项
		<KPI ID="0x00400B01" CNDescribe="质差里程">
			<Statistics Model="QPMileage"/>
			<UKMerge Algorithm="Add"/>
		</KPI>
		<KPI ID="0x00400B02" CNDescribe="总里程">
			<Statistics Model="QPTotalMileage"/>
			<UKMerge Algorithm="Add"/>
		</KPI>
		<KPI ID="0x00400B03" CNDescribe="质差里程占比">
			<Statistics Model="QPMileageRate"/>
			<UKMerge Algorithm="Ratio" Member="0x00400B01" Denominator="0x00400B02"/>
		</KPI>
		<KPI ID="0x00400B04" CNDescribe="质差时长">
			<Statistics Model="QPTime"/>
			<UKMerge Algorithm="Add"/>
		</KPI>
		<KPI ID="0x00400B05" CNDescribe="总时长">
			<Statistics Model="QPTotalTime"/>
			<UKMerge Algorithm="Add"/>
		</KPI>
		<KPI ID="0x00400B06" CNDescribe="质差时长占比">
			<Statistics Model="QPTimeRate"/>
			<UKMerge Algorithm="Ratio" Member="0x00400B04" Denominator="0x00400B05"/>
		</KPI>
		<KPI ID="0x00400B07" CNDescribe="质差采样点">
			<Statistics Model="QPSample"/>
			<UKMerge Algorithm="Add"/>
		</KPI>
		<KPI ID="0x00400B08" CNDescribe="总采样点">
			<Statistics Model="QPTotalSample"/>
			<UKMerge Algorithm="Add"/>
		</KPI>
		<KPI ID="0x00400B09" CNDescribe="质差采样点占比">
			<Statistics Model="QPSampleRate"/>
			<UKMerge Algorithm="Ratio" Member="0x00400B07" Denominator="0x00400B08"/>
		</KPI>
		<KPI ID="0x00400B0A" CNDescribe="质差段数">
			<Statistics Model="QPSection"/>
			<UKMerge Algorithm="Add"/>
		</KPI>
		<KPI ID="0x00400B0B" CNDescribe="总段数">
			<Statistics Model="QPTotalSection"/>
			<UKMerge Algorithm="Add"/>
		</KPI>
		<KPI ID="0x00400B0C" CNDescribe="质差段数占比">
			<Statistics Model="QPSectionRate"/>
			<UKMerge Algorithm="Ratio" Member="0x00400B0A" Denominator="0x00400B0B"/>
		</KPI>
		<!-- Mod3分析项指标 -->
		<KPI ID="0x00400C01" CNDescribe="Mod3采样点个数">
			<Statistics Model="Mod3Sample"/>
			<UKMerge Algorithm="Add"/>
		</KPI>
		<KPI ID="0x00400C02" CNDescribe="Mod6采样点个数">
			<Statistics Model="Mod6Sample"/>
			<UKMerge Algorithm="Add"/>
		</KPI>
		<KPI ID="0x00400C03" CNDescribe="Mod30采样点个数">
			<Statistics Model="Mod30Sample"/>
			<UKMerge Algorithm="Add"/>
		</KPI>
		<KPI ID="0x00400C04" CNDescribe="Mod计算的采样点总个数">
			<Statistics Model="ModTotalSample"/>
			<UKMerge Algorithm="Add"/>
		</KPI>
		<!-- 过覆盖分析项指标 -->
		<KPI ID="0x00400E01" CNDescribe="过覆盖分析的栅格总数">
			<Statistics Model="OverlayTotalSample"/>
			<UKMerge Algorithm="Add"/>
		</KPI>
		<KPI ID="0x00400E02" CNDescribe="满足过覆盖条件的栅格数">
			<Statistics Model="OverlaySample"/>
			<UKMerge Algorithm="Add"/>
		</KPI>
		<!-- 切换专题分析项指标 -->
		<KPI ID="0x00400901" CNDescribe="频繁切换次数">
			<Statistics Model="FrequentHandOver"/>
			<UKMerge Algorithm="Add"/>
		</KPI>
		<KPI ID="0x00400902" CNDescribe="乒乓切换">
			<Statistics Model="PingPongHandOver"/>
			<UKMerge Algorithm="Add"/>
		</KPI>
		<KPI ID="0x00400903" CNDescribe="迟滞切换">
			<Statistics Model="HysteresisHandOver"/>
			<UKMerge Algorithm="Add"/>
		</KPI>
		//导频污染分析项
		<KPI ID="0x00400F01" CNDescribe="导频污染总栅格数">
			<Statistics Model="PPTotalSample"/>
			<UKMerge Algorithm="Add"/>
		</KPI>
		<KPI ID="0x00400F02" CNDescribe="导频污染栅格数">
			<Statistics Model="PPSample"/>
			<UKMerge Algorithm="Add"/>
		</KPI>
		<KPI ID="0x00400F03" CNDescribe="导频污染占比">
			<Statistics Model="PPRate"/>
			<UKMerge Algorithm="Ratio" Member="0x00400F02" Denominator="0x00400F01"/>
		</KPI>
		//小区统计分析项
		<KPI ID="0x00401201" CNDescribe="小区个数">
			<Statistics Model="CSCellCount"/>
			<UKMerge Algorithm="Add"/>
		</KPI>
	</AnalysisKPI>
	<UKAlgorithms>
		<Algorithm Type="Add" CNDescribe="相加">
			<SQLs>
				<!--例如：Attach "D:\DB_Test\BBB.db" as B_DB;Attach "D:\DB_Test\CCC.db" as C_DB;-->
				<Item SQL="Attach ? as ?"/>
				<!--例如：Insert Or Replace Into TotalKPI(KPIID, Code, ConditionID, SceneID, Value) Values(1048575, 0, 0, 0, (Select B_DB.TotalKPI.Value + C_DB.TotalKPI.Value XValue from B_DB.TotalKPI, C_DB.TotalKPI Where B_DB.TotalKPI.KPIID = C_DB.TotalKPI.KPIID And B_DB.TotalKPI.KPIID = 1048575))-->
				<Item SQL="Insert Or Replace Into TotalKPI(KPIID, Code, ConditionID, SceneID, Value) Values(?, ?, ?, ?, (Select ?.TotalKPI.Value + ?.TotalKPI.Value  XValue from ?.TotalKPI, ?.TotalKPI Where ?.TotalKPI.KPIID = ?.TotalKPI.KPIID And ?.TotalKPI.KPIID = ?))"/>
				<!--例如：Detach B_DB;Detach C_DB;-->
				<Item SQL="Detach ?"/>
			</SQLs>
		</Algorithm>
		<Algorithm Type="Append" CNDescribe="追加">
			<SQLs>
				<!--例如：Attach "D:\DB_Test\BBB.db" as B_DB-->
				<Item SQL="Attach ? as ?"/>
				<Item SQL="Begin transaction"/>
				<Item SQL="Insert Into ? Select * from ?.?"/>
				<Item SQL="End transaction"/>
				<!--例如：Detach B_DB-->
				<Item SQL="Detach ?"/>
			</SQLs>
		</Algorithm>
		<Algorithm Type="Max" CNDescribe="比较取最大">
			<SQLs>
				<!--例如：Attach "D:\DB_Test\BBB.db" as B_DB;Attach "D:\DB_Test\CCC.db" as C_DB;-->
				<Item SQL="Attach ? as ?"/>
				<!--例如：Insert Or Replace Into TotalKPI(KPIID, Code, ConditionID, SceneID, Value) Values(1048575, 0, 0, 0, (Select Max(B_DB.TotalKPI.Value, C_DB.TotalKPI.Value) XValue from B_DB.TotalKPI, C_DB.TotalKPI Where B_DB.TotalKPI.KPIID = C_DB.TotalKPI.KPIID And B_DB.TotalKPI.KPIID = 1048575))-->
				<Item SQL="Insert Or Replace Into TotalKPI(KPIID, Code, ConditionID, SceneID, Value) Values(?, ?, ?, ?, (Select Max(?.TotalKPI.Value, ?.TotalKPI.Value)  XValue from ?.TotalKPI, ?.TotalKPI Where ?.TotalKPI.KPIID = ?.TotalKPI.KPIID And ?.TotalKPI.KPIID = ?))"/>
				<!--例如：Detach B_DB;Detach C_DB;-->
				<Item SQL="Detach ?"/>
			</SQLs>
		</Algorithm>
		<Algorithm Type="Min" CNDescribe="比较取最小">
			<SQLs>
				<!--例如：Attach "D:\DB_Test\BBB.db" as B_DB;Attach "D:\DB_Test\CCC.db" as C_DB;-->
				<Item SQL="Attach ? as ?"/>
				<!--例如：Insert Or Replace Into TotalKPI(KPIID, Code, ConditionID, SceneID, Value) Values(1048575, 0, 0, 0, (Select Min(B_DB.TotalKPI.Value, C_DB.TotalKPI.Value) XValue from B_DB.TotalKPI, C_DB.TotalKPI Where B_DB.TotalKPI.KPIID = C_DB.TotalKPI.KPIID And B_DB.TotalKPI.KPIID = 1048575))-->
				<Item SQL="Insert Or Replace Into TotalKPI(KPIID, Code, ConditionID, SceneID, Value) Values(?, ?, ?, ?, (Select Min(?.TotalKPI.Value, ?.TotalKPI.Value)  XValue from ?.TotalKPI, ?.TotalKPI Where ?.TotalKPI.KPIID = ?.TotalKPI.KPIID And ?.TotalKPI.KPIID = ?))"/>
				<!--例如：Detach B_DB;Detach C_DB;-->
				<Item SQL="Detach ?"/>
			</SQLs>
		</Algorithm>
		<Algorithm Type="Ratio" CNDescribe="占比">
			<SQLs>
				<Item SQL=""/>
			</SQLs>
		</Algorithm>
		<Algorithm Type="Average" CNDescribe="平均值">
			<SQLs>
				<Item SQL=""/>
			</SQLs>
		</Algorithm>
		<Algorithm Type="Variance" CNDescribe="方差">
			<SQLs>
				<Item SQL=""/>
			</SQLs>
		</Algorithm>
	</UKAlgorithms>
	<KPIGroup>
		<Group ID="0x00100000" Name="基础指标" />
		<Group ID="0x00200000" Name="参数指标（基础指标）" />
		<Group ID="0x00300000" Name="业务指标（基础指标）" />
		<Group ID="0x00300100" Name="业务指标（语音类通用指标）" />
		<Group ID="0x00300200" Name="业务指标 （数据通用指标）" />
		<Group ID="0x00310000" Name="业务特定指标 （PPP）" />
		<Group ID="0x00310100" Name="业务特定指标（FTP Download）" />
		<Group ID="0x00310200" Name="业务特定指标（FTP Upload）" />
		<Group ID="0x00310300" Name="业务特定指标（MMS 彩信）" />
		<Group ID="0x00310400" Name="业务特定指标（Ping）" />
		<Group ID="0x00310500" Name="业务特定指标（Http page/Http Down）" />
		<Group ID="0x00310600" Name="业务特定指标（WapPage/Down）" />
		<Group ID="0x00310700" Name="业务特定指标（VS 视频流）" />
		<Group ID="0x00310800" Name="业务特定指标（VedioTelephone 视频电话）" />
		<Group ID="0x00310900" Name="业务特定指标（PDP）" />
		<Group ID="0x00310A00" Name="业务特定指标（DNSLookup）" />
		<Group ID="0x00310B00" Name="业务特定指标（SMS 短信）" />
		<Group ID="0x00310C00" Name="业务特定指标（虚拟软切换）" />
		<Group ID="0x00310D00" Name="业务特定指标（QChat）" />
		<Group ID="0x00310E00" Name="业务特定指标（VOIP）" />
		<Group ID="0x00310F00" Name="业务特定指标（SpeedTest）" />
		<Group ID="0x00311000" Name="业务特定指标（FaceBook）" />
		<Group ID="0x00311100" Name="业务特定指标（CSFB）" />
		<Group ID="0x00311200" Name="业务特定指标（Microblog）" />
		<Group ID="0x00311300" Name="业务特定指标（23GHandover）" />
		<Group ID="0x00311400" Name="业务特定指标（TDDLTE测试时延）" />
		<Group ID="0x00311500" Name="业务特定指标（LTEHandover）" />
		<Group ID="0x00311600" Name="业务特定指标（34GReselect）" />
		<Group ID="0x00311700" Name="业务特定指标（PBM）" />
		<Group ID="0x00311800" Name="业务特定指标（Handover）" />
		<Group ID="0x00311900" Name="业务特定指标（LocationUpdate）" />
		<Group ID="0x00311A00" Name="业务特定指标（LTE Connect）" />
		<Group ID="0x00311B00" Name="业务特定指标（单个应用层业务发生的信令层业务统计）" />
		<Group ID="0x00311C00" Name="业务特定指标（PSToCSHandover）" />
		<Group ID="0x00311D00" Name="业务特定指标（WeCall）"/>
		<Group ID="0x00311E00" Name="业务特定指标（Power Test）"/>
		<Group ID="0x00311F00" Name="业务特定指标（WeChat）"/>
		<Group ID="0x00312000" Name="业务特定指标（Iperf）"/>
		
		<Group ID="0x00400000" Name="分析指标（基础指标）" />
		<Group ID="0x00400100" Name="重叠覆盖分析指标" />
		<Group ID="0x00400200" Name="自定义事件分析指标" />
		<Group ID="0x00400300" Name="导频污染分析指标" />
		<Group ID="0x00400400" Name="覆盖率分析指标" />
		<Group ID="0x00400500" Name="时延分析指标" />
		<Group ID="0x00400900" Name="切换专题分析指标" />
		<Group ID="0x00400A00" Name="边缘分析" />
		<Group ID="0x00400B00" Name="质差分析" />
		<Group ID="0x00400C00" Name="Mod3/6/30分析" />
		<Group ID="0x00400D00" Name="CSFB异常分析" />
		<Group ID="0x00400E00" Name="过覆盖分析" />
		<Group ID="0x00400F00" Name="导频污染分析" />
		<Group ID="0x00401200" Name="小区统计分析" />
		<Group ID="0x00401300" Name="天馈线接反分析" />
		<Group ID="0x00401400" Name="小PN分析" />
		<Group ID="0x00410000" Name="覆盖图数据分析" />
		<Group ID="0x00410100" Name="bin详情数据导出" />
	</KPIGroup>
</KPIConfig>
