﻿<?xml version="1.0"?>
<Library>
	<!-- 通用报表 -->
	<Item Id="0x11301,0x11302,0x11303,0x11304,0x11305" Report="CQTReport" Name="ValueAddedReport.dll" CreateConditionProc="CreateCQTReportRequest_MultiTask" CreateConditionContainerProc="CreateConditionContainer" FillReportProc="CreateCQTReportFill_MultiTask"/>
	<Item Id="0x11321" Report="VOIPReport" Name="ValueAddedReport.dll" CreateConditionProc="CreateVOIPReportRequest" CreateConditionContainerProc="CreateConditionContainer" FillReportProc="CreateVOIPReportFill"/>
	<Item Id="0x11322" Report="IperfReport" Name="ValueAddedReport.dll" CreateConditionProc="CreateIperfReportRequest" CreateConditionContainerProc="CreateConditionContainer" FillReportProc="CreateIperfReportFill"/>
	<Item Id="0x11323" Report="SpeedTestReport" Name="ValueAddedReport.dll" CreateConditionProc="CreateSpeedTestReportRequest" CreateConditionContainerProc="CreateConditionContainer" FillReportProc="CreateSpeedTestReportFill"/>
	<Item Id="0x11324" Report="SMSMMSReport" Name="ValueAddedReport.dll" CreateConditionProc="CreateSMSMMSReportRequest" CreateConditionContainerProc="CreateConditionContainer" FillReportProc="CreateSMSMMSReportFill"/>
	<Item Id="0x11101,0x11102,0x11103,0x11104,0x11105" Report="DataReport" Name="DataServiceReport.dll" CreateConditionProc="CreateReportRequest_MultiTask" CreateConditionContainerProc="CreateConditionContainer" FillReportProc="CreateReport_MultiTask"/>
	<Item Id="0x11201,0x11202,0x11203,0x11204,0x11205" Report="EvaluateReport" Name="VoiceServiceReport.dll" CreateConditionProc="CreateReportRequest_MultiTask" CreateConditionContainerProc="CreateConditionContainer" FillReportProc="CreateReport_MultiTask"/>
	<Item Id="0x11211,0x11212,0x11213,0x11214,0x11215" Report="MOMTReport" Name="VoiceServiceReport.dll" CreateConditionProc="CreateReportRequest_MultiTask" CreateConditionContainerProc="CreateConditionContainer" FillReportProc="CreateReport_MultiTask"/>
	<Item Id="0x11223,0x11224" Report="VideoPhoneReport" Name="VoiceServiceReport.dll" CreateConditionProc="CreateReportRequest_MultiTask" CreateConditionContainerProc="CreateConditionContainer" FillReportProc="CreateReport_MultiTask"/>
	<!-- 联通报表 -->
	<Item Id="0x13101" Report="UnicomMergeReport" Name="ChinaUnicomReport.dll" CreateConditionProc="CreateUnicomMergeReportRequest_MultiTask" CreateConditionContainerProc="CreateConditionContainer" FillReportProc="CreateUnicomMergeReportFill_MultiTask"/>
	<Item Report="UnicomScannerReport" Name="ChinaUnicomReport.dll" Proc="CreateUnicomScannerReportRequest"/>
	<Item Id="0x13104" Report="UnicomSimpleReport" Name="ChinaUnicomReport.dll" CreateConditionProc="CreateUnicomSimpleReportRequest_MultiTask" CreateConditionContainerProc="CreateConditionContainer" FillReportProc="CreateUnicomSimpleReportFill_MultiTask"/>
	<Item Id="0x13105" Report="UnicomSimple2012Report" Name="ChinaUnicomReport.dll" CreateConditionProc="CreateUnicomSimple2012ReportRequest_MultiTask" CreateConditionContainerProc="CreateConditionContainer" FillReportProc="CreateUnicomSimple2012ReportFill_MultiTask"/>
	<Item Id="0x13106" Report="UnicomInspection2011Report" Name="ChinaUnicomReport.dll" CreateConditionProc="CreateUnicomInspection2011ReportRequest_MultiTask" CreateConditionContainerProc="CreateConditionContainer" FillReportProc="CreateUnicomInspection2011ReportFill_MultiTask"/>
	<Item Id="0x13107" Report="UnicomInspection2012Report" Name="ChinaUnicomReport.dll" CreateConditionProc="CreateUnicomInspection2012ReportRequest_MultiTask" CreateConditionContainerProc="CreateConditionContainer" FillReportProc="CreateUnicomInspection2012ReportFill_MultiTask"/>
	<Item Id="0x13109" Report="UnicomHighRailwayReport" Name="ExportRcuData.dll" CreateConditionProc="CreateUnicomHighRailwayRequest_MultiTask" CreateConditionContainerProc="CreateExportConditionContainer_MultiTask" FillReportProc="CreateUnicomHighRailwayFill_MultiTask"/>
	<Item Id="0x1310A" Report="UnicomEvaluateAEReport" Name="ChinaUnicomReport.dll" CreateConditionProc="CreateUnicomEvaluateAEReportRequest_MultiTask" CreateConditionContainerProc="CreateConditionContainer" FillReportProc="CreateUnicomEvaluateAEReportFill_MultiTask"/>
	<Item Id="0x1310B" Report="UnicomForOverseasReport" Name="ChinaUnicomReport.dll" CreateConditionProc="CreateUnicomForOverseasReportRequest_MultiTask" CreateConditionContainerProc="CreateConditionContainer" FillReportProc="CreateUnicomForOverseasReportFill_MultiTask"/>
	<Item Id="0x1310C" Report="UnicomCQTReport" Name="ChinaUnicomReport.dll" CreateConditionProc="CreateUnicomCQTReportRequest_MultiTask" CreateConditionContainerProc="CreateConditionContainer" FillReportProc="CreateUnicomCQTReportFill_MultiTask"/>
	<Item Id="0x1310D" Report="ChinaUnicomReportRequest" Name="ChinaUnicomReport.dll" CreateConditionProc="GetChinaUnicomReportRequest_MultiTask" CreateConditionContainerProc="CreateConditionContainer" FillReportProc="ChinaUnicomReportFill_MultiTask"/>
	<Item Id="0x1310E" Report="UnicomDetailedDT1Report" Name="ChinaUnicomReport.dll" CreateConditionProc="CreateUnicomDetailedDT1ReportRequest_MultiTask" CreateConditionContainerProc="CreateConditionContainer" FillReportProc="CreateUnicomDetailedDT1ReportFill_MultiTask"/>
	<Item Id="0x1310F" Report="UnicomDetailedDT2Report" Name="ChinaUnicomReport.dll" CreateConditionProc="CreateUnicomDetailedDT2ReportRequest_MultiTask" CreateConditionContainerProc="CreateConditionContainer" FillReportProc="CreateUnicomDetailedDT2ReportFill_MultiTask"/>
	<Item Id="0x13110" Report="UnicomDetailedDT3Report" Name="ChinaUnicomReport.dll" CreateConditionProc="CreateUnicomDetailedDT3ReportRequest_MultiTask" CreateConditionContainerProc="CreateConditionContainer" FillReportProc="CreateUnicomDetailedDT3ReportFill_MultiTask"/>
	<Item Id="0x13111" Report="UnicomDetailedDT4Report" Name="ChinaUnicomReport.dll" CreateConditionProc="CreateUnicomDetailedDT4ReportRequest_MultiTask" CreateConditionContainerProc="CreateConditionContainer" FillReportProc="CreateUnicomDetailedDT4ReportFill_MultiTask"/>
	<Item Id="0x13112" Report="UnicomDetailedDT5Report" Name="ChinaUnicomReport.dll" CreateConditionProc="CreateUnicomDetailedDT5ReportRequest_MultiTask" CreateConditionContainerProc="CreateConditionContainer" FillReportProc="CreateUnicomDetailedDT5ReportFill_MultiTask"/>
	<Item Id="0x13113" Report="UnicomDetailedCQT1Report" Name="ChinaUnicomReport.dll" CreateConditionProc="CreateUnicomDetailedCQT1ReportRequest_MultiTask" CreateConditionContainerProc="CreateConditionContainer" FillReportProc="CreateUnicomDetailedCQT1ReportFill_MultiTask"/>
	<Item Id="0x13114" Report="UnicomDetailedCQT2Report" Name="ChinaUnicomReport.dll" CreateConditionProc="CreateUnicomDetailedCQT2ReportRequest_MultiTask" CreateConditionContainerProc="CreateConditionContainer" FillReportProc="CreateUnicomDetailedCQT2ReportFill_MultiTask"/>
	<Item Id="0x13115" Report="UnicomDetailedCQT3Report" Name="ChinaUnicomReport.dll" CreateConditionProc="CreateUnicomDetailedCQT3ReportRequest_MultiTask" CreateConditionContainerProc="CreateConditionContainer" FillReportProc="CreateUnicomDetailedCQT3ReportFill_MultiTask"/>
	<!-- 自定义模板报表 -->
	<Item Id="0x21100" Report="CustomTemplateReport" Name="CSharpIntfAdapter.dll" FillReportProc="MultiTask_WriteReport"/>
	<!-- 电信报表 -->
	<Item Id="0x12101" Report="TelecomDailyReport" Name="ChinaTelecomReport.dll" CreateConditionProc="CreateTelecomDailyReportRequest" CreateConditionContainerProc="TelecomDailyConditionContainer" FillReportProc="CreateTelecomDailyReportFill"/>
	<Item Id="0x12102" Report="GDTelecomDailyReport" Name="ChinaTelecomReport.dll" CreateConditionProc="CreateGDTelecomDailyReportRequest" CreateConditionContainerProc="CreateConditionContainer" FillReportProc="CreateGDTelecomDailyReportFill"/>
	<Item Id="0x12103" Report="TelecomOneKeyWordReport" Name="ChinaTelecomReport.dll" CreateConditionProc="CreateOneKeyWordReportRequest" CreateConditionContainerProc="TelecomOneKeyWordConditionContainer" FillReportProc="CreateOneKeyWordReportFill"/>
	<Item Id="0x12104" Report="TelecomVoiceAbnormalReport" Name="ChinaTelecomReport.dll" CreateConditionProc="CreateVoiceAbnormalReportRequest" CreateConditionContainerProc="TelecomVoiceAbnormalConditionContainer" FillReportProc="CreateVoiceAbnormalReportFill"/>
	<Item Id="0x12105" Report="TelecomHttpReport" Name="ChinaTelecomReport.dll" CreateConditionProc="CreateHttpReportRequest" CreateConditionContainerProc="CreateConditionContainer" FillReportProc="CreateHttpReportFill"/>
	<Item Id="0x12106" Report="TelecomQChatReport" Name="ChinaTelecomReport.dll" CreateConditionProc="CreateQChatReportRequest" CreateConditionContainerProc="CreateConditionContainer" FillReportProc="CreateQChatReportFill"/>
	<Item Id="0x12107" Report="TelecomMicroBlogReport" Name="ChinaTelecomReport.dll" CreateConditionProc="CreateMicroBlogReportRequest" CreateConditionContainerProc="CreateConditionContainer" FillReportProc="CreateMicroBlogReportFill"/>
	<Item Id="0x12108" Report="TelecomQQReport" Name="ChinaTelecomReport.dll" CreateConditionProc="CreateQQReportRequest" CreateConditionContainerProc="CreateConditionContainer" FillReportProc="CreateQQReportFill"/>
	<Item Id="0x12112,0x12113,0x12114,0x12122,0x12123,0x12124" Report="TelecomDataDTReport" Name="ChinaTelecomReport.dll" CreateConditionProc="CreateTelecomDataServiceReportRequest" CreateConditionContainerProc="TelecomDataServiceConditionContainer" FillReportProc="CreateTelecomDataServiceReportFill"/>
	<!-- 移动报表 -->
	<Item Id="0x14801,0x14802,0x14803,0x14804,0x14805,0x14806,0x14807,0x14808,0x14809,0x1480A,0x1480B,0x1480C,0x1480D,0x1480E,0x1480F,0x14810,0x14811,0x14812,0x14813,0x14814,0x14815,0x14816,0x14817,0x14818,0x14819,0x1481A,0x1481B,0x1481C" Repor="HangZhouLTETest" Name="ChinaMobileReport.dll" CreateConditionProc="CreateReportRequest_MultiTask" CreateConditionContainerProc="CreateConditionContainer" FillReportProc="WriteReport_MultiTask"/>
	<Item Id="0x14901,0x14902,0x14903,0x14904,0x14905,0x14906,0x14907,0x14908,0x14909,0x1490A,0x1490B" Report="HangZhouFDETest" Name="ChinaMobileReport.dll" CreateConditionProc="CreateReportRequest_MultiTask" CreateConditionContainerProc="CreateConditionContainer" FillReportProc="WriteReport_MultiTask"/>
	<Item Id="0x14101" Report="MobileDailyReport" Name="ChinaMobileReport.dll" CreateConditionProc="CreateMobileMergeReportRequest_MultiTask" CreateConditionContainerProc="CreateConditionContainer" FillReportProc="CreateMobileMergeReportFill_MultiTask"/>
	<Item Id="0x14102" Report="MobileDailyReport" Name="ChinaMobileReport.dll" CreateConditionProc="CreateMobileComparisonVoiceReportRequest_MultiTask" CreateConditionContainerProc="CreateConditionContainer" FillReportProc="CreateMobileComparisionVoiceReportFill_MultiTask"/>
	<Item Id="0x14105" Report="MobileDailyReport" Name="ChinaMobileReport.dll" CreateConditionProc="CreateMobileComparisonDataReportRequest_MultiTask" CreateConditionContainerProc="CreateConditionContainer" FillReportProc="CreateMobileComparisionDataReportFill_MultiTask"/>
	<Item Id="0x12150" Report="LTECompareReport" Name="ChinaMobileReport.dll" CreateConditionProc="CreateLTECompareReportRequest_MultiTask" CreateConditionContainerProc="CreateConditionContainer" FillReportProc="CreateLTECompareReport_MultiTask"/>
	<!-- 导出数据 -->
	<Item Id="0x10001,0x10005,0x19501" Report="ExportDataDetails" Name="ExportRcuData.dll" CreateConditionProc="CreateExportDataRequest_MultiTask" CreateConditionContainerProc="CreateExportDataConditionContainer_MultiTask" FillReportProc="CreateExportDataFill_MultiTask"/>
	<Item Id="0x10002" Report="ExportCDMAEVDODetails" Name="ExportRcuData.dll" CreateConditionProc="CreateExportCDMAEVDORequest_MultiTask" CreateConditionContainerProc="CreateExportConditionContainer_MultiTask" FillReportProc="CreateExportCDMAEVDOFill_MultiTask"/>
	<Item Id="0x10003" Report="ExportLTEFrameDetails" Name="ExportRcuData.dll" CreateConditionProc="CreateExportLTEFrameRequest_MultiTask" CreateConditionContainerProc="CreateExportConditionContainer_MultiTask" FillReportProc="CreateExportLTEFrameFill_MultiTask"/>
	<Item Id="0x10004" Report="ExportScannerByCell" Name="ExportRcuData.dll" CreateConditionProc="CreateExportScannerByCellRequest_MultiTask" CreateConditionContainerProc="CreateExportConditionContainer_MultiTask" FillReportProc="CreateExportScannerByCellFill_MultiTask"/>
	<!-- 自定义KPI报表 -->
	<Item Id="0x11001" Report="CustomParamsReport" Name="CustomParamsReport.dll" CreateConditionProc="CreateParametersReportRequest_MultiTask" CreateConditionContainerProc="CreateConditionContainer_MultiTask" FillReportProc="CreateParametersReportFill_MultiTask"/>
	<!-- 海外印度Benchmarking报表 -->
	<Item Id="0x16002" Report="BenchmarkingReport" Name="BenchMarkingReport.dll" CreateConditionProc="GetBenchMarkingReportRequest_MultiTask" CreateConditionContainerProc="BenchmarkingConditionContainer" FillReportProc="CreateBenchmarkingReport_MultiTask"/>
	<Item Id="0x12151" Report="OverseasBenchmarkingReport" Name="BenchMarkingReport.dll" CreateConditionProc="CreateOverseasBenchmarkingRequest_MultiTask" CreateConditionContainerProc="OverseasBenchmarkingConditionContainer" FillReportProc="CreateOverseasBenchmarkingReport_MultiTask"/>
</Library>
