<?xml version="1.0" encoding="UTF-8"?>
<!--新增结构体定义时请注意:
	1、节点名称统一大写;
	2、请按照ID升序增加;-->
<!--SourceSize:字节大小-->
<!--OutputType:需要解析成的类型（支持bool、int、int64、double、string、char[]、ip；作为统计输出类型int64、double、string）
	注：若字段作为数组大小，则其OutputType需要定义为int，参考"RB_NUM"
	注：如果OutputType为char[]，则认为定义变长字符数组，SourceSize所读取的内容，代表了数组长度；
	注：如果OutputType为ip，IP地址，是一种需要特定解析的类型，输出类型为string-->
<!--Scale:放大倍数-->
<!--Count:数组大小,或者指向数组大小(例如：RB_INFO.RB_NUM)-->
<!--Describe:界面可参考的描述信息-->
<Structs>
	<!--=========WIFI_BSSID(0x7F04A001)=========-->
	<WIFI_BSSID_INFO ID="0x7F04A001">
		<BSSID SourceSize="6" OutputType="string" Count="6"/>
	</WIFI_BSSID_INFO>
	<!--=========WIFI_SSID(0x7F04A002)=========-->
	<WIFI_SSID_INFO ID="0x7F04A002">
		<SSID SourceSize="4" OutputType="char[]"/>
	</WIFI_SSID_INFO>
	<!--=========SMS_CONTENT(0x7F1D7002)=========-->
	<SMS_CONTENT ID="0x7F1D7002">
		<TYPE SourceSize="4" OutputType="int64" Describe="0 for SMS and 1 for Push"/>
		<REF_NUM SourceSize="4" OutputType="int64"/>
		<SMS_DATA SourceSize="4" OutputType="char[]"/>
		<CENTER_DIR SourceSize="4" OutputType="int64" Describe="发送或接收手机短信中心号码的方向 0: 目标中心(Destination) 1: 本机中心(Originator)"/>
		<CENTER_NUM SourceSize="8" OutputType="int64" Describe="短信中心号码 每4个bit位为1位电话号码数字"/>
		<DIGIT_DIR SourceSize="4" OutputType="int64" Describe="发送或接收短信手机号码 0: 目标号码 1: 本机号码  与短信中心应相异"/>
		<DIGIT_NUM SourceSize="8" OutputType="int64" Describe="发送或接收短信手机号码 每4个bit位为1位电话号码数字"/>
	</SMS_CONTENT>
	<!--=========LTE_RB_INFO_LIST(0x7F060E05)=========-->
	<LTE_RB_INFO_LIST ID="0x7F060E05">
		<RB_INFO>
			<RESERVED SourceSize="3" OutputType="string" Count="3"/>
			<RB_NUM SourceSize="1" OutputType="int" Scale="1"/>
		</RB_INFO>
		<RB_DATA Count="RB_INFO.RB_NUM">
			<RB_ID SourceSize="1" OutputType="int64"/>
			<RB_TYPE SourceSize="1" OutputType="int64" Describe="0->SRB; 1->Default DRB; 2->Dedicate DRB"/>
			<RLC_MODE SourceSize="1" OutputType="int64" Describe="0->AM; 1->UM; 2->TM"/>
			<STATUS SourceSize="1" OutputType="int64" Describe="0->Active; 1->Suspend; 2->Invalid"/>
			<LCH_ID SourceSize="1" OutputType="int64"/>
			<LCH_GRP SourceSize="1" OutputType="int64"/>
			<LCH_PRIO SourceSize="1" OutputType="int64"/>
			<LCH_TYPE SourceSize="1" OutputType="int64" Describe="0->CCCH; 1->DCCH"/>
		</RB_DATA>
	</LTE_RB_INFO_LIST>
	<!--=========LTE_CQIInformation(0x7F060E0F)=========-->
	<LTE_CQI_INFORMATION ID="0x7F060E0F">
		<INFO_COUNT SourceSize="4" OutputType="int"/>
		<INFO_LIST Count="INFO_COUNT">
			<SFN SourceSize="2" OutputType="int64"/>
			<SBFN SourceSize="1" OutputType="int64"/>
			<RI SourceSize="1" OutputType="int64"/>
			<WIDE_BAND_PMI SourceSize="1" OutputType="int64"/>
			<WIDE_BAND_CQI_RANK1 SourceSize="1" OutputType="int64"/>
			<WIDE_BAND_CQI_RANK2_CODE0 SourceSize="1" OutputType="int64"/>
			<WIDE_BAND_CQI_RANK2_CODE1 SourceSize="1" OutputType="int64"/>
			<RANK1_SINR SourceSize="4" OutputType="double"/>
			<RANK2_SINR1 SourceSize="4" OutputType="double"/>
			<RANK2_SINR2 SourceSize="4" OutputType="double"/>
			<CORRELATION SourceSize="4" OutputType="int64"/>
			<REPORT_TYPE SourceSize="1" OutputType="int64" Describe="1.TYPE1(CQI feedback for the UE selected sub-bands) 2.TYPE2(wideband CQI and PMI feedback.) 3.TYPE3(RI feedback) 4.TYPE4(wideband CQI)"/>
			<REPORT_MODE SourceSize="1" OutputType="int64" Describe="1.MODE_1_0 2.MODE_1_1 3.MODE 2_0 4.MODE 2_1"/>
			<PERIODICITY SourceSize="2" OutputType="int64"/>
			<SUB_BAND_CQI_RANK1 SourceSize="1" OutputType="int64"/>
			<SUB_BAND_CQI_RANK2_CODE0 SourceSize="1" OutputType="int64"/>
			<SUB_BAND_CQI_RANK2_CODE1 SourceSize="1" OutputType="int64"/>
			<SUB_BAND_PMI SourceSize="1" OutputType="int64"/>
		</INFO_LIST>
	</LTE_CQI_INFORMATION>
	<!--=========LTE_PUSCHInformation(0x7F060E13)=========-->
	<LTE_PUSCH_INFORMATION ID="0x7F060E13">
		<INFO_COUNT SourceSize="4" OutputType="int"/>
		<INFO_LIST Count="INFO_COUNT">
			<SFN SourceSize="2" OutputType="int64"/>
			<SBFN SourceSize="1" OutputType="int64"/>
			<SLOT0_RB_START SourceSize="1" OutputType="int64"/>
			<SLOT1_RB_START SourceSize="1" OutputType="int64"/>
			<RB_COUNT SourceSize="1" OutputType="int64"/>
			<FREQUENCY_HOPPING SourceSize="1" OutputType="int64" Describe="1.Freq Hop disable 2.Inter SF Freq hopping 3.intra + inter SF Freq hopping 4.Undefined"/>
			<UCI_FORMAT SourceSize="1" OutputType="int64"/>
			<TB_SIZE SourceSize="2" OutputType="int64"/>
			<TPC SourceSize="1" OutputType="int64"/>
			<TXPOWER SourceSize="4" OutputType="double"/>
			<PATH_IOSS SourceSize="1" OutputType="int64"/>
			<FI SourceSize="4" OutputType="double"/>
		</INFO_LIST>
	</LTE_PUSCH_INFORMATION>
	<!--=========TLTEParam_ML1_PDSCH_stat_indication(0x7F060E2E)=========-->
	<LTE_ML1_PDSCH_STAT_INDICATION ID="0x7F060E2E">
		<NUMBER_OF_RECORD SourceSize="1" OutputType="int"/>
		<PDSCH_RECORD Count="NUMBER_OF_RECORD">
			<SUB_FRAME_NUMBER SourceSize="1" OutputType="int64"/>
			<FRAME_NUMBER SourceSize="2" OutputType="int64"/>
			<NUMBER_OF_RESOURCE_BLOCKS SourceSize="1" OutputType="int64"/>
			<NUMBER_OF_LAYERS SourceSize="1" OutputType="int64"/>
			<NUMBER_OF_TRANSPORT_BLOCKS SourceSize="1" OutputType="int"/>
			<SERVING_CELL_INDEX SourceSize="1" OutputType="int64"/>
			<PDSCH_RECORD_TBINFO Count="PDSCH_RECORD.NUMBER_OF_TRANSPORT_BLOCKS">
				<HARQ_ID SourceSize="1" OutputType="int64"/>
				<REDUNDANCY_VERSION SourceSize="1" OutputType="int64"/>
				<NEW_DATA_INDICATOR SourceSize="1" OutputType="int64"/>
				<CRC_PASS SourceSize="1" OutputType="int64" Describe="0: CRC Fail 1: CRC Pass"/>
				<RNTI_TYPE SourceSize="1" OutputType="int64" Describe="0: C_RNTI  1: SPS_C_RNTI 2: P_RNTI 3: RA_RNTI 4: T_C_RNTI 5: SI_RNTI 6: TPC_PUSCH_RNTI 7: TPC_PUCCH_RNTI 8：MBMS RNTI"/>
				<TRANSPORT_BLOCK_INDEX SourceSize="1" OutputType="int64"/>
				<DISCARDED_RETXPRESENT SourceSize="1" OutputType="int64" Describe="0: None 1: Present"/>
				<DIDRECMBINING SourceSize="1" OutputType="int64" Describe="0: Yes  1: No"/>
				<TRANSPORT_BLOCK_SIZE SourceSize="2" OutputType="int64"/>
				<MCS_INDEX SourceSize="1" OutputType="int64"/>
				<NNMBER_OF_RBS SourceSize="1" OutputType="int64"/>
			</PDSCH_RECORD_TBINFO>
			<PMCH_ID SourceSize="1" OutputType="int64" Describe="Not Display if 0xFF"/>
			<AREA_ID SourceSize="1" OutputType="int64" Describe="Not Display if 0xFF"/>
		</PDSCH_RECORD>
	</LTE_ML1_PDSCH_STAT_INDICATION>
	<!--=========TLTEParam_ML1_PUSCH_stat_indication(0x7F060E2F)=========-->
	<LTE_ML1_PUSCH_STAT_INDICATION ID="0x7F060E2F">
		<NUMBER_OF_RECORD SourceSize="1" OutputType="int"/>
		<PUSCH_RECORD Count="NUMBER_OF_RECORD">
			<FRAME_NUMBER SourceSize="2" OutputType="int64"/>
			<SUB_FRAME_NUMBER SourceSize="1" OutputType="int64"/>
			<TRANSPORT_BLOCK_SIZE SourceSize="2" OutputType="int64"/>
			<CSF_PRESENT_FLAG SourceSize="1" OutputType="int64"/>
			<UL_ACK_NAK_PRESENT_FLAY SourceSize="1" OutputType="int64" Describe="0: ACK/NAK not present  1: ACK/NAK present 2:Force NAK present"/>
			<ACK_NAK_REPORTING_MODE SourceSize="1" OutputType="int64" Describe="0: FDD 1:TDD Multiplexing 2: TDD Bundling"/>
			<NUMBER_OF_BUNDLED_SUB_FRAMES SourceSize="1" OutputType="int64" Describe="Not Display if 0xFF"/>
			<END_OF_BUNDING SourceSize="1" OutputType="int64" Describe="Not Display if 0xFF"/>
			<TOTAL_TXPOWER SourceSize="4" OutputType="int64"/>
			<BETA_PUSCH SourceSize="2" OutputType="int64"/>
			<CYCLIC_SHIFT_DMRS SourceSize="1" OutputType="int64"/>
			<RESOURCE_BLOCK_START SourceSize="1" OutputType="int64"/>
			<REDUNDANCY_VERSION SourceSize="1" OutputType="int64"/>
			<ACK_NAKLEN SourceSize="1" OutputType="int64"/>
			<MODULATION_TYPE SourceSize="1" OutputType="int64" Describe="0: BPSK  1: QPSK 2: 16QAM 3: 64QAM"/>
			<NUMBER_OF_RESOURCE_BLOCKS SourceSize="1" OutputType="int64"/>
			<RETRANSMISSION_INDEX SourceSize="1" OutputType="int64"/>
			<HARQ_ID SourceSize="1" OutputType="int64"/>
			<FREQ_HOPPING_FLAG SourceSize="1" OutputType="int64" Describe="0: Disabled 1:Enabled"/>
			<HARQ_ACK_OFFSET_INDEX SourceSize="1" OutputType="int64"/>
			<CQI_OFFSET_INDEX SourceSize="1" OutputType="int64"/>
			<RI_OFFSET_INDEX SourceSize="1" OutputType="int64"/>
			<PUSCH_HOPPING_PAYLOAD SourceSize="1" OutputType="int64"/>
			<SRS_PRESENT_FLAG SourceSize="1" OutputType="int64" Describe="0: Disabled 1:Enabled"/>
			<SRSUE_CELL_SPECIFIC SourceSize="1" OutputType="int64"/>
			<N_DMRS SourceSize="1" OutputType="int64"/>
			<NUM_ANTENNA SourceSize="1" OutputType="int64"/>
			<TTI_BUNDLE_INDEX SourceSize="1" OutputType="int64" Describe="Range is 0 - 3, 0x7: Invalid"/>
			<EIB_INDEX SourceSize="1" OutputType="int64"/>
		</PUSCH_RECORD>
	</LTE_ML1_PUSCH_STAT_INDICATION>
	<!--=========TLTEParam_MAC_UL_Transport Block(0x7F060E30)=========-->
	<LTE_MAC_UL_TRANSPORT_BLOCK ID="0x7F060E30">
		<NUMBER_OF_SAMPLES SourceSize="1" OutputType="int"/>
		<MAC_UL_TRANSPORT_BLOCK_SAMPLE Count="NUMBER_OF_SAMPLES">
			<HARQ_ID SourceSize="1" OutputType="int64"/>
			<RNTI_TYPE SourceSize="1" OutputType="int64" Describe="0:C_RNTI 1:SPS_C_RNTI 2:P_RNTI 3:RA_RNTI 4:T_C_RNTI 5:SI_RNTI 6:TPC_PUSCH_RNTI 7:TPC_PUCCH_RNTI 8:MBMS RNTI"/>
			<SYSTEM_FRAME_NUMBER SourceSize="2" OutputType="int64"/>
			<SUB_FRAME_NUMBER SourceSize="1" OutputType="int64"/>
			<UPLINK_GRANT_IN_BYTES SourceSize="2" OutputType="int64"/>
			<NUM_RLCPDUS SourceSize="1" OutputType="int64"/>
			<NUM_PADDING_BYTES SourceSize="2" OutputType="int64"/>
			<BSR_EVENT SourceSize="1" OutputType="int64" Describe="0:None 1:Periodic 2:High Data arrival 3:Robustness BSR"/>
			<TYPE_OF_BSR_TRIGGERED SourceSize="1" OutputType="int64" Describe="0:No BSR 1:Cancelled 2:Long BSR 3:Short BSR 4:Padding long BSR 5:Padding short BSR 6:Padding truncated BSR"/>
		</MAC_UL_TRANSPORT_BLOCK_SAMPLE>
	</LTE_MAC_UL_TRANSPORT_BLOCK>
	<!--=========TLTEParam_MAC_DL_Transport_Block(0x7F060E31)=========-->
	<LTE_MAC_DL_TRANSPORT_BLOCK ID="0x7F060E31">
		<NUMBER_OF_SAMPLES SourceSize="1" OutputType="int"/>
		<MAC_DL_TRANSPORT_BLOCK_SAMPLE Count="NUMBER_OF_SAMPLES">
			<SYSTEM_FRAME_NUMBER SourceSize="2" OutputType="int64"/>
			<SUB_FRAME_NUMBER SourceSize="1" OutputType="int64"/>
			<RNTI_TYPE SourceSize="1" OutputType="int64" Describe="0:C_RNTI 1:SPS_C_RNTI 2:P_RNTI 3:RA_RNTI 4:T_C_RNTI 5:SI_RNTI 6:TPC_PUSCH_RNTI 7:TPC_PUCCH_RNTI 8:MBMS RNTI"/>
			<HARQ_ID SourceSize="1" OutputType="int64"/>
			<PMCH_ID SourceSize="1" OutputType="int64" Describe="Not Display if 0xFF"/>
			<CELL_INDEX SourceSize="1" OutputType="int64" Describe="0: PCell  0x1-0x7: SCell Index 1-7"/>
			<DL_TBS SourceSize="2" OutputType="int64"/>
			<NUM_RLCPDUS SourceSize="1" OutputType="int64"/>
			<NUM_PADDING_BYTES SourceSize="1" OutputType="int64"/>
		</MAC_DL_TRANSPORT_BLOCK_SAMPLE>
	</LTE_MAC_DL_TRANSPORT_BLOCK>
	<!--=========TLTEParam_HandoverDelay_DL_PDCP(0x7F060E80)=========-->
	<LTE_HANDOVERDELAY_DL_PDCP ID="0x7F060E80">
		<BEFORE_SECOND SourceSize="4" OutputType="int64"/>
		<BEFORE_USECOND SourceSize="4" OutputType="int64"/>
		<BEFORE_SYS_FRAME_NUM SourceSize="2" OutputType="int64"/>
		<BEFORE_SUB_FRAME_NUM SourceSize="1" OutputType="int64"/>
		<AFTER_SECOND SourceSize="4" OutputType="int64"/>
		<AFTER_USECOND SourceSize="4" OutputType="int64"/>
		<AFTER_SYS_FRAME_NUM SourceSize="2" OutputType="int64"/>
		<AFTER_SUB_FRAME_NUM SourceSize="1" OutputType="int64"/>
	</LTE_HANDOVERDELAY_DL_PDCP>
	<!--=========TLTEParam_HandoverDelay_UL_PDCP(0x7F060E81)=========-->
	<LTE_HANDOVERDELAY_UL_PDCP ID="0x7F060E81">
		<BEFORE_SECOND SourceSize="4" OutputType="int64"/>
		<BEFORE_USECOND SourceSize="4" OutputType="int64"/>
		<BEFORE_SYS_FRAME_NUM SourceSize="2" OutputType="int64"/>
		<BEFORE_SUB_FRAME_NUM SourceSize="1" OutputType="int64"/>
		<AFTER_SECOND SourceSize="4" OutputType="int64"/>
		<AFTER_USECOND SourceSize="4" OutputType="int64"/>
		<AFTER_SYS_FRAME_NUM SourceSize="2" OutputType="int64"/>
		<AFTER_SUB_FRAME_NUM SourceSize="1" OutputType="int64"/>
	</LTE_HANDOVERDELAY_UL_PDCP>
	<!--=========TLTEParam_HandoverDelay_DL_RLC(0x7F060E82)=========-->
	<LTE_HANDOVERDELAY_DL_RLC ID="0x7F060E82">
		<BEFORE_SECOND SourceSize="4" OutputType="int64"/>
		<BEFORE_USECOND SourceSize="4" OutputType="int64"/>
		<BEFORE_SYS_FRAME_NUM SourceSize="2" OutputType="int64"/>
		<BEFORE_SUB_FRAME_NUM SourceSize="1" OutputType="int64"/>
		<AFTER_SECOND SourceSize="4" OutputType="int64"/>
		<AFTER_USECOND SourceSize="4" OutputType="int64"/>
		<AFTER_SYS_FRAME_NUM SourceSize="2" OutputType="int64"/>
		<AFTER_SUB_FRAME_NUM SourceSize="1" OutputType="int64"/>
	</LTE_HANDOVERDELAY_DL_RLC>
	<!--=========TLTEParam_HandoverDelay_UL_RLC(0x7F060E83)=========-->
	<LTE_HANDOVERDELAY_UL_RLC ID="0x7F060E83">
		<BEFORE_SECOND SourceSize="4" OutputType="int64"/>
		<BEFORE_USECOND SourceSize="4" OutputType="int64"/>
		<BEFORE_SYS_FRAME_NUM SourceSize="2" OutputType="int64"/>
		<BEFORE_SUB_FRAME_NUM SourceSize="1" OutputType="int64"/>
		<AFTER_SECOND SourceSize="4" OutputType="int64"/>
		<AFTER_USECOND SourceSize="4" OutputType="int64"/>
		<AFTER_SYS_FRAME_NUM SourceSize="2" OutputType="int64"/>
		<AFTER_SUB_FRAME_NUM SourceSize="1" OutputType="int64"/>
	</LTE_HANDOVERDELAY_UL_RLC>
	<!--=========TLTEParam_HandoverDelay_DL_MAC(0x7F060E84)=========-->
	<LTE_HANDOVERDELAY_DL_MAC ID="0x7F060E84">
		<CARRIER_COUNDT SourceSize="1" OutputType="int"/>
		<BLOCK Count="CARRIER_COUNDT">
			<INDEX SourceSize="4" OutputType="int64"/>
			<BEFORE_SECOND SourceSize="4" OutputType="int64"/>
			<BEFORE_USECOND SourceSize="4" OutputType="int64"/>
			<BEFORE_SYS_FRAME_NUM SourceSize="2" OutputType="int64"/>
			<BEFORE_SUB_FRAME_NUM SourceSize="1" OutputType="int64"/>
			<AFTER_SECOND SourceSize="4" OutputType="int64"/>
			<AFTER_USECOND SourceSize="4" OutputType="int64"/>
			<AFTER_SYS_FRAME_NUM SourceSize="2" OutputType="int64"/>
			<AFTER_SUB_FRAME_NUM SourceSize="1" OutputType="int64"/>
		</BLOCK>
	</LTE_HANDOVERDELAY_DL_MAC>
	<!--=========TLTEParam_HandoverDelay_UL_MAC(0x7F060E85)=========-->
	<LTE_HANDOVERDELAY_UL_MAC ID="0x7F060E85">
		<BEFORE_SECOND SourceSize="4" OutputType="int64"/>
		<BEFORE_USECOND SourceSize="4" OutputType="int64"/>
		<BEFORE_SYS_FRAME_NUM SourceSize="2" OutputType="int64"/>
		<BEFORE_SUB_FRAME_NUM SourceSize="1" OutputType="int64"/>
		<AFTER_SECOND SourceSize="4" OutputType="int64"/>
		<AFTER_USECOND SourceSize="4" OutputType="int64"/>
		<AFTER_SYS_FRAME_NUM SourceSize="2" OutputType="int64"/>
		<AFTER_SUB_FRAME_NUM SourceSize="1" OutputType="int64"/>
	</LTE_HANDOVERDELAY_UL_MAC>
	<!--=========TLTEParam_HandoverDelay_DL_PHY(0x7F060E86)=========-->
	<LTE_HANDOVERDELAY_DL_PHY ID="0x7F060E86">
		<CARRIER_COUNDT SourceSize="1" OutputType="int"/>
		<BLOCK Count="CARRIER_COUNDT">
			<INDEX SourceSize="4" OutputType="int64"/>
			<BEFORE_SECOND SourceSize="4" OutputType="int64"/>
			<BEFORE_USECOND SourceSize="4" OutputType="int64"/>
			<BEFORE_SYS_FRAME_NUM SourceSize="2" OutputType="int64"/>
			<BEFORE_SUB_FRAME_NUM SourceSize="1" OutputType="int64"/>
			<AFTER_SECOND SourceSize="4" OutputType="int64"/>
			<AFTER_USECOND SourceSize="4" OutputType="int64"/>
			<AFTER_SYS_FRAME_NUM SourceSize="2" OutputType="int64"/>
			<AFTER_SUB_FRAME_NUM SourceSize="1" OutputType="int64"/>
		</BLOCK>
	</LTE_HANDOVERDELAY_DL_PHY>
	<!--=========TLTEParam_HandoverDelay_UL_PHY(0x7F060E87)=========-->
	<LTE_HANDOVERDELAY_UL_PHY ID="0x7F060E87">
		<BEFORE_SECOND SourceSize="4" OutputType="int64"/>
		<BEFORE_USECOND SourceSize="4" OutputType="int64"/>
		<BEFORE_SYS_FRAME_NUM SourceSize="2" OutputType="int64"/>
		<BEFORE_SUB_FRAME_NUM SourceSize="1" OutputType="int64"/>
		<AFTER_SECOND SourceSize="4" OutputType="int64"/>
		<AFTER_USECOND SourceSize="4" OutputType="int64"/>
		<AFTER_SYS_FRAME_NUM SourceSize="2" OutputType="int64"/>
		<AFTER_SUB_FRAME_NUM SourceSize="1" OutputType="int64"/>
	</LTE_HANDOVERDELAY_UL_PHY>
	<!--=========TLTEParam_HandoverDelay_DL_LTE_To_WCDMA_PHY(0x7F060E88)=========-->
	<LTE_HANDOVERDELAY_DL_LTE_TO_WCDMA_PHY ID="0x7F060E88">
		<CARRIER_COUNDT SourceSize="1" OutputType="int"/>
		<BLOCK Count="CARRIER_COUNDT">
			<INDEX SourceSize="4" OutputType="int64"/>
			<BEFORE_SECOND SourceSize="4" OutputType="int64"/>
			<BEFORE_USECOND SourceSize="4" OutputType="int64"/>
			<BEFORE_SYS_FRAME_NUM SourceSize="2" OutputType="int64"/>
			<BEFORE_SUB_FRAME_NUM SourceSize="1" OutputType="int64"/>
			<AFTER_SECOND SourceSize="4" OutputType="int64"/>
			<AFTER_USECOND SourceSize="4" OutputType="int64"/>
			<AFTER_SYS_FRAME_NUM SourceSize="2" OutputType="int64"/>
			<AFTER_SUB_FRAME_NUM SourceSize="1" OutputType="int64"/>
		</BLOCK>
	</LTE_HANDOVERDELAY_DL_LTE_TO_WCDMA_PHY>
	<!--=========TLTEParam_HandoverDelay_UL_LTE_To_WCDMA_PHY(0x7F060E89)=========-->
	<LTE_HANDOVERDELAY_UL_LTE_To_WCDMA_PHY ID="0x7F060E89">
		<BEFORE_SECOND SourceSize="4" OutputType="int64"/>
		<BEFORE_USECOND SourceSize="4" OutputType="int64"/>
		<BEFORE_SYS_FRAME_NUM SourceSize="2" OutputType="int64"/>
		<BEFORE_SUB_FRAME_NUM SourceSize="1" OutputType="int64"/>
		<AFTER_SECOND SourceSize="4" OutputType="int64"/>
		<AFTER_USECOND SourceSize="4" OutputType="int64"/>
		<AFTER_SYS_FRAME_NUM SourceSize="2" OutputType="int64"/>
		<AFTER_SUB_FRAME_NUM SourceSize="1" OutputType="int64"/>
	</LTE_HANDOVERDELAY_UL_LTE_To_WCDMA_PHY>
	<!--=========TLTEParam_HandoverDelay_DL_LTE_To_CA_PHY(0x7F060E8A)=========-->
	<LTE_HANDOVERDELAY_DL_LTE_TO_CA_PHY ID="0x7F060E8A">
		<BEFORE_SECOND SourceSize="4" OutputType="int64"/>
		<BEFORE_USECOND SourceSize="4" OutputType="int64"/>
		<BEFORE_SYS_FRAME_NUM SourceSize="2" OutputType="int64"/>
		<BEFORE_SUB_FRAME_NUM SourceSize="1" OutputType="int64"/>
		<AFTER_SECOND SourceSize="4" OutputType="int64"/>
		<AFTER_USECOND SourceSize="4" OutputType="int64"/>
		<AFTER_SYS_FRAME_NUM SourceSize="2" OutputType="int64"/>
		<AFTER_SUB_FRAME_NUM SourceSize="1" OutputType="int64"/>
	</LTE_HANDOVERDELAY_DL_LTE_TO_CA_PHY>
	<!--=========TLTEParam_HandoverDelay_UL_LTE_To_CA_PHY(0x7F060E8B)=========-->
	<LTE_HANDOVERDELAY_UL_LTE_TO_CA_PHY ID="0x7F060E8B">
		<BEFORE_SECOND SourceSize="4" OutputType="int64"/>
		<BEFORE_USECOND SourceSize="4" OutputType="int64"/>
		<BEFORE_SYS_FRAME_NUM SourceSize="2" OutputType="int64"/>
		<BEFORE_SUB_FRAME_NUM SourceSize="1" OutputType="int64"/>
		<AFTER_SECOND SourceSize="4" OutputType="int64"/>
		<AFTER_USECOND SourceSize="4" OutputType="int64"/>
		<AFTER_SYS_FRAME_NUM SourceSize="2" OutputType="int64"/>
		<AFTER_SUB_FRAME_NUM SourceSize="1" OutputType="int64"/>
	</LTE_HANDOVERDELAY_UL_LTE_TO_CA_PHY>
	<!--=========TLTEParam_HandoverDelay_DL_LTE_To_CA_RLC(0x7F060E8C)=========-->
	<LTE_HANDOVERDELAY_DL_LTE_TO_CA_RLC ID="0x7F060E8C">
		<BEFORE_SECOND SourceSize="4" OutputType="int64"/>
		<BEFORE_USECOND SourceSize="4" OutputType="int64"/>
		<BEFORE_SYS_FRAME_NUM SourceSize="2" OutputType="int64"/>
		<BEFORE_SUB_FRAME_NUM SourceSize="1" OutputType="int64"/>
		<AFTER_SECOND SourceSize="4" OutputType="int64"/>
		<AFTER_USECOND SourceSize="4" OutputType="int64"/>
		<AFTER_SYS_FRAME_NUM SourceSize="2" OutputType="int64"/>
		<AFTER_SUB_FRAME_NUM SourceSize="1" OutputType="int64"/>
	</LTE_HANDOVERDELAY_DL_LTE_TO_CA_RLC>
	<!--=========TLTEParam_HandoverDelay_UL_LTE_To_CA_RLC(0x7F060E8D)=========-->
	<LTE_HANDOVERDELAY_UL_LTE_TO_CA_RLC ID="0x7F060E8D">
		<BEFORE_SECOND SourceSize="4" OutputType="int64"/>
		<BEFORE_USECOND SourceSize="4" OutputType="int64"/>
		<BEFORE_SYS_FRAME_NUM SourceSize="2" OutputType="int64"/>
		<BEFORE_SUB_FRAME_NUM SourceSize="1" OutputType="int64"/>
		<AFTER_SECOND SourceSize="4" OutputType="int64"/>
		<AFTER_USECOND SourceSize="4" OutputType="int64"/>
		<AFTER_SYS_FRAME_NUM SourceSize="2" OutputType="int64"/>
		<AFTER_SUB_FRAME_NUM SourceSize="1" OutputType="int64"/>
	</LTE_HANDOVERDELAY_UL_LTE_TO_CA_RLC>
	<!--=========TLTEParam_HandoverDelay_DL_WCDMA_To_LTE_PHY(0x7F060E8E)=========-->
	<LTE_HANDOVERDELAY_DL_WCDMA_TO_LTE_PHY ID="0x7F060E8E">
		<CARRIER_COUNDT SourceSize="1" OutputType="int"/>
		<BLOCK Count="CARRIER_COUNDT">
			<INDEX SourceSize="4" OutputType="int64"/>
			<BEFORE_SECOND SourceSize="4" OutputType="int64"/>
			<BEFORE_USECOND SourceSize="4" OutputType="int64"/>
			<BEFORE_SYS_FRAME_NUM SourceSize="2" OutputType="int64"/>
			<BEFORE_SUB_FRAME_NUM SourceSize="1" OutputType="int64"/>
			<AFTER_SECOND SourceSize="4" OutputType="int64"/>
			<AFTER_USECOND SourceSize="4" OutputType="int64"/>
			<AFTER_SYS_FRAME_NUM SourceSize="2" OutputType="int64"/>
			<AFTER_SUB_FRAME_NUM SourceSize="1" OutputType="int64"/>
		</BLOCK>
	</LTE_HANDOVERDELAY_DL_WCDMA_TO_LTE_PHY>
	<!--=========TLTEParam_HandoverDelay_UL_WCDMA_To_LTE_PHY(0x7F060E8F)=========-->
	<LTE_HANDOVERDELAY_UL_WCDMA_TO_LTE_PHY ID="0x7F060E8F">
		<BEFORE_SECOND SourceSize="4" OutputType="int64"/>
		<BEFORE_USECOND SourceSize="4" OutputType="int64"/>
		<BEFORE_SYS_FRAME_NUM SourceSize="2" OutputType="int64"/>
		<BEFORE_SUB_FRAME_NUM SourceSize="1" OutputType="int64"/>
		<AFTER_SECOND SourceSize="4" OutputType="int64"/>
		<AFTER_USECOND SourceSize="4" OutputType="int64"/>
		<AFTER_SYS_FRAME_NUM SourceSize="2" OutputType="int64"/>
		<AFTER_SUB_FRAME_NUM SourceSize="1" OutputType="int64"/>
	</LTE_HANDOVERDELAY_UL_WCDMA_TO_LTE_PHY>
	<!--=========Scanner-CW(0x7E000001)=========-->
	<SCANNER_CW ID="0x7E000001">
		<COUNT SourceSize="2" OutputType="int"/>
		<BLOCK Count="COUNT">
			<RBW SourceSize="4" OutputType="int64"/>
			<BAND SourceSize="2" OutputType="int64"/>
			<CHANNEL SourceSize="4" OutputType="int64"/>
			<F_RSSI SourceSize="4" OutputType="double"/>
		</BLOCK>
	</SCANNER_CW>
	<!--=========Scanner-Spectrum(0x7E000002)=========-->
	<SCANNER_SPECTRUM ID="0x7E000002">
		<COUNT SourceSize="2" OutputType="int"/>
		<BLOCK Count="COUNT">
			<BAND SourceSize="4" OutputType="int64"/>
			<START_FREQUENCY SourceSize="4" OutputType="int64"/>
			<RBW SourceSize="4" OutputType="int64"/>
			<RSSI_COUNT SourceSize="2" OutputType="int"/>
			<RSSI_DATA Count="BLOCK.RSSI_COUNT">
				<RSSI SourceSize="4" OutputType="double"/>
			</RSSI_DATA>
		</BLOCK>
	</SCANNER_SPECTRUM>
	<!--=========Scanner-PowerAnalysis(0x7E000005)=========-->
	<SCANNER_POWERANALYSIS ID="0x7E000005">
		<COUNT SourceSize="2" OutputType="int"/>
		<BLOCK Count="COUNT">
			<BAND_WIDTH SourceSize="4" OutputType="int64"/>
			<FREQUENCY SourceSize="4" OutputType="int64"/>
			<CELL_ID SourceSize="4" OutputType="int64"/>
			<CELL_TIME_OFFSET SourceSize="4" OutputType="int64"/>
			<SLOT_COUNT SourceSize="2" OutputType="int"/>
			<SLOT_DATA Count="BLOCK.SLOT_COUNT">
				<RSSI SourceSize="4" OutputType="double"/>
			</SLOT_DATA>
			<SUB_FRAME_COUNT SourceSize="2" OutputType="int"/>
			<SUB_FRAME_DATA Count="BLOCK.SUB_FRAME_COUNT">
				<RSSI SourceSize="4" OutputType="double"/>
			</SUB_FRAME_DATA>
		</BLOCK>
	</SCANNER_POWERANALYSIS>
	<!--=========Scanner-EPS(0x7E000006)=========-->
	<SCANNER_EPS ID="0x7E000006">
		<COUNT SourceSize="2" OutputType="int"/>
		<BLOCK Count="COUNT">
			<BAND_WIDTH SourceSize="4" OutputType="int64"/>
			<FREQUENCY SourceSize="4" OutputType="int64"/>
			<FREQ_STOP SourceSize="4" OutputType="int64"/>
			<RSSI_COUNT SourceSize="2" OutputType="int"/>
			<RSSI_DATA Count="BLOCK.RSSI_COUNT">
				<RSSI SourceSize="4" OutputType="double"/>
			</RSSI_DATA>
		</BLOCK>
	</SCANNER_EPS>
	<!--=========Scanner-ColorCode(0x7E000011)=========-->
	<SCANNER_COLORCODE ID="0x7E000011">
		<COUNT SourceSize="2" OutputType="int"/>
		<BLOCK Count="COUNT">
			<TFN SourceSize="2" OutputType="int64"/>
			<BAND SourceSize="2" OutputType="int64"/>
			<BSIC SourceSize="2" OutputType="int64"/>
			<LAC SourceSize="2" OutputType="int64"/>
			<MNC SourceSize="2" OutputType="int64"/>
			<MCC SourceSize="2" OutputType="int64"/>
			<CELLID SourceSize="4" OutputType="int64"/>
			<CI SourceSize="4" OutputType="double"/>
			<CHANNEL SourceSize="2" OutputType="int64"/>
			<RSSI SourceSize="4" OutputType="double"/>
		</BLOCK>
	</SCANNER_COLORCODE>
	<!--=========Scanner-PNCH(0x7E000021)=========-->
	<SCANNER_PNCH ID="0x7E000021">
		<COUNT SourceSize="2" OutputType="int"/>
		<BLOCK Count="COUNT">
			<FREQUENCY_TYPE SourceSize="1" OutputType="int64"/>
			<BAND SourceSize="2" OutputType="int64"/>
			<CHANNEL SourceSize="2" OutputType="int64"/>
			<SFN SourceSize="2" OutputType="int64"/>
			<PN SourceSize="2" OutputType="int64"/>
			<PEAK_RSSI SourceSize="4" OutputType="double"/>
			<PEAK_ECIO SourceSize="4" OutputType="double"/>
			<EC2IO SourceSize="4" OutputType="double"/>
			<TIME_OFFSET SourceSize="4" OutputType="int64"/>
			<DELAY_SPREAD SourceSize="4" OutputType="int64"/>
			<FAGG_ECIO SourceSize="4" OutputType="double"/>
			<FAGG_EC SourceSize="4" OutputType="double"/>
			<SIR SourceSize="4" OutputType="double"/>
			<EC SourceSize="4" OutputType="double"/>
			<CINR SourceSize="4" OutputType="double"/>
			<CI SourceSize="4" OutputType="double"/>
		</BLOCK>
	</SCANNER_PNCH>
	<!--=========Scanner-Finger(0x7E000021)=========-->
	<SCANNER_CDMA_FINGER ID="0x7E000022">
		<COUNT SourceSize="2" OutputType="int"/>
		<BLOCK Count="COUNT">
			<FREQUENCY_TYPE SourceSize="1" OutputType="int64"/>
			<BAND SourceSize="2" OutputType="int64"/>
			<CHANNEL SourceSize="2" OutputType="int64"/>
			<SFN SourceSize="2" OutputType="int64"/>
			<PN SourceSize="2" OutputType="int64"/>
			<IO SourceSize="4" OutputType="double"/>
			<MAX_ECIO SourceSize="4" OutputType="double"/>
			<MAX_EC SourceSize="4" OutputType="double"/>
			<MAX_SIR SourceSize="4" OutputType="double"/>
			<RAKE_FINGER_COUNT SourceSize="2" OutputType="int64"/>
			<LOCK_FINGER SourceSize="2" OutputType="int"/>
			<FINGERS Count="BLOCK.LOCK_FINGER">
				<TIME_OFFSET SourceSize="4" OutputType="int64"/>
				<DELAY_SPREAD SourceSize="4" OutputType="int64"/>
				<SIR SourceSize="4" OutputType="double"/>
				<ECIO SourceSize="4" OutputType="double"/>
				<EC SourceSize="4" OutputType="double"/>
				<CI SourceSize="4" OutputType="double"/>
			</FINGERS>
		</BLOCK>
	</SCANNER_CDMA_FINGER>
	<!--=========Scanner-PSCCH(0x7E000031)=========-->
	<SCANNER_PSCCH ID="0x7E000031">
		<COUNT SourceSize="2" OutputType="int"/>
		<BLOCK Count="COUNT">
			<BAND SourceSize="2" OutputType="int64"/>
			<CHANNEL SourceSize="2" OutputType="int64"/>
			<SFN SourceSize="2" OutputType="int64"/>
			<PSC SourceSize="2" OutputType="int64"/>
			<RSSI SourceSize="4" OutputType="double"/>
			<PEAK_ECIO SourceSize="4" OutputType="double"/>
			<PEAK_EC SourceSize="4" OutputType="double"/>
			<EC2IO SourceSize="4" OutputType="double"/>
			<TIME_OFFSET SourceSize="4" OutputType="int64"/>
			<DELAY_SPREAD SourceSize="4" OutputType="int64"/>
			<PILOT_DELAY SourceSize="4" OutputType="int64"/>
			<FAGG_ECIO SourceSize="4" OutputType="double"/>
			<FAGG_EC SourceSize="4" OutputType="double"/>
			<SIR SourceSize="4" OutputType="double"/>
			<RSCP SourceSize="4" OutputType="double"/>
			<SINR SourceSize="4" OutputType="double"/>
			<ISCP SourceSize="4" OutputType="double"/>
		</BLOCK>
	</SCANNER_PSCCH>
	<!--=========Scanner-Finger(0x7E000032)=========-->
	<SCANNER_WCDMA_FINGER ID="0x7E000032">
		<COUNT SourceSize="2" OutputType="int"/>
		<BLOCK Count="COUNT">
			<BAND SourceSize="2" OutputType="int64"/>
			<CHANNEL SourceSize="2" OutputType="int64"/>
			<SFN SourceSize="2" OutputType="int64"/>
			<PSC SourceSize="2" OutputType="int64"/>
			<IO SourceSize="4" OutputType="double"/>
			<MAX_ECIO SourceSize="4" OutputType="double"/>
			<MAX_RSCP SourceSize="4" OutputType="double"/>
			<MAX_SINR SourceSize="4" OutputType="double"/>
			<RAKE_FINGER_COUNT SourceSize="2" OutputType="int64"/>
			<LOCK_FINGER SourceSize="2" OutputType="int"/>
			<FINGERS Count="BLOCK.LOCK_FINGER">
				<TIME_OFFSET SourceSize="4" OutputType="int64"/>
				<PILOT_DELAY SourceSize="4" OutputType="int64"/>
				<DELAY_SPREAD SourceSize="4" OutputType="int64"/>
				<SINR SourceSize="4" OutputType="double"/>
				<ECIO SourceSize="4" OutputType="double"/>
				<RSCP SourceSize="4" OutputType="double"/>
				<CI SourceSize="4" OutputType="double"/>
			</FINGERS>
		</BLOCK>
	</SCANNER_WCDMA_FINGER>
	<!--=========Scanner-SCH(0x7E000033)=========-->
	<SCANNER_SCH ID="0x7E000033">
		<COUNT SourceSize="2" OutputType="int"/>
		<BLOCK Count="COUNT">
			<BAND SourceSize="2" OutputType="int64"/>
			<CHANNEL SourceSize="2" OutputType="int64"/>
			<SFN SourceSize="2" OutputType="int64"/>
			<PSC SourceSize="2" OutputType="int64"/>
			<PSCH_RSCP SourceSize="4" OutputType="double"/>
			<PSCH_ECIO SourceSize="4" OutputType="double"/>
			<PSCH_EC SourceSize="4" OutputType="double"/>
			<PSCH_IO SourceSize="4" OutputType="double"/>
			<SSCH_RSCP SourceSize="4" OutputType="double"/>
			<SSCH_ECIO SourceSize="4" OutputType="double"/>
			<SSCH_EC SourceSize="4" OutputType="double"/>
			<SSCH_IO SourceSize="4" OutputType="double"/>
		</BLOCK>
	</SCANNER_SCH>
	<!--=========Scanner-PCCPCH(0x7E000041)=========-->
	<SCANNER_PCCPCH ID="0x7E000041">
		<COUNT SourceSize="2" OutputType="int"/>
		<BLOCK Count="COUNT">
			<CHANNEL SourceSize="2" OutputType="int64"/>
			<SYNCID SourceSize="4" OutputType="int64"/>
			<MIDAMBLE_CODE SourceSize="4" OutputType="int64"/>
			<PCCPCH_RSCP SourceSize="4" OutputType="double"/>
			<PCCPCH_ISCP SourceSize="4" OutputType="double"/>
			<PCCPCH_SIR SourceSize="4" OutputType="double"/>
			<PCCPCH_CI SourceSize="4" OutputType="double"/>
			<TIMING SourceSize="4" OutputType="int64"/>
			<PCCPCH_ECIO SourceSize="4" OutputType="double"/>
			<FRAME_RSSI_5MS SourceSize="4" OutputType="double"/>
			<DELAY_SPREAD SourceSize="4" OutputType="int64"/>
			<BLER SourceSize="4" OutputType="double"/>
		</BLOCK>
	</SCANNER_PCCPCH>
	<!--=========Scanner-DwPTS(0x7E000042)=========-->
	<SCANNER_DWPTS ID="0x7E000042">
		<COUNT SourceSize="2" OutputType="int"/>
		<BLOCK Count="COUNT">
			<CHANNEL SourceSize="2" OutputType="int64"/>
			<SYNCID SourceSize="4" OutputType="int64"/>
			<MIDAMBLE_CODE SourceSize="4" OutputType="int64"/>
			<RSCP SourceSize="4" OutputType="double"/>
			<ISCP SourceSize="4" OutputType="double"/>
			<SIR SourceSize="4" OutputType="double"/>
			<CI SourceSize="4" OutputType="double"/>
			<TIMING SourceSize="4" OutputType="int64"/>
			<ECIO SourceSize="4" OutputType="double"/>
			<DWPTS_RSSI SourceSize="4" OutputType="double"/>
			<UPPTS_RSSI SourceSize="4" OutputType="double"/>
		</BLOCK>
	</SCANNER_DWPTS>
	<!--=========Scanner-TimeSlot(0x7E000044)=========-->
	<SCANNER_TIMESLOT ID="0x7E000044">
		<COUNT SourceSize="2" OutputType="int"/>
		<BLOCK Count="COUNT">
			<CHANNEL SourceSize="2" OutputType="int64"/>
			<SYNCID SourceSize="4" OutputType="int64"/>
			<MIDAMBLE_CODE SourceSize="4" OutputType="int64"/>
			<RSSI0 SourceSize="4" OutputType="double"/>
			<RSSI1 SourceSize="4" OutputType="double"/>
			<RSSI2 SourceSize="4" OutputType="double"/>
			<RSSI3 SourceSize="4" OutputType="double"/>
			<RSSI4 SourceSize="4" OutputType="double"/>
			<RSSI5 SourceSize="4" OutputType="double"/>
			<RSSI6 SourceSize="4" OutputType="double"/>
			<RSSI7 SourceSize="4" OutputType="double"/>
			<ISCP0 SourceSize="4" OutputType="double"/>
			<ISCP1 SourceSize="4" OutputType="double"/>
			<ISCP2 SourceSize="4" OutputType="double"/>
			<ISCP3 SourceSize="4" OutputType="double"/>
			<ISCP4 SourceSize="4" OutputType="double"/>
			<ISCP5 SourceSize="4" OutputType="double"/>
			<ISCP6 SourceSize="4" OutputType="double"/>
			<ISCP7 SourceSize="4" OutputType="double"/>
			<TIMESLOT_COUNT SourceSize="2" OutputType="int"/>
			<TIMESLOT_DATA Count="BLOCK.TIMESLOT_COUNT">
				<NUMBER SourceSize="1" OutputType="int64"/>
				<RSCP SourceSize="4" OutputType="double"/>
				<CI SourceSize="4" OutputType="double"/>
				<SIR SourceSize="4" OutputType="double"/>
				<ISCP SourceSize="4" OutputType="double"/>
				<ECIO SourceSize="4" OutputType="double"/>
				<RSSI SourceSize="4" OutputType="double"/>
			</TIMESLOT_DATA>
		</BLOCK>
	</SCANNER_TIMESLOT>
	<!--=========Scanner-VectorSignal(0x7E000046)=========-->
	<SCANNER_VECTORSIGNAL ID="0x7E000046">
		<COUNT SourceSize="2" OutputType="int"/>
		<BLOCK Count="COUNT">
			<TAG SourceSize="1" OutputType="int64"/>
			<CHANNEL SourceSize="4" OutputType="int64"/>
			<MIDAMBLE_CODE SourceSize="4" OutputType="int64"/>
			<BLER SourceSize="4" OutputType="double"/>
			<RSCP SourceSize="4" OutputType="double"/>
			<ISCP SourceSize="4" OutputType="double"/>
			<EVM SourceSize="4" OutputType="double"/>
			<CI SourceSize="4" OutputType="double"/>
			<EVM_COUNT SourceSize="4" OutputType="int"/>
			<EVM_DATA Count="BLOCK.EVM_COUNT">
				<R_VALUE SourceSize="4" OutputType="double"/>
				<I_VALUE SourceSize="4" OutputType="double"/>
			</EVM_DATA>
			<CODE_DOMAIN_COUNT SourceSize="4" OutputType="int"/>
			<CODE_DOMAIN_DATA Count="BLOCK.CODE_DOMAIN_COUNT">
				<STATUS SourceSize="1" OutputType="int"/>
				<FRSCP SourceSize="4" OutputType="double"/>
			</CODE_DOMAIN_DATA>
		</BLOCK>
	</SCANNER_VECTORSIGNAL>
	<!--=========Scanner-PCTELMX(0x7E00006F)=========-->
	<SCANNER_PCTELMX ID="0x7E00006F">
		<NUM_ANTENNA_COUNT SourceSize="4" OutputType="int"/>
		<ANTENNA_RSSI_DATA Count="NUM_ANTENNA_COUNT">
			<PORT_RSSI SourceSize="4" OutputType="double"/>
		</ANTENNA_RSSI_DATA>
		<COUNT SourceSize="2" OutputType="int"/>
		<MXBLOCK Count="COUNT">
			<BAND SourceSize="2" OutputType="int64"/>
			<RBW SourceSize="4" OutputType="int64"/>
			<EARFCN SourceSize="4" OutputType="int64"/>
			<SYNC_BLOCK_COUNT SourceSize="2" OutputType="int"/>
			<SYNC_BLOCK Count="MXBLOCK.SYNC_BLOCK_COUNT">
				<SYNC_EARFCN SourceSize="2" OutputType="int64"/>
				<SYNC_CELLID SourceSize="4" OutputType="int64"/>
				<SYNC_UNIQUEID SourceSize="2" OutputType="int64"/>
				<SYNC_CPTYPE SourceSize="1" OutputType="int64"/>
				<SYNC_TXANTENNAPORT SourceSize="1" OutputType="int64"/>
				<SYNC_TIMEOFFSET SourceSize="4" OutputType="int64"/>
				<PSCH_RP SourceSize="4" OutputType="double"/>
				<PSCH_RQ SourceSize="4" OutputType="double"/>
				<PSCH_CINR SourceSize="4" OutputType="double"/>
				<SSCH_RP SourceSize="4" OutputType="double"/>
				<SSCH_RQ SourceSize="4" OutputType="double"/>
				<SSCH_CINR SourceSize="4" OutputType="double"/>
				<BCH_RP SourceSize="4" OutputType="double"/>
				<BCH_RQ SourceSize="4" OutputType="double"/>
				<BCH_CINR SourceSize="4" OutputType="double"/>
				<BCH_BLER SourceSize="4" OutputType="double"/>
				<SYSTEM_COUNT SourceSize="2" OutputType="int"/>
				<SYSTEM_INFO Count="MXBLOCK.SYNC_BLOCK.SYSTEM_COUNT">
					<MESSAGE_TYPE SourceSize="4" OutputType="int64"/>
					<MESSAGE_LEN SourceSize="4" OutputType="int"/>
					<MESSAGE_DATA Count="MXBLOCK.SYNC_BLOCK.SYSTEM_INFO.MESSAGE_LEN">
						<STREAM SourceSize="1" OutputType="int64"/>
					</MESSAGE_DATA>
				</SYSTEM_INFO>
			</SYNC_BLOCK>
			<REF_BLOCK_COUNT SourceSize="2" OutputType="int"/>
			<REF_BLOCK Count="MXBLOCK.REF_BLOCK_COUNT">
				<REF_EARFCN SourceSize="2" OutputType="int64"/>
				<REF_CELLID SourceSize="4" OutputType="int64"/>
				<REF_UNIQUEID SourceSize="2" OutputType="int64"/>
				<REF_CPTYPE SourceSize="1" OutputType="int64"/>
				<REF_TXANTENNAPORT SourceSize="1" OutputType="int64"/>
				<REF_TIMEOFFSET SourceSize="4" OutputType="int64"/>
				<REF_RSRP SourceSize="4" OutputType="double"/>
				<REF_RSRQ SourceSize="4" OutputType="double"/>
				<REF_RSCINR SourceSize="4" OutputType="double"/>
				<TIMING_COUNT SourceSize="2" OutputType="int"/>
				<TIMING_DATA Count="MXBLOCK.REF_BLOCK.TIMING_COUNT">
					<PATHINDEX SourceSize="2" OutputType="int64"/>
					<TIMEOFFSET SourceSize="4" OutputType="int64"/>
					<DELAYSPREAD SourceSize="4" OutputType="int64"/>
				</TIMING_DATA>
				<RF_PATH_COUNT SourceSize="2" OutputType="int"/>
				<RF_PATH_DATA Count="MXBLOCK.REF_BLOCK.RF_PATH_COUNT">
					<RF_PATH_INDEX SourceSize="2" OutputType="int64"/>
					<RF_RSRP SourceSize="4" OutputType="double"/>
					<RF_RSRQ SourceSize="4" OutputType="double"/>
					<RF_RSCINR SourceSize="4" OutputType="double"/>
				</RF_PATH_DATA>
				<SUB_BAND_START SourceSize="2" OutputType="int64"/>
				<NUM_OF_SUB_BANDS SourceSize="2" OutputType="int64"/>
				<SUB_BAND_SIZE SourceSize="2" OutputType="int64"/>
				<SUB_BAND_BLOCK_COUNT SourceSize="2" OutputType="int"/>
				<SUB_BAND_BLOCK_DATA Count="MXBLOCK.REF_BLOCK.SUB_BAND_BLOCK_COUNT">
					<SUB_BAND_INDEX SourceSize="2" OutputType="int64"/>
					<SUB_RSRP SourceSize="4" OutputType="double"/>
					<SUB_RSRQ SourceSize="4" OutputType="double"/>
					<SUB_RSCINR SourceSize="4" OutputType="double"/>
					<SUB_RF_PATH_COUNT SourceSize="2" OutputType="int"/>
					<SUB_RF_PATH_DATA Count="MXBLOCK.REF_BLOCK.SUB_BAND_BLOCK_DATA.SUB_RF_PATH_COUNT">
						<SUB_PATH_INDEX SourceSize="2" OutputType="int64"/>
						<SUB_RF_RSRP SourceSize="4" OutputType="double"/>
						<SUB_RF_RSRQ SourceSize="4" OutputType="double"/>
						<SUB_RF_RSCINR SourceSize="4" OutputType="double"/>
					</SUB_RF_PATH_DATA>
				</SUB_BAND_BLOCK_DATA>
				<PTSSYMBOL SourceSize="1" OutputType="int64"/>
				<ULDLCONFIG SourceSize="1" OutputType="int64"/>
			</REF_BLOCK>
		</MXBLOCK>
	</SCANNER_PCTELMX>
	<!--=========Scanner-EnRs(0x7E000086)=========-->
	<SCANNER_ENRS ID="0x7E000086">
		<COUNT SourceSize="2" OutputType="int"/>
		<BLOCK Count="COUNT">
			<ANTENNA_PORT SourceSize="1" OutputType="int64"/>
			<EARFCN SourceSize="4" OutputType="int64"/>
			<PCI SourceSize="2" OutputType="int64"/>
			<RSSI SourceSize="4" OutputType="double"/>
			<RP SourceSize="4" OutputType="double"/>
			<RQ SourceSize="4" OutputType="double"/>
			<FTIMING SourceSize="4" OutputType="double"/>
			<TIME_OFFSET SourceSize="4" OutputType="int64"/>
			<CINR SourceSize="4" OutputType="double"/>
			<MULTI_PATH_COUNT SourceSize="4" OutputType="int"/>
			<MULTI_PATH_DATA Count="BLOCK.MULTI_PATH_COUNT">
				<TIMING SourceSize="2" OutputType="int62"/>
				<FRSSI SourceSize="4" OutputType="double"/>
			</MULTI_PATH_DATA>
		</BLOCK>
	</SCANNER_ENRS>
	<!--=========Scanner-PCTEL_ColorCode(0x7E01000C)=========-->
	<SCANNER_PCTEL_COLORCODE ID="0x7E01000C">
		<NEWID SourceSize="1" OutputType="int64"/>
		<DEVICE_ID SourceSize="1" OutputType="int64"/>
		<FRAME_TYPE SourceSize="1" OutputType="int64"/>
		<OPCODE SourceSize="2" OutputType="int64"/>
		<STATUS SourceSize="2" OutputType="int64"/>
		<LOOPCOUNT SourceSize="1" OutputType="int64"/>
		<OUTPUTMODE SourceSize="1" OutputType="int64"/>
		<SCANNUMBER SourceSize="2" OutputType="int64"/>
		<BANDCODE SourceSize="2" OutputType="int64"/>
		<PROTOCOLCODE SourceSize="2" OutputType="int64"/>
		<DATAMODE SourceSize="2" OutputType="int64" MustRead="True"/>
		<RSSITHRESHOLD SourceSize="2" OutputType="int64" Scale="100"/>
		<MESSAGETYPE SourceSize="2" OutputType="int64"/>
		<MULTIPLECOLORCODE SourceSize="1" OutputType="int64"/>
		<COLLECTIONMODE SourceSize="1" OutputType="int64"/>
		<DWELLINGTIME SourceSize="4" OutputType="int64"/>
		<RESERVED1 SourceSize="4" OutputType="int64"/>
		<RESERVED2 SourceSize="1" OutputType="int64"/>
		<NUMOFUNIQUECHANNEL SourceSize="1" OutputType="int64"/>
		<NUMOFCHANNELS SourceSize="1" OutputType="int"/>
		<RESERVED3 SourceSize="1" OutputType="int64"/>
		<BLOCK Count="NUMOFCHANNELS">
			<CHANNEL SourceSize="2" OutputType="int64"/>
			<STATUS SourceSize="1" OutputType="int64"/>
			<RESERVED1 SourceSize="1" OutputType="int64"/>
			<RSSI SourceSize="2" OutputType="int64" Scale="100"/>
			<RESERVED2 SourceSize="2" OutputType="int64"/>
			<NUMOFCODECODE SourceSize="1" OutputType="int64" MustRead="True"/>
			<RESERVED3 SourceSize="1" OutputType="int64"/>
			<MESSAGETYPE SourceSize="2" OutputType="int64" Expression="NUMOFCODECODE=1"/>
			<BSIC SourceSize="2" OutputType="int64" Expression="NUMOFCODECODE=1 and DATAMODE=2 or DATAMODE=514"/>
			<CI SourceSize="2" OutputType="int64" Expression="NUMOFCODECODE=1 and DATAMODE=512 or DATAMODE=514"/>
		</BLOCK>
	</SCANNER_PCTEL_COLORCODE>
	<!--=========NewScanner-CW(0x0001)=========-->
	<NEWSCANNER_CW ID="0x0001">
		<BLOCK LayerID="1" ServiceID="0x0001">
			<RBW SourceSize="8" OutputType="int64"/>
			<BAND SourceSize="4" OutputType="int64"/>
			<CHANNEL SourceSize="4" OutputType="int64"/>
			<RSSI SourceSize="4" OutputType="double"/>
			<NETTYPE SourceSize="4" OutputType="int64"/>
		</BLOCK>
	</NEWSCANNER_CW>
	<!--=========NewScanner-Spectrum(0x0002)=========-->
	<NEWSCANNER_SPECTRUM ID="0x0002">
		<BLOCK LayerID="1" ServiceID="0x0002">
			<BAND SourceSize="4" OutputType="int64"/>
			<START_FREQUENCY SourceSize="8" OutputType="int64"/>
			<RBW SourceSize="8" OutputType="int64"/>
			<RSSI_DATA LayerID="2" ServiceID="0x0002">
				<RSSI SourceSize="4" OutputType="double"/>
			</RSSI_DATA>
		</BLOCK>
	</NEWSCANNER_SPECTRUM>
	<!--=========NewScanner-Polling(0x0007)=========-->
	<NEWSCANNER_POLLING ID="0x0007">
		<INFO LayerID="1" ServiceID="0x0007">
			<EARFCN SourceSize="4" OutputType="int64"/>
			<PCI SourceSize="4" OutputType="int64"/>
			<RSSI SourceSize="4" OutputType="double"/>
			<RP SourceSize="4" OutputType="double"/>
			<RQ SourceSize="4" OutputType="double"/>
			<CINR SourceSize="4" OutputType="double"/>
			<TIMEOFFSET SourceSize="4" OutputType="int64"/>
			<DELAYSPREAD SourceSize="4" OutputType="int64"/>
			<MNC SourceSize="4" OutputType="int64"/>
			<MCC SourceSize="4" OutputType="int64"/>
		</INFO>
	</NEWSCANNER_POLLING>
	<!--=========NewScanner-ColorCode(0x1001)=========-->
	<NEWSCANNER_COLORCODE ID="0x1001">
		<BLOCK LayerID="1" ServiceID="0x1001">
			<CHANNEL SourceSize="4" OutputType="int64"/>
			<BSIC SourceSize="4" OutputType="int64"/>
			<TFN SourceSize="4" OutputType="int64"/>
			<BAND SourceSize="4" OutputType="int64"/>
			<LAC SourceSize="4" OutputType="int64"/>
			<CELLID SourceSize="4" OutputType="int64"/>
			<MNC SourceSize="4" OutputType="int64"/>
			<MCC SourceSize="4" OutputType="int64"/>
			<CI SourceSize="4" OutputType="double"/>
			<RSSI SourceSize="4" OutputType="double"/>
			<FREQOFFSET SourceSize="4" OutputType="double"/>
		</BLOCK>
	</NEWSCANNER_COLORCODE>
	<!--=========NewScanner-Pilot-PSS(0x5002)=========-->
	<NEWSCANNER_PILOT_PSS ID="0x5002">
		<INFO LayerID="1" ServiceID="0x5002">
			<EARFCN SourceSize="4" OutputType="int64"/>
			<PCI SourceSize="4" OutputType="int64"/>
			<RSSI SourceSize="4" OutputType="double"/>
			<RP SourceSize="4" OutputType="double"/>
			<RQ SourceSize="4" OutputType="double"/>
			<CINR SourceSize="4" OutputType="double"/>
			<TIMEOFFSET SourceSize="4" OutputType="int64"/>
		</INFO>
	</NEWSCANNER_PILOT_PSS>
	<!--=========NewScanner-Pilot-SSS(0x5003)=========-->
	<NEWSCANNER_PILOT_SSS ID="0x5003">
		<INFO LayerID="1" ServiceID="0x5003">
			<EARFCN SourceSize="4" OutputType="int64"/>
			<PCI SourceSize="4" OutputType="int64"/>
			<RSSI SourceSize="4" OutputType="double"/>
			<RP SourceSize="4" OutputType="double"/>
			<RQ SourceSize="4" OutputType="double"/>
			<CINR SourceSize="4" OutputType="double"/>
			<TIMEOFFSET SourceSize="4" OutputType="int64"/>
		</INFO>
	</NEWSCANNER_PILOT_SSS>
	<!--=========NewScanner-Pilot-RS(0x5004)=========-->
	<NEWSCANNER_PILOT_RS ID="0x5004">
		<INFO LayerID="1" ServiceID="0x5004">
			<EARFCN SourceSize="4" OutputType="int64"/>
			<PCI SourceSize="4" OutputType="int64"/>
			<RSSI SourceSize="4" OutputType="double"/>
			<RP SourceSize="4" OutputType="double"/>
			<RQ SourceSize="4" OutputType="double"/>
			<CINR SourceSize="4" OutputType="double"/>
			<TIMEOFFSET SourceSize="4" OutputType="int64"/>
			<DELAYSPREAD SourceSize="4" OutputType="int64"/>
			<MNC SourceSize="4" OutputType="int64"/>
			<MCC SourceSize="4" OutputType="int64"/>
		</INFO>
	</NEWSCANNER_PILOT_RS>
	<!--=========NewScanner-Pilot-PDCCH(0x5005)=========-->
	<NEWSCANNER_PILOT_PDCCH ID="0x5005">
		<INFO LayerID="1" ServiceID="0x5005">
			<EARFCN SourceSize="4" OutputType="int64"/>
			<PCI SourceSize="4" OutputType="int64"/>
			<RSSI SourceSize="4" OutputType="double"/>
			<RP SourceSize="4" OutputType="double"/>
			<RQ SourceSize="4" OutputType="double"/>
			<CINR SourceSize="4" OutputType="double"/>
			<TIMEOFFSET SourceSize="4" OutputType="int64"/>
		</INFO>
	</NEWSCANNER_PILOT_PDCCH>
	<!--=========NewScanner-Pilot-PDSCH(0x5006)=========-->
	<NEWSCANNER_PILOT_PDSCH ID="0x5006">
		<INFO LayerID="1" ServiceID="0x5006">
			<EARFCN SourceSize="4" OutputType="int64"/>
			<PCI SourceSize="4" OutputType="int64"/>
			<RSSI SourceSize="4" OutputType="double"/>
			<RP SourceSize="4" OutputType="double"/>
			<RQ SourceSize="4" OutputType="double"/>
			<CINR SourceSize="4" OutputType="double"/>
			<TIMEOFFSET SourceSize="4" OutputType="int64"/>
		</INFO>
	</NEWSCANNER_PILOT_PDSCH>
	<!--=========NewScanner-Pilot-PBCH(0x5007)=========-->
	<NEWSCANNER_PILOT_PBCH ID="0x5007">
		<INFO LayerID="1" ServiceID="0x5007">
			<EARFCN SourceSize="4" OutputType="int64"/>
			<PCI SourceSize="4" OutputType="int64"/>
			<RSSI SourceSize="4" OutputType="double"/>
			<RP SourceSize="4" OutputType="double"/>
			<RQ SourceSize="4" OutputType="double"/>
			<CINR SourceSize="4" OutputType="double"/>
			<TIMEOFFSET SourceSize="4" OutputType="int64"/>
		</INFO>
	</NEWSCANNER_PILOT_PBCH>
	<!--=========NewScanner-Pilot-NB-PSS(0x6002)=========-->
	<NEWSCANNER_PILOT_NB_PSS ID="0x6002">
		<INFO LayerID="1" ServiceID="0x6002">
			<EARFCN SourceSize="4" OutputType="int64"/>
			<PCI SourceSize="4" OutputType="int64"/>
			<RSSI SourceSize="4" OutputType="double"/>
			<RP SourceSize="4" OutputType="double"/>
			<RQ SourceSize="4" OutputType="double"/>
			<CINR SourceSize="4" OutputType="double"/>
			<TIMEOFFSET SourceSize="4" OutputType="int64"/>
		</INFO>
	</NEWSCANNER_PILOT_NB_PSS>
	<!--=========NewScanner-Pilot-NB-SSS(0x6003)=========-->
	<NEWSCANNER_PILOT_NB_SSS ID="0x6003">
		<INFO LayerID="1" ServiceID="0x6003">
			<EARFCN SourceSize="4" OutputType="int64"/>
			<PCI SourceSize="4" OutputType="int64"/>
			<RSSI SourceSize="4" OutputType="double"/>
			<RP SourceSize="4" OutputType="double"/>
			<RQ SourceSize="4" OutputType="double"/>
			<CINR SourceSize="4" OutputType="double"/>
			<TIMEOFFSET SourceSize="4" OutputType="int64"/>
		</INFO>
	</NEWSCANNER_PILOT_NB_SSS>
	<!--=========NewScanner-Pilot-NB-RS(0x6004)=========-->
	<NEWSCANNER_PILOT_NB_RS ID="0x6004">
		<INFO LayerID="1" ServiceID="0x6004">
			<EARFCN SourceSize="4" OutputType="int64"/>
			<PCI SourceSize="4" OutputType="int64"/>
			<RSSI SourceSize="4" OutputType="double"/>
			<RP SourceSize="4" OutputType="double"/>
			<RQ SourceSize="4" OutputType="double"/>
			<CINR SourceSize="4" OutputType="double"/>
			<TIMEOFFSET SourceSize="4" OutputType="int64"/>
			<DELAYSPREAD SourceSize="4" OutputType="int64"/>
		</INFO>
	</NEWSCANNER_PILOT_NB_RS>
	<!--=========NewHandset-PDPInfo(0x8000)=========-->
	<NEWHANDSET_PDPINFO ID="0x8000">
		<INFO LayerID="1" ServiceID="0x8000">
			<DELAY_CLASS SourceSize="4" OutputType="int64"/>
			<RELIABILITY_CLASS SourceSize="4" OutputType="int64"/>
			<PEAK_THROUGHPUT SourceSize="4" OutputType="int64"/>
			<PRECEDENCE_CLASS SourceSize="4" OutputType="int64"/>
			<MEAN_THROUGHPUT SourceSize="4" OutputType="int64"/>
			<IP SourceSize="8" OutputType="ip"/>
			<RADIO_PRIORITY SourceSize="4" OutputType="int64"/>
			<LLC_SAPI SourceSize="4" OutputType="int64"/>
			<UL_MAX_BIT_RATE SourceSize="4" OutputType="int64"/>
			<DL_MAX_BIT_RATE SourceSize="4" OutputType="int64"/>
			<UL_GUARANTE_BIT_RATE SourceSize="4" OutputType="int64"/>
			<DL_GUARANTE_BIT_RATE SourceSize="4" OutputType="int64"/>
			<MAX_SDU_SIZE SourceSize="4" OutputType="int64"/>
		</INFO>
	</NEWHANDSET_PDPINFO>
	<!--=========NewHandset-SMSInfo(0x8001)=========-->
	<NEWHANDSET_SMSINFO ID="0x8001">
		<INFO LayerID="1" ServiceID="0x8001">
			<TYPE SourceSize="4" OutputType="int64"/>
			<REFERENCE_NUM SourceSize="4" OutputType="int64"/>
			<CONTENT_DATA_LEN SourceSize="4" OutputType="int64"/>
			<CONTENT_DATA SourceSize="1000" OutputType="string" Count="1000"/>
			<CENTER_DIR SourceSize="4" OutputType="int64"/>
			<CENTER_NUM SourceSize="4" OutputType="string" Count="100"/>
			<DIGIT_NUM_DIR SourceSize="4" OutputType="int64"/>
			<DIGIT_NUM SourceSize="4" OutputType="string" Count="100"/>
		</INFO>
	</NEWHANDSET_SMSINFO>
	<!--=========NewHandset-IPAddressInfo(0x8003)=========-->
	<NEWHANDSET_IPADDRESSINFO ID="0x8003">
		<INFO LayerID="1" ServiceID="0x8003">
			<NETTYPE SourceSize="4" OutputType="int64"/>
			<IPV4 SourceSize="64" OutputType="string" Count="64"/>
			<IPV6 SourceSize="256" OutputType="string" Count="256"/>
		</INFO>
	</NEWHANDSET_IPADDRESSINFO>
	<!--=========NewHandset-UEInfomation(0x8004)=========-->
	<NEWHANDSET_UE_INFORMATION ID="0x8004">
		<INFO LayerID="1" ServiceID="0x8004">
			<UE_TYPE SourceSize="4" OutputType="int64"/>
			<UE_INFO_LEN SourceSize="4" OutputType="int64"/>
			<UE_INFO_DATA SourceSize="100" OutputType="string" Count="100"/>
		</INFO>
	</NEWHANDSET_UE_INFORMATION>
	<!--=========NewHandset-LTE_DL_MCS_STAT(0xD008)=========-->
	<NEWHANDSET_LTE_DL_MCS_STAT ID="0xD008">
		<INFO LayerID="1" ServiceID="0xD008">
			<CELL_INDEX SourceSize="1" OutputType="int64"/>
			<CODE0_MSC1 SourceSize="2" OutputType="int64"/>
			<CODE0_MSC2 SourceSize="2" OutputType="int64"/>
			<CODE0_MSC3 SourceSize="2" OutputType="int64"/>
			<CODE0_MSC4 SourceSize="2" OutputType="int64"/>
			<CODE0_MSC5 SourceSize="2" OutputType="int64"/>
			<CODE0_MSC6 SourceSize="2" OutputType="int64"/>
			<CODE0_MSC7 SourceSize="2" OutputType="int64"/>
			<CODE0_MSC8 SourceSize="2" OutputType="int64"/>
			<CODE0_MSC9 SourceSize="2" OutputType="int64"/>
			<CODE0_MSC10 SourceSize="2" OutputType="int64"/>
			<CODE0_MSC11 SourceSize="2" OutputType="int64"/>
			<CODE0_MSC12 SourceSize="2" OutputType="int64"/>
			<CODE0_MSC13 SourceSize="2" OutputType="int64"/>
			<CODE0_MSC14 SourceSize="2" OutputType="int64"/>
			<CODE0_MSC15 SourceSize="2" OutputType="int64"/>
			<CODE0_MSC16 SourceSize="2" OutputType="int64"/>
			<CODE0_MSC17 SourceSize="2" OutputType="int64"/>
			<CODE0_MSC18 SourceSize="2" OutputType="int64"/>
			<CODE0_MSC19 SourceSize="2" OutputType="int64"/>
			<CODE0_MSC20 SourceSize="2" OutputType="int64"/>
			<CODE0_MSC21 SourceSize="2" OutputType="int64"/>
			<CODE0_MSC22 SourceSize="2" OutputType="int64"/>
			<CODE0_MSC23 SourceSize="2" OutputType="int64"/>
			<CODE0_MSC24 SourceSize="2" OutputType="int64"/>
			<CODE0_MSC25 SourceSize="2" OutputType="int64"/>
			<CODE0_MSC26 SourceSize="2" OutputType="int64"/>
			<CODE0_MSC27 SourceSize="2" OutputType="int64"/>
			<CODE0_MSC28 SourceSize="2" OutputType="int64"/>
			<CODE0_MSC29 SourceSize="2" OutputType="int64"/>
			<CODE0_MSC30 SourceSize="2" OutputType="int64"/>
			<CODE0_MSC31 SourceSize="2" OutputType="int64"/>
			<CODE0_MSC32 SourceSize="2" OutputType="int64"/>
			<CODE1_MSC1 SourceSize="2" OutputType="int64"/>
			<CODE1_MSC2 SourceSize="2" OutputType="int64"/>
			<CODE1_MSC3 SourceSize="2" OutputType="int64"/>
			<CODE1_MSC4 SourceSize="2" OutputType="int64"/>
			<CODE1_MSC5 SourceSize="2" OutputType="int64"/>
			<CODE1_MSC6 SourceSize="2" OutputType="int64"/>
			<CODE1_MSC7 SourceSize="2" OutputType="int64"/>
			<CODE1_MSC8 SourceSize="2" OutputType="int64"/>
			<CODE1_MSC9 SourceSize="2" OutputType="int64"/>
			<CODE1_MSC10 SourceSize="2" OutputType="int64"/>
			<CODE1_MSC11 SourceSize="2" OutputType="int64"/>
			<CODE1_MSC12 SourceSize="2" OutputType="int64"/>
			<CODE1_MSC13 SourceSize="2" OutputType="int64"/>
			<CODE1_MSC14 SourceSize="2" OutputType="int64"/>
			<CODE1_MSC15 SourceSize="2" OutputType="int64"/>
			<CODE1_MSC16 SourceSize="2" OutputType="int64"/>
			<CODE1_MSC17 SourceSize="2" OutputType="int64"/>
			<CODE1_MSC18 SourceSize="2" OutputType="int64"/>
			<CODE1_MSC19 SourceSize="2" OutputType="int64"/>
			<CODE1_MSC20 SourceSize="2" OutputType="int64"/>
			<CODE1_MSC21 SourceSize="2" OutputType="int64"/>
			<CODE1_MSC22 SourceSize="2" OutputType="int64"/>
			<CODE1_MSC23 SourceSize="2" OutputType="int64"/>
			<CODE1_MSC24 SourceSize="2" OutputType="int64"/>
			<CODE1_MSC25 SourceSize="2" OutputType="int64"/>
			<CODE1_MSC26 SourceSize="2" OutputType="int64"/>
			<CODE1_MSC27 SourceSize="2" OutputType="int64"/>
			<CODE1_MSC28 SourceSize="2" OutputType="int64"/>
			<CODE1_MSC29 SourceSize="2" OutputType="int64"/>
			<CODE1_MSC30 SourceSize="2" OutputType="int64"/>
			<CODE1_MSC31 SourceSize="2" OutputType="int64"/>
			<CODE1_MSC32 SourceSize="2" OutputType="int64"/>
		</INFO>
	</NEWHANDSET_LTE_DL_MCS_STAT>
	<!--=========NewHandset-LTE_UL_MCS_STAT(0xD00C)=========-->
	<NEWHANDSET_LTE_UL_MCS_STAT ID="0xD00C">
		<INFO LayerID="1" ServiceID="0xD00C">
			<CELL_INDEX SourceSize="1" OutputType="int64"/>
			<CODE_MSC1 SourceSize="4" OutputType="int64"/>
			<CODE_MSC2 SourceSize="4" OutputType="int64"/>
			<CODE_MSC3 SourceSize="4" OutputType="int64"/>
			<CODE_MSC4 SourceSize="4" OutputType="int64"/>
			<CODE_MSC5 SourceSize="4" OutputType="int64"/>
			<CODE_MSC6 SourceSize="4" OutputType="int64"/>
			<CODE_MSC7 SourceSize="4" OutputType="int64"/>
			<CODE_MSC8 SourceSize="4" OutputType="int64"/>
			<CODE_MSC9 SourceSize="4" OutputType="int64"/>
			<CODE_MSC10 SourceSize="4" OutputType="int64"/>
			<CODE_MSC11 SourceSize="4" OutputType="int64"/>
			<CODE_MSC12 SourceSize="4" OutputType="int64"/>
			<CODE_MSC13 SourceSize="4" OutputType="int64"/>
			<CODE_MSC14 SourceSize="4" OutputType="int64"/>
			<CODE_MSC15 SourceSize="4" OutputType="int64"/>
			<CODE_MSC16 SourceSize="4" OutputType="int64"/>
			<CODE_MSC17 SourceSize="4" OutputType="int64"/>
			<CODE_MSC18 SourceSize="4" OutputType="int64"/>
			<CODE_MSC19 SourceSize="4" OutputType="int64"/>
			<CODE_MSC20 SourceSize="4" OutputType="int64"/>
			<CODE_MSC21 SourceSize="4" OutputType="int64"/>
			<CODE_MSC22 SourceSize="4" OutputType="int64"/>
			<CODE_MSC23 SourceSize="4" OutputType="int64"/>
			<CODE_MSC24 SourceSize="4" OutputType="int64"/>
			<CODE_MSC25 SourceSize="4" OutputType="int64"/>
			<CODE_MSC26 SourceSize="4" OutputType="int64"/>
			<CODE_MSC27 SourceSize="4" OutputType="int64"/>
			<CODE_MSC28 SourceSize="4" OutputType="int64"/>
			<CODE_MSC29 SourceSize="4" OutputType="int64"/>
			<CODE_MSC30 SourceSize="4" OutputType="int64"/>
			<CODE_MSC31 SourceSize="4" OutputType="int64"/>
			<CODE_MSC32 SourceSize="4" OutputType="int64"/>
		</INFO>
	</NEWHANDSET_LTE_UL_MCS_STAT>
</Structs>
